sample,obs_time_s,next_obs_time_s,start_tick,end_tick,robot_0.base_forward_velocity,robot_0.base_left_velocity,robot_0.base_yaw_velocity,robot_0.lift_velocity,robot_0.arm_extension_velocity,robot_0.wrist_yaw_velocity,robot_0.wrist_pitch_velocity,robot_0.wrist_roll_velocity,robot_0.gripper_command,robot_1.base_forward_velocity,robot_1.base_left_velocity,robot_1.base_yaw_velocity,robot_1.lift_velocity,robot_1.arm_extension_velocity,robot_1.wrist_yaw_velocity,robot_1.wrist_pitch_velocity,robot_1.wrist_roll_velocity,robot_1.gripper_command
0,0.008333333767950535,0.058333336375653744,0,12,0.0,-0.0,0.0,0.0,0.0,0.0,0.0,0.0,0.0,0.0,-0.0,0.0,0.0,0.0,0.0,0.0,0.0,0.0
1,0.058333336375653744,0.10833333898335695,12,24,0.0,-0.0,0.0,0.0,0.0,0.0,0.0,0.0,0.0,0.0,-0.0,0.0,0.0,0.0,0.0,0.0,0.0,0.0
2,0.10833333898335695,0.15833334159106016,24,36,0.0,-0.0,0.0,0.0,0.0,0.0,0.0,0.0,0.0,0.0,-0.0,0.0,0.0,0.0,0.0,0.0,0.0,0.0
3,0.15833334159106016,0.20833334419876337,36,48,0.0,-0.0,0.0,0.0,0.0,0.0,0.0,0.0,0.0,0.0,-0.0,0.0,0.0,0.0,0.0,0.0,0.0,0.0
4,0.20833334419876337,0.2583333468064666,48,60,1.0,-1.0,0.0,0.0,0.0,0.0,0.0,0.0,0.0,0.0,-0.0,0.0,0.0,0.0,0.0,0.0,0.0,0.0
5,0.2583333468064666,0.3083333494141698,60,72,1.0,-1.0,0.0,0.0,0.0,0.0,0.0,0.0,0.0,0.0,-0.0,0.0,0.0,0.0,0.0,0.0,0.0,0.0
6,0.3083333494141698,0.358333352021873,72,84,1.0,-1.0,0.0,0.0,0.0,0.0,0.0,0.0,0.0,0.0,-0.0,0.0,0.0,0.0,0.0,0.0,0.0,0.0
7,0.358333352021873,0.4083333546295762,84,96,1.0,-1.0,0.0,0.0,0.0,0.0,0.0,0.0,0.0,0.0,-0.0,0.0,0.0,0.0,0.0,0.0,0.0,0.0
8,0.4083333546295762,0.4583333572372794,96,108,1.0,-1.0,0.0,0.0,0.0,0.0,0.0,0.0,0.0,0.0,-0.0,0.0,0.0,0.0,0.0,0.0,0.0,0.0
9,0.4583333572372794,0.5083333598449826,108,120,1.0,-1.0,0.0,0.0,0.0,0.0,0.0,0.0,0.0,0.0,-0.0,0.0,0.0,0.0,0.0,0.0,0.0,0.0
10,0.5083333598449826,0.5583333624526858,120,132,1.0,-1.0,0.0,0.0,0.0,0.0,0.0,0.0,0.0,0.0,-0.0,0.0,0.0,0.0,0.0,0.0,0.0,0.0
11,0.5583333624526858,0.608333365060389,132,144,1.0,-1.0,0.0,0.0,0.0,0.0,0.0,0.0,0.0,0.0,-0.0,0.0,0.0,0.0,0.0,0.0,0.0,0.0
12,0.608333365060389,0.6583333676680923,144,156,0.0,-1.0,0.0,0.0,0.0,0.0,0.0,0.0,0.0,0.0,-0.0,0.0,0.0,0.0,0.0,0.0,0.0,0.0
13,0.6583333676680923,0.7083333702757955,156,168,0.0,-1.0,0.0,0.0,0.0,0.0,0.0,0.0,0.0,0.0,-0.0,0.0,0.0,0.0,0.0,0.0,0.0,0.0
14,0.7083333702757955,0.7583333728834987,168,180,0.0,-1.0,0.0,0.0,0.0,0.0,0.0,0.0,0.0,0.0,-0.0,0.0,0.0,0.0,0.0,0.0,0.0,0.0
15,0.7583333728834987,0.8083333754912019,180,192,0.0,-1.0,0.0,0.0,0.0,0.0,0.0,0.0,0.0,1.0,-1.0,0.0,0.0,0.0,0.0,0.0,0.0,0.0
16,0.8083333754912019,0.8583333780989051,192,204,0.0,-1.0,0.0,0.0,0.0,0.0,0.0,0.0,0.0,1.0,-1.0,0.0,0.0,0.0,0.0,0.0,0.0,0.0
17,0.8583333780989051,0.9083333807066083,204,216,0.0,-1.0,0.0,0.0,0.0,0.0,0.0,0.0,0.0,1.0,-1.0,0.0,0.0,0.0,0.0,0.0,0.0,0.0
18,0.9083333807066083,0.9583333833143115,216,228,1.0,-1.0,0.0,0.0,0.0,0.0,0.0,0.0,0.0,1.0,-1.0,0.0,0.0,0.0,0.0,0.0,0.0,0.0
19,0.9583333833143115,1.0083333859220147,228,240,1.0,-1.0,0.0,0.0,0.0,0.0,0.0,0.0,0.0,1.0,-1.0,0.0,0.0,0.0,0.0,0.0,0.0,0.0
20,1.0083333859220147,1.058333388529718,240,252,1.0,-1.0,0.0,0.0,0.0,0.0,0.0,0.0,0.0,1.0,-1.0,0.0,0.0,0.0,0.0,0.0,0.0,0.0
21,1.058333388529718,1.1083333911374211,252,264,1.0,-1.0,0.0,0.0,0.0,0.0,0.0,0.0,0.0,1.0,-1.0,0.0,0.0,0.0,0.0,0.0,0.0,0.0
22,1.1083333911374211,1.1583333937451243,264,276,1.0,-1.0,0.0,0.0,0.0,0.0,0.0,0.0,0.0,1.0,-1.0,0.0,0.0,0.0,0.0,0.0,0.0,0.0
23,1.1583333937451243,1.2083333963528275,276,288,1.0,-1.0,0.0,0.0,0.0,0.0,0.0,0.0,0.0,1.0,-1.0,0.0,0.0,0.0,0.0,0.0,0.0,0.0
24,1.2083333963528275,1.2583333989605308,288,300,1.0,-1.0,0.0,0.0,0.0,0.0,0.0,0.0,0.0,1.0,-1.0,0.0,0.0,0.0,0.0,0.0,0.0,0.0
25,1.2583333989605308,1.308333401568234,300,312,1.0,-1.0,0.0,0.0,0.0,0.0,0.0,0.0,0.0,1.0,-1.0,0.0,0.0,0.0,0.0,0.0,0.0,0.0
26,1.308333401568234,1.3583334041759372,312,324,1.0,-1.0,0.0,0.0,0.0,0.0,0.0,0.0,0.0,1.0,-1.0,0.0,0.0,0.0,0.0,0.0,0.0,0.0
27,1.3583334041759372,1.4083334067836404,324,336,0.0,-1.0,0.0,0.0,0.0,0.0,0.0,0.0,0.0,0.0,-0.0,0.0,0.0,0.0,0.0,0.0,0.0,0.0
28,1.4083334067836404,1.4583334093913436,336,348,0.0,-1.0,0.0,0.0,0.0,0.0,0.0,0.0,0.0,0.0,-0.0,0.0,0.0,0.0,0.0,0.0,0.0,0.0
29,1.4583334093913436,1.5083334119990468,348,360,0.0,-1.0,0.0,0.0,0.0,0.0,0.0,0.0,0.0,0.0,-0.0,0.0,0.0,0.0,0.0,0.0,0.0,0.0
30,1.5083334119990468,1.55833341460675,360,372,0.0,-1.0,0.0,0.0,0.0,0.0,0.0,0.0,0.0,0.0,-0.0,0.0,0.0,0.0,0.0,0.0,0.0,0.0
31,1.55833341460675,1.6083334172144532,372,384,0.0,-1.0,0.0,0.0,0.0,0.0,0.0,0.0,0.0,0.0,-0.0,0.0,0.0,0.0,0.0,0.0,0.0,0.0
32,1.6083334172144532,1.6583334198221564,384,396,0.0,-1.0,0.0,0.0,0.0,0.0,0.0,0.0,0.0,0.0,-0.0,0.0,0.0,0.0,0.0,0.0,0.0,0.0
33,1.6583334198221564,1.7083334224298596,396,408,0.0,-1.0,0.0,0.0,0.0,0.0,0.0,0.0,0.0,0.0,-0.0,0.0,0.0,0.0,0.0,0.0,0.0,0.0
34,1.7083334224298596,1.7583334250375628,408,420,0.0,-1.0,0.0,0.0,0.0,0.0,0.0,0.0,0.0,0.0,-0.0,0.0,0.0,0.0,0.0,0.0,0.0,0.0
35,1.7583334250375628,1.808333427645266,420,432,0.0,-1.0,0.0,0.0,0.0,0.0,0.0,0.0,0.0,0.0,-0.0,0.0,0.0,0.0,0.0,0.0,0.0,0.0
36,1.808333427645266,1.8583334302529693,432,444,0.0,-1.0,0.0,0.0,0.0,0.0,0.0,0.0,0.0,0.0,-0.0,0.0,0.0,0.0,0.0,0.0,0.0,0.0
37,1.8583334302529693,1.9083334328606725,444,456,0.0,-1.0,0.0,0.0,0.0,0.0,0.0,0.0,0.0,0.0,-0.0,0.0,0.0,0.0,0.0,0.0,0.0,0.0
38,1.9083334328606725,1.9583334354683757,456,468,0.0,-1.0,0.0,0.0,0.0,0.0,0.0,0.0,0.0,0.0,-0.0,0.0,0.0,0.0,0.0,0.0,0.0,0.0
39,1.9583334354683757,2.008333438076079,468,480,0.0,-1.0,0.0,0.0,0.0,0.0,0.0,0.0,0.0,0.0,-0.0,0.0,0.0,0.0,0.0,0.0,0.0,0.0
40,2.008333438076079,2.058333440683782,480,492,-1.0,-1.0,0.0,0.0,0.0,0.0,0.0,0.0,0.0,0.0,-0.0,0.0,0.0,0.0,0.0,0.0,0.0,0.0
41,2.058333440683782,2.1083334432914853,492,504,-1.0,-1.0,0.0,0.0,0.0,0.0,0.0,0.0,0.0,0.0,-0.0,0.0,0.0,0.0,0.0,0.0,0.0,0.0
42,2.1083334432914853,2.1583334458991885,504,516,-1.0,-1.0,0.0,0.0,0.0,0.0,0.0,0.0,0.0,0.0,-0.0,0.0,0.0,0.0,0.0,0.0,0.0,0.0
43,2.1583334458991885,2.2083334485068917,516,528,-1.0,-1.0,0.0,0.0,0.0,0.0,0.0,0.0,0.0,0.0,-0.0,0.0,0.0,0.0,0.0,0.0,0.0,0.0
44,2.2083334485068917,2.258333451114595,528,540,0.0,-0.0,0.0,1.0,0.0,0.0,0.0,0.0,0.0,0.0,-0.0,0.0,0.0,0.0,0.0,0.0,0.0,0.0
45,2.258333451114595,2.308333453722298,540,552,0.0,-0.0,0.0,1.0,0.0,0.0,0.0,0.0,0.0,0.0,-0.0,0.0,0.0,0.0,0.0,0.0,0.0,0.0
46,2.308333453722298,2.3583334563300014,552,564,0.0,-0.0,0.0,1.0,0.0,0.0,0.0,0.0,0.0,0.0,-0.0,0.0,0.0,0.0,0.0,0.0,0.0,0.0
47,2.3583334563300014,2.4083334589377046,564,576,0.0,-0.0,0.0,1.0,0.0,0.0,0.0,0.0,0.0,0.0,-0.0,0.0,0.0,0.0,0.0,0.0,0.0,0.0
48,2.4083334589377046,2.4583334615454078,576,588,0.0,-0.0,0.0,1.0,0.0,0.0,0.0,0.0,0.0,0.0,-0.0,0.0,0.0,0.0,0.0,0.0,0.0,0.0
49,2.4583334615454078,2.508333464153111,588,600,0.0,-0.0,0.0,1.0,0.0,0.0,0.0,0.0,0.0,0.0,-0.0,0.0,0.0,0.0,0.0,0.0,0.0,0.0
50,2.508333464153111,2.558333466760814,600,612,0.0,-0.0,0.0,1.0,0.0,0.0,0.0,0.0,0.0,0.0,-0.0,0.0,0.0,0.0,0.0,0.0,0.0,0.0
51,2.558333466760814,2.6083334693685174,612,624,0.0,-0.0,0.0,1.0,0.0,0.0,0.0,0.0,0.0,0.0,-0.0,0.0,0.0,0.0,0.0,0.0,0.0,0.0
52,2.6083334693685174,2.6583334719762206,624,636,0.0,-0.0,0.0,1.0,0.0,0.0,0.0,0.0,0.0,0.0,-0.0,0.0,0.0,0.0,0.0,0.0,0.0,0.0
53,2.6583334719762206,2.708333474583924,636,648,0.0,-0.0,0.0,1.0,0.0,0.0,0.0,0.0,0.0,0.0,-0.0,0.0,0.0,0.0,0.0,0.0,0.0,0.0
54,2.708333474583924,2.758333477191627,648,660,0.0,-0.0,0.0,1.0,0.0,0.0,0.0,0.0,0.0,0.0,-0.0,0.0,0.0,0.0,0.0,0.0,0.0,0.0
55,2.758333477191627,2.8083334797993302,660,672,0.0,-0.0,0.0,1.0,0.0,0.0,0.0,0.0,0.0,0.0,-0.0,0.0,0.0,0.0,0.0,0.0,0.0,0.0
56,2.8083334797993302,2.8583334824070334,672,684,0.0,-0.0,0.0,1.0,0.0,0.0,0.0,0.0,0.0,0.0,-1.0,0.0,0.0,0.0,0.0,0.0,0.0,0.0
57,2.8583334824070334,2.9083334850147367,684,696,0.0,-0.0,0.0,1.0,0.0,0.0,0.0,0.0,0.0,0.0,-1.0,0.0,0.0,0.0,0.0,0.0,0.0,0.0
58,2.9083334850147367,2.95833348762244,696,708,0.0,-0.0,0.0,1.0,0.0,0.0,0.0,0.0,0.0,0.0,-1.0,0.0,0.0,0.0,0.0,0.0,0.0,0.0
59,2.95833348762244,3.008333490230143,708,720,0.0,-0.0,0.0,1.0,0.0,0.0,0.0,0.0,0.0,0.0,-1.0,0.0,0.0,0.0,0.0,0.0,0.0,0.0
60,3.008333490230143,3.0583334928378463,720,732,0.0,-0.0,0.0,1.0,0.0,0.0,0.0,0.0,0.0,0.0,-1.0,0.0,0.0,0.0,0.0,0.0,0.0,0.0
61,3.0583334928378463,3.1083334954455495,732,744,0.0,-0.0,0.0,1.0,0.0,0.0,0.0,0.0,0.0,0.0,-1.0,0.0,0.0,0.0,0.0,0.0,0.0,0.0
62,3.1083334954455495,3.1583334980532527,744,756,0.0,-0.0,0.0,1.0,0.0,0.0,0.0,0.0,0.0,0.0,-1.0,0.0,0.0,0.0,0.0,0.0,0.0,0.0
63,3.1583334980532527,3.208333500660956,756,768,0.0,-0.0,0.0,1.0,0.0,0.0,0.0,0.0,0.0,0.0,-1.0,0.0,0.0,0.0,0.0,0.0,0.0,0.0
64,3.208333500660956,3.258333503268659,768,780,0.0,-0.0,0.0,1.0,0.0,0.0,0.0,0.0,0.0,0.0,-1.0,0.0,0.0,0.0,0.0,0.0,0.0,0.0
65,3.258333503268659,3.3083335058763623,780,792,0.0,-0.0,0.0,1.0,0.0,0.0,0.0,0.0,0.0,0.0,-1.0,0.0,0.0,0.0,0.0,0.0,0.0,0.0
66,3.3083335058763623,3.3583335084840655,792,804,0.0,-0.0,0.0,1.0,0.0,0.0,0.0,0.0,0.0,0.0,-1.0,0.0,0.0,0.0,0.0,0.0,0.0,0.0
67,3.3583335084840655,3.4083335110917687,804,816,0.0,-0.0,0.0,1.0,0.0,0.0,0.0,0.0,0.0,0.0,-1.0,0.0,0.0,0.0,0.0,0.0,0.0,0.0
68,3.4083335110917687,3.458333513699472,816,828,0.0,-0.0,0.0,1.0,0.0,0.0,0.0,0.0,0.0,0.0,-1.0,0.0,0.0,0.0,0.0,0.0,0.0,0.0
69,3.458333513699472,3.508333516307175,828,840,0.0,-1.0,0.0,1.0,0.0,0.0,0.0,0.0,0.0,0.0,-1.0,0.0,0.0,0.0,0.0,0.0,0.0,0.0
70,3.508333516307175,3.5583335189148784,840,852,0.0,-1.0,0.0,1.0,0.0,0.0,0.0,0.0,0.0,0.0,-1.0,0.0,0.0,0.0,0.0,0.0,0.0,0.0
71,3.5583335189148784,3.6083335215225816,852,864,0.0,-1.0,0.0,1.0,0.0,0.0,0.0,0.0,0.0,0.0,-1.0,0.0,0.0,0.0,0.0,0.0,0.0,0.0
72,3.6083335215225816,3.658333524130285,864,876,0.0,-1.0,0.0,1.0,0.0,0.0,0.0,0.0,0.0,0.0,-1.0,0.0,0.0,0.0,0.0,0.0,0.0,0.0
73,3.658333524130285,3.708333526737988,876,888,0.0,-1.0,0.0,1.0,0.0,0.0,0.0,0.0,0.0,0.0,-1.0,0.0,0.0,0.0,0.0,0.0,0.0,0.0
74,3.708333526737988,3.758333529345691,888,900,0.0,-1.0,0.0,1.0,0.0,0.0,0.0,0.0,0.0,0.0,-1.0,0.0,0.0,0.0,0.0,0.0,0.0,0.0
75,3.758333529345691,3.8083335319533944,900,912,0.0,-1.0,0.0,1.0,0.0,0.0,0.0,0.0,0.0,0.0,-1.0,0.0,0.0,0.0,0.0,0.0,0.0,0.0
76,3.8083335319533944,3.8583335345610976,912,924,0.0,-1.0,0.0,1.0,0.0,0.0,0.0,0.0,0.0,0.0,-1.0,0.0,0.0,0.0,0.0,0.0,0.0,0.0
77,3.8583335345610976,3.908333537168801,924,936,0.0,-1.0,0.0,1.0,0.0,0.0,0.0,0.0,0.0,0.0,-1.0,0.0,0.0,0.0,0.0,0.0,0.0,0.0
78,3.908333537168801,3.958333539776504,936,948,0.0,-1.0,0.0,1.0,0.0,0.0,0.0,0.0,0.0,0.0,-1.0,0.0,1.0,0.0,0.0,0.0,0.0,0.0
79,3.958333539776504,4.008333542384207,948,960,0.0,-1.0,0.0,1.0,0.0,0.0,0.0,0.0,0.0,0.0,-1.0,0.0,1.0,0.0,0.0,0.0,0.0,0.0
80,4.008333542384207,4.0583335449919105,960,972,0.0,-1.0,0.0,1.0,0.0,0.0,0.0,0.0,0.0,0.0,-1.0,0.0,1.0,0.0,0.0,0.0,0.0,0.0
81,4.0583335449919105,4.108333547599614,972,984,0.0,-1.0,0.0,1.0,0.0,0.0,0.0,0.0,0.0,0.0,-1.0,0.0,1.0,0.0,0.0,0.0,0.0,0.0
82,4.108333547599614,4.158333550207317,984,996,0.0,-1.0,0.0,1.0,0.0,0.0,0.0,0.0,0.0,0.0,-1.0,0.0,0.0,0.0,0.0,0.0,0.0,0.0
83,4.158333550207317,4.20833355281502,996,1008,0.0,-1.0,0.0,1.0,0.0,0.0,0.0,0.0,0.0,0.0,-1.0,0.0,1.0,0.0,0.0,0.0,0.0,0.0
84,4.20833355281502,4.258333555422723,1008,1020,0.0,-1.0,0.0,1.0,0.0,0.0,0.0,0.0,0.0,0.0,-1.0,0.0,1.0,0.0,0.0,0.0,0.0,0.0
85,4.258333555422723,4.3083335580304265,1020,1032,0.0,-1.0,0.0,1.0,0.0,0.0,0.0,0.0,0.0,0.0,-1.0,0.0,1.0,0.0,0.0,0.0,0.0,0.0
86,4.3083335580304265,4.35833356063813,1032,1044,0.0,-1.0,0.0,1.0,0.0,0.0,0.0,0.0,0.0,0.0,-1.0,0.0,1.0,0.0,0.0,0.0,0.0,0.0
87,4.35833356063813,4.408333563245833,1044,1056,0.0,-1.0,0.0,1.0,0.0,0.0,0.0,0.0,0.0,0.0,-1.0,0.0,1.0,0.0,0.0,0.0,0.0,0.0
88,4.408333563245833,4.458333565853536,1056,1068,0.0,-1.0,0.0,1.0,0.0,0.0,0.0,0.0,0.0,0.0,-1.0,0.0,0.0,0.0,0.0,0.0,0.0,0.0
89,4.458333565853536,4.508333568461239,1068,1080,0.0,-1.0,0.0,1.0,0.0,0.0,0.0,0.0,0.0,0.0,-1.0,0.0,0.0,0.0,0.0,0.0,0.0,0.0
90,4.508333568461239,4.5583335710689425,1080,1092,0.0,-1.0,0.0,1.0,0.0,0.0,0.0,0.0,0.0,0.0,-1.0,0.0,0.0,0.0,0.0,0.0,0.0,0.0
91,4.5583335710689425,4.608333573676646,1092,1104,0.0,-1.0,0.0,1.0,0.0,0.0,0.0,0.0,0.0,0.0,-1.0,0.0,0.0,0.0,0.0,0.0,0.0,0.0
92,4.608333573676646,4.658333576284349,1104,1116,0.0,-1.0,0.0,1.0,0.0,0.0,0.0,0.0,0.0,0.0,-1.0,0.0,0.0,0.0,0.0,0.0,0.0,0.0
93,4.658333576284349,4.708333578892052,1116,1128,0.0,-1.0,0.0,1.0,0.0,0.0,0.0,0.0,0.0,0.0,-1.0,0.0,0.0,0.0,0.0,0.0,0.0,0.0
94,4.708333578892052,4.758333581499755,1128,1140,0.0,-1.0,0.0,1.0,0.0,0.0,0.0,0.0,0.0,0.0,-1.0,0.0,0.0,0.0,0.0,0.0,0.0,0.0
95,4.758333581499755,4.808333584107459,1140,1152,0.0,-1.0,0.0,1.0,0.0,0.0,0.0,0.0,0.0,0.0,-1.0,0.0,0.0,0.0,0.0,0.0,0.0,0.0
96,4.808333584107459,4.858333586715162,1152,1164,0.0,-1.0,0.0,1.0,0.0,0.0,0.0,0.0,0.0,0.0,-1.0,0.0,0.0,0.0,0.0,0.0,0.0,0.0
97,4.858333586715162,4.908333589322865,1164,1176,0.0,-1.0,0.0,1.0,0.0,0.0,0.0,0.0,0.0,0.0,-1.0,0.0,0.0,0.0,0.0,0.0,0.0,0.0
98,4.908333589322865,4.958333591930568,1176,1188,0.0,-1.0,0.0,1.0,0.0,0.0,0.0,0.0,0.0,0.0,-1.0,0.0,0.0,0.0,0.0,0.0,0.0,0.0
99,4.958333591930568,5.008333594538271,1188,1200,0.0,-1.0,0.0,1.0,0.0,0.0,0.0,0.0,0.0,0.0,-1.0,0.0,0.0,0.0,0.0,0.0,0.0,0.0
100,5.008333594538271,5.058333597145975,1200,1212,0.0,-1.0,0.0,1.0,0.0,0.0,0.0,0.0,0.0,0.0,-1.0,0.0,0.0,0.0,0.0,0.0,0.0,0.0
101,5.058333597145975,5.108333599753678,1212,1224,0.0,-1.0,0.0,1.0,0.0,0.0,0.0,0.0,0.0,0.0,-1.0,0.0,0.0,0.0,0.0,0.0,0.0,0.0
102,5.108333599753678,5.158333602361381,1224,1236,0.0,-1.0,0.0,1.0,0.0,0.0,0.0,0.0,0.0,0.0,-1.0,0.0,0.0,0.0,0.0,0.0,0.0,0.0
103,5.158333602361381,5.208333604969084,1236,1248,0.0,-1.0,0.0,1.0,0.0,0.0,0.0,0.0,0.0,0.0,-1.0,0.0,0.0,0.0,0.0,0.0,0.0,0.0
104,5.208333604969084,5.2583336075767875,1248,1260,0.0,-1.0,0.0,1.0,0.0,0.0,0.0,0.0,0.0,0.0,-1.0,0.0,0.0,0.0,0.0,0.0,0.0,0.0
105,5.2583336075767875,5.308333610184491,1260,1272,1.0,-1.0,0.0,1.0,0.0,0.0,0.0,0.0,0.0,0.0,-1.0,0.0,0.0,0.0,0.0,0.0,0.0,0.0
106,5.308333610184491,5.358333612792194,1272,1284,1.0,-1.0,0.0,1.0,0.0,0.0,0.0,0.0,0.0,0.0,-1.0,0.0,0.0,0.0,0.0,0.0,0.0,0.0
107,5.358333612792194,5.408333615399897,1284,1296,1.0,-1.0,0.0,1.0,0.0,0.0,0.0,0.0,0.0,0.0,-1.0,0.0,0.0,0.0,0.0,0.0,0.0,0.0
108,5.408333615399897,5.4583336180076,1296,1308,1.0,-1.0,0.0,1.0,0.0,0.0,0.0,0.0,0.0,0.0,-1.0,0.0,0.0,0.0,0.0,0.0,0.0,0.0
109,5.4583336180076,5.5083336206153035,1308,1320,1.0,-1.0,0.0,1.0,0.0,0.0,0.0,0.0,0.0,0.0,-1.0,0.0,0.0,0.0,0.0,0.0,0.0,0.0
110,5.5083336206153035,5.558333623223007,1320,1332,1.0,-1.0,0.0,1.0,0.0,0.0,0.0,0.0,0.0,0.0,-1.0,0.0,0.0,0.0,0.0,0.0,0.0,0.0
111,5.558333623223007,5.60833362583071,1332,1344,1.0,-1.0,0.0,1.0,0.0,0.0,0.0,0.0,0.0,0.0,-1.0,0.0,0.0,0.0,0.0,0.0,0.0,0.0
112,5.60833362583071,5.658333628438413,1344,1356,0.0,-1.0,0.0,1.0,0.0,0.0,0.0,0.0,0.0,0.0,-1.0,0.0,0.0,0.0,0.0,0.0,0.0,0.0
113,5.658333628438413,5.708333631046116,1356,1368,0.0,-1.0,0.0,1.0,0.0,0.0,0.0,0.0,0.0,0.0,-1.0,0.0,0.0,0.0,0.0,0.0,0.0,0.0
114,5.708333631046116,5.75833363365382,1368,1380,0.0,-1.0,0.0,1.0,0.0,0.0,0.0,0.0,0.0,0.0,-1.0,0.0,0.0,0.0,0.0,0.0,0.0,0.0
115,5.75833363365382,5.808333636261523,1380,1392,0.0,-1.0,0.0,1.0,0.0,0.0,0.0,0.0,0.0,0.0,-1.0,0.0,0.0,0.0,0.0,0.0,0.0,0.0
116,5.808333636261523,5.858333638869226,1392,1404,0.0,-1.0,0.0,1.0,0.0,0.0,0.0,0.0,0.0,0.0,-1.0,0.0,0.0,0.0,0.0,0.0,0.0,0.0
117,5.858333638869226,5.908333641476929,1404,1416,0.0,-1.0,0.0,1.0,0.0,0.0,0.0,0.0,0.0,0.0,-1.0,0.0,0.0,0.0,0.0,0.0,0.0,0.0
118,5.908333641476929,5.958333644084632,1416,1428,0.0,-1.0,0.0,1.0,0.0,0.0,0.0,0.0,0.0,0.0,-1.0,0.0,0.0,0.0,0.0,0.0,0.0,0.0
119,5.958333644084632,6.008333646692336,1428,1440,0.0,-1.0,0.0,1.0,0.0,0.0,0.0,0.0,0.0,0.0,-1.0,0.0,0.0,0.0,0.0,0.0,0.0,0.0
120,6.008333646692336,6.058333649300039,1440,1452,1.0,-1.0,0.0,1.0,0.0,0.0,0.0,0.0,0.0,0.0,-1.0,0.0,0.0,0.0,0.0,0.0,0.0,0.0
121,6.058333649300039,6.108333651907742,1452,1464,1.0,-1.0,0.0,1.0,0.0,0.0,0.0,0.0,0.0,0.0,-1.0,0.0,0.0,0.0,0.0,0.0,0.0,0.0
122,6.108333651907742,6.158333654515445,1464,1476,1.0,-1.0,0.0,1.0,0.0,0.0,0.0,0.0,0.0,0.0,-1.0,0.0,0.0,0.0,0.0,0.0,0.0,0.0
123,6.158333654515445,6.208333657123148,1476,1488,1.0,-1.0,0.0,1.0,0.0,0.0,0.0,0.0,0.0,0.0,-1.0,0.0,0.0,0.0,0.0,0.0,0.0,0.0
124,6.208333657123148,6.258333659730852,1488,1500,1.0,-1.0,0.0,1.0,0.0,0.0,0.0,0.0,0.0,0.0,-1.0,0.0,0.0,0.0,0.0,0.0,0.0,0.0
125,6.258333659730852,6.308333662338555,1500,1512,1.0,-1.0,0.0,1.0,0.0,0.0,0.0,0.0,0.0,0.0,-1.0,0.0,0.0,0.0,0.0,0.0,0.0,0.0
126,6.308333662338555,6.358333664946258,1512,1524,1.0,-0.0,0.0,1.0,0.0,0.0,0.0,0.0,0.0,0.0,-1.0,0.0,0.0,0.0,0.0,0.0,0.0,0.0
127,6.358333664946258,6.408333667553961,1524,1536,0.0,-0.0,0.0,1.0,0.0,0.0,0.0,0.0,0.0,0.0,-1.0,0.0,0.0,0.0,0.0,0.0,0.0,0.0
128,6.408333667553961,6.4583336701616645,1536,1548,0.0,-1.0,0.0,1.0,0.0,0.0,0.0,0.0,0.0,0.0,-1.0,0.0,0.0,0.0,0.0,0.0,0.0,0.0
129,6.4583336701616645,6.508333672769368,1548,1560,0.0,-1.0,0.0,1.0,0.0,0.0,0.0,0.0,0.0,0.0,-1.0,0.0,0.0,0.0,0.0,0.0,0.0,0.0
130,6.508333672769368,6.558333675377071,1560,1572,0.0,-1.0,0.0,1.0,0.0,0.0,0.0,0.0,0.0,0.0,-1.0,0.0,0.0,0.0,0.0,0.0,0.0,0.0
131,6.558333675377071,6.608333677984774,1572,1584,0.0,-1.0,0.0,1.0,0.0,0.0,0.0,0.0,0.0,1.0,-1.0,0.0,0.0,0.0,0.0,0.0,0.0,0.0
132,6.608333677984774,6.658333680592477,1584,1596,0.0,-1.0,0.0,1.0,0.0,0.0,0.0,0.0,0.0,1.0,-1.0,0.0,0.0,0.0,0.0,0.0,0.0,0.0
133,6.658333680592477,6.7083336832001805,1596,1608,0.0,-1.0,0.0,1.0,0.0,0.0,0.0,0.0,0.0,1.0,-1.0,0.0,0.0,0.0,0.0,0.0,0.0,0.0
134,6.7083336832001805,6.758333685807884,1608,1620,0.0,-1.0,0.0,1.0,0.0,0.0,0.0,0.0,0.0,1.0,-1.0,0.0,0.0,0.0,0.0,0.0,0.0,0.0
135,6.758333685807884,6.808333688415587,1620,1632,0.0,-0.0,0.0,1.0,0.0,0.0,0.0,0.0,0.0,1.0,-0.0,0.0,0.0,0.0,0.0,0.0,0.0,0.0
136,6.808333688415587,6.85833369102329,1632,1644,0.0,-0.0,0.0,1.0,0.0,0.0,0.0,0.0,0.0,1.0,-0.0,0.0,0.0,0.0,0.0,0.0,0.0,0.0
137,6.85833369102329,6.908333693630993,1644,1656,0.0,-0.0,0.0,1.0,0.0,0.0,0.0,0.0,0.0,1.0,-0.0,0.0,0.0,0.0,0.0,0.0,0.0,0.0
138,6.908333693630993,6.958333696238697,1656,1668,0.0,-0.0,0.0,1.0,0.0,0.0,0.0,0.0,0.0,1.0,-0.0,0.0,0.0,0.0,0.0,0.0,0.0,0.0
139,6.958333696238697,7.0083336988464,1668,1680,1.0,-0.0,0.0,1.0,0.0,0.0,0.0,0.0,0.0,1.0,-0.0,0.0,0.0,0.0,0.0,0.0,0.0,0.0
140,7.0083336988464,7.058333701454103,1680,1692,1.0,-0.0,0.0,1.0,0.0,0.0,0.0,0.0,0.0,1.0,-0.0,0.0,0.0,0.0,0.0,0.0,0.0,0.0
141,7.058333701454103,7.108333704061806,1692,1704,1.0,-0.0,0.0,1.0,0.0,0.0,0.0,0.0,0.0,1.0,-1.0,0.0,0.0,0.0,0.0,0.0,0.0,0.0
142,7.108333704061806,7.158333706669509,1704,1716,1.0,-0.0,0.0,1.0,0.0,0.0,0.0,0.0,0.0,1.0,-1.0,0.0,0.0,0.0,0.0,0.0,0.0,0.0
143,7.158333706669509,7.208333709277213,1716,1728,1.0,-0.0,0.0,1.0,0.0,0.0,0.0,0.0,0.0,1.0,-1.0,0.0,0.0,0.0,0.0,0.0,0.0,0.0
144,7.208333709277213,7.258333711884916,1728,1740,1.0,1.0,0.0,1.0,0.0,0.0,0.0,0.0,0.0,1.0,-1.0,0.0,0.0,0.0,0.0,0.0,0.0,0.0
145,7.258333711884916,7.308333714492619,1740,1752,1.0,1.0,0.0,1.0,0.0,0.0,0.0,0.0,0.0,1.0,-1.0,0.0,0.0,0.0,0.0,0.0,0.0,0.0
146,7.308333714492619,7.358333717100322,1752,1764,1.0,1.0,0.0,1.0,0.0,0.0,0.0,0.0,0.0,1.0,-1.0,0.0,0.0,0.0,0.0,0.0,0.0,0.0
147,7.358333717100322,7.4083337197080255,1764,1776,1.0,1.0,0.0,1.0,0.0,0.0,0.0,0.0,0.0,1.0,-1.0,0.0,0.0,0.0,0.0,0.0,0.0,0.0
148,7.4083337197080255,7.458333722315729,1776,1788,1.0,1.0,0.0,1.0,0.0,0.0,0.0,0.0,0.0,1.0,-1.0,0.0,0.0,0.0,0.0,0.0,0.0,0.0
149,7.458333722315729,7.508333724923432,1788,1800,0.0,1.0,0.0,1.0,0.0,0.0,0.0,0.0,0.0,1.0,-1.0,0.0,0.0,0.0,0.0,0.0,0.0,0.0
150,7.508333724923432,7.558333727531135,1800,1812,0.0,1.0,0.0,1.0,0.0,0.0,0.0,0.0,0.0,1.0,-1.0,0.0,0.0,0.0,0.0,0.0,0.0,0.0
151,7.558333727531135,7.608333730138838,1812,1824,0.0,1.0,0.0,1.0,0.0,0.0,0.0,0.0,0.0,1.0,-1.0,0.0,0.0,0.0,0.0,0.0,0.0,0.0
152,7.608333730138838,7.6583337327465415,1824,1836,0.0,1.0,0.0,1.0,0.0,0.0,0.0,0.0,0.0,1.0,-1.0,0.0,0.0,0.0,0.0,0.0,0.0,0.0
153,7.6583337327465415,7.708333735354245,1836,1848,0.0,1.0,0.0,1.0,0.0,0.0,0.0,0.0,0.0,1.0,-1.0,0.0,0.0,0.0,0.0,0.0,0.0,0.0
154,7.708333735354245,7.758333737961948,1848,1860,-1.0,-0.0,0.0,1.0,0.0,0.0,0.0,0.0,0.0,1.0,-1.0,0.0,0.0,0.0,0.0,0.0,0.0,0.0
155,7.758333737961948,7.808333740569651,1860,1872,-1.0,-0.0,0.0,1.0,0.0,0.0,0.0,0.0,0.0,1.0,-1.0,0.0,0.0,0.0,0.0,0.0,0.0,0.0
156,7.808333740569651,7.858333743177354,1872,1884,-1.0,-0.0,0.0,1.0,0.0,0.0,0.0,0.0,0.0,1.0,-1.0,0.0,0.0,0.0,0.0,0.0,0.0,0.0
157,7.858333743177354,7.9083337457850575,1884,1896,0.0,-1.0,0.0,1.0,0.0,0.0,0.0,0.0,0.0,1.0,-0.0,0.0,0.0,0.0,0.0,0.0,0.0,0.0
158,7.9083337457850575,7.958333748392761,1896,1908,0.0,-1.0,0.0,1.0,0.0,0.0,0.0,0.0,0.0,1.0,-0.0,0.0,0.0,0.0,0.0,0.0,0.0,0.0
159,7.958333748392761,8.008333751000464,1908,1920,-1.0,-1.0,0.0,1.0,0.0,0.0,0.0,0.0,0.0,0.0,-0.0,-1.0,0.0,0.0,0.0,0.0,0.0,0.0
160,8.008333751000464,8.058333753608167,1920,1932,-1.0,-1.0,0.0,1.0,0.0,0.0,0.0,0.0,0.0,0.0,-0.0,-1.0,0.0,0.0,0.0,0.0,0.0,0.0
161,8.058333753608167,8.10833375621587,1932,1944,0.0,1.0,0.0,1.0,0.0,0.0,0.0,0.0,0.0,0.0,-0.0,-1.0,0.0,0.0,0.0,0.0,0.0,0.0
162,8.10833375621587,8.158333758823574,1944,1956,-1.0,-0.0,0.0,1.0,0.0,0.0,0.0,0.0,0.0,0.0,-0.0,-1.0,0.0,0.0,0.0,0.0,0.0,0.0
163,8.158333758823574,8.208333761431277,1956,1968,-1.0,-0.0,0.0,1.0,0.0,0.0,0.0,0.0,0.0,0.0,-0.0,-1.0,0.0,0.0,0.0,0.0,0.0,0.0
164,8.208333761431277,8.25833376403898,1968,1980,0.0,-0.0,0.0,1.0,0.0,0.0,0.0,0.0,0.0,0.0,-0.0,-1.0,0.0,0.0,0.0,0.0,0.0,0.0
165,8.25833376403898,8.308333766646683,1980,1992,-1.0,-0.0,0.0,1.0,0.0,0.0,0.0,0.0,0.0,0.0,-0.0,-1.0,0.0,0.0,0.0,0.0,0.0,0.0
166,8.308333766646683,8.358333769254386,1992,2004,0.0,-0.0,0.0,1.0,0.0,0.0,0.0,0.0,0.0,0.0,-0.0,-1.0,0.0,0.0,0.0,0.0,0.0,0.0
167,8.358333769254386,8.40833377186209,2004,2016,0.0,-0.0,1.0,1.0,0.0,0.0,0.0,0.0,0.0,0.0,-0.0,-1.0,0.0,0.0,0.0,0.0,0.0,0.0
168,8.40833377186209,8.458333774469793,2016,2028,0.0,-0.0,1.0,1.0,0.0,0.0,0.0,0.0,0.0,0.0,-0.0,-1.0,0.0,0.0,0.0,0.0,0.0,0.0
169,8.458333774469793,8.508333777077496,2028,2040,0.0,-0.0,1.0,1.0,0.0,0.0,0.0,0.0,0.0,0.0,-0.0,-1.0,0.0,0.0,0.0,0.0,0.0,0.0
170,8.508333777077496,8.5583337796852,2040,2052,0.0,-0.0,1.0,1.0,0.0,0.0,0.0,0.0,0.0,0.0,-0.0,-1.0,0.0,0.0,0.0,0.0,0.0,0.0
171,8.5583337796852,8.608333782292902,2052,2064,0.0,-0.0,1.0,1.0,0.0,0.0,0.0,0.0,0.0,0.0,-0.0,0.0,0.0,0.0,0.0,0.0,0.0,0.0
172,8.608333782292902,8.658333784900606,2064,2076,0.0,-0.0,1.0,1.0,0.0,0.0,0.0,0.0,0.0,0.0,-0.0,0.0,0.0,0.0,0.0,0.0,0.0,0.0
173,8.658333784900606,8.708333787508309,2076,2088,0.0,-0.0,0.0,1.0,0.0,0.0,0.0,0.0,0.0,0.0,-0.0,1.0,0.0,0.0,0.0,0.0,0.0,0.0
174,8.708333787508309,8.758333790116012,2088,2100,0.0,-0.0,0.0,1.0,0.0,0.0,0.0,0.0,0.0,0.0,-0.0,1.0,0.0,0.0,0.0,0.0,0.0,0.0
175,8.758333790116012,8.808333792723715,2100,2112,0.0,-0.0,1.0,1.0,0.0,0.0,0.0,0.0,0.0,0.0,-0.0,1.0,0.0,0.0,0.0,0.0,0.0,0.0
176,8.808333792723715,8.858333795331419,2112,2124,0.0,-0.0,1.0,1.0,0.0,0.0,0.0,0.0,0.0,0.0,-0.0,0.0,0.0,0.0,0.0,0.0,0.0,0.0
177,8.858333795331419,8.908333797939122,2124,2136,0.0,-0.0,1.0,1.0,0.0,0.0,0.0,0.0,0.0,0.0,-0.0,1.0,0.0,0.0,0.0,0.0,0.0,0.0
178,8.908333797939122,8.958333800546825,2136,2148,0.0,-0.0,1.0,1.0,0.0,0.0,0.0,0.0,0.0,0.0,-0.0,1.0,0.0,0.0,0.0,0.0,0.0,0.0
179,8.958333800546825,9.008333803154528,2148,2160,0.0,-0.0,0.0,0.0,0.0,0.0,0.0,0.0,0.0,0.0,-0.0,1.0,0.0,0.0,0.0,0.0,0.0,0.0
180,9.008333803154528,9.058333805762231,2160,2172,0.0,-0.0,0.0,0.0,0.0,0.0,0.0,0.0,0.0,0.0,-0.0,0.0,0.0,0.0,0.0,0.0,0.0,0.0
181,9.058333805762231,9.108333808369935,2172,2184,0.0,-0.0,0.0,0.0,0.0,0.0,0.0,0.0,0.0,0.0,-0.0,0.0,0.0,0.0,0.0,0.0,0.0,0.0
182,9.108333808369935,9.158333810977638,2184,2196,0.0,-0.0,0.0,0.0,0.0,0.0,0.0,0.0,0.0,0.0,-0.0,0.0,0.0,0.0,0.0,0.0,0.0,0.0
183,9.158333810977638,9.208333813585341,2196,2208,0.0,-0.0,0.0,1.0,0.0,0.0,0.0,0.0,0.0,0.0,-0.0,-1.0,0.0,0.0,0.0,0.0,0.0,0.0
184,9.208333813585341,9.258333816193044,2208,2220,0.0,-0.0,0.0,1.0,0.0,0.0,0.0,0.0,0.0,0.0,-0.0,-1.0,0.0,0.0,0.0,0.0,0.0,0.0
185,9.258333816193044,9.308333818800747,2220,2232,0.0,-0.0,0.0,0.0,0.0,0.0,0.0,0.0,0.0,0.0,-0.0,0.0,0.0,0.0,0.0,0.0,0.0,0.0
186,9.308333818800747,9.35833382140845,2232,2244,0.0,-0.0,0.0,0.0,0.0,0.0,0.0,0.0,0.0,0.0,-0.0,0.0,0.0,0.0,0.0,0.0,0.0,0.0
187,9.35833382140845,9.408333824016154,2244,2256,0.0,-0.0,0.0,0.0,0.0,0.0,0.0,0.0,0.0,0.0,-0.0,0.0,0.0,0.0,0.0,0.0,0.0,0.0
188,9.408333824016154,9.458333826623857,2256,2268,0.0,-0.0,0.0,0.0,0.0,0.0,0.0,0.0,0.0,0.0,-0.0,0.0,0.0,1.0,0.0,0.0,0.0,0.0
189,9.458333826623857,9.50833382923156,2268,2280,0.0,-0.0,0.0,0.0,0.0,0.0,0.0,0.0,0.0,0.0,-0.0,0.0,0.0,1.0,0.0,0.0,0.0,0.0
190,9.50833382923156,9.558333831839263,2280,2292,0.0,-0.0,0.0,0.0,0.0,0.0,0.0,0.0,0.0,0.0,-0.0,0.0,0.0,1.0,0.0,0.0,0.0,0.0
191,9.558333831839263,9.608333834446967,2292,2304,0.0,-0.0,0.0,0.0,0.0,0.0,0.0,0.0,0.0,0.0,-0.0,0.0,0.0,1.0,0.0,0.0,0.0,0.0
192,9.608333834446967,9.65833383705467,2304,2316,0.0,-0.0,0.0,0.0,0.0,0.0,0.0,0.0,0.0,0.0,-0.0,0.0,0.0,0.0,0.0,0.0,0.0,0.0
193,9.65833383705467,9.708333839662373,2316,2328,0.0,-0.0,0.0,0.0,0.0,0.0,0.0,0.0,0.0,0.0,-0.0,0.0,0.0,0.0,0.0,0.0,0.0,0.0
194,9.708333839662373,9.758333842270076,2328,2340,0.0,-0.0,0.0,0.0,0.0,0.0,0.0,0.0,0.0,0.0,-0.0,0.0,0.0,0.0,0.0,0.0,0.0,0.0
195,9.758333842270076,9.80833384487778,2340,2352,0.0,-0.0,1.0,1.0,0.0,0.0,0.0,0.0,0.0,0.0,-0.0,0.0,0.0,0.0,0.0,0.0,0.0,0.0
196,9.80833384487778,9.858333847485483,2352,2364,0.0,-0.0,1.0,1.0,0.0,0.0,0.0,0.0,0.0,0.0,-0.0,0.0,0.0,0.0,0.0,1.0,0.0,0.0
197,9.858333847485483,9.908333850093186,2364,2376,0.0,-0.0,1.0,1.0,0.0,0.0,0.0,0.0,0.0,0.0,-0.0,0.0,0.0,0.0,0.0,1.0,0.0,0.0
198,9.908333850093186,9.958333852700889,2376,2388,0.0,-0.0,1.0,1.0,0.0,0.0,0.0,0.0,0.0,0.0,-0.0,0.0,0.0,0.0,0.0,1.0,0.0,0.0
199,9.958333852700889,10.008333855308592,2388,2400,0.0,-0.0,1.0,1.0,0.0,0.0,0.0,0.0,0.0,0.0,-0.0,0.0,0.0,0.0,0.0,0.0,0.0,0.0
200,10.008333855308592,10.058333857916296,2400,2412,0.0,-0.0,0.0,1.0,0.0,0.0,0.0,0.0,0.0,0.0,-0.0,0.0,0.0,0.0,0.0,0.0,0.0,0.0
201,10.058333857916296,10.108333860523999,2412,2424,0.0,-0.0,0.0,0.0,0.0,0.0,0.0,0.0,0.0,0.0,-0.0,0.0,0.0,0.0,0.0,0.0,0.0,0.0
202,10.108333860523999,10.158333863131702,2424,2436,0.0,-0.0,0.0,0.0,0.0,0.0,0.0,0.0,0.0,0.0,-0.0,0.0,0.0,0.0,0.0,0.0,0.0,0.0
203,10.158333863131702,10.208333865739405,2436,2448,0.0,-0.0,0.0,0.0,0.0,0.0,0.0,0.0,0.0,0.0,-0.0,0.0,0.0,0.0,0.0,0.0,0.0,0.0
204,10.208333865739405,10.258333868347108,2448,2460,0.0,-0.0,0.0,0.0,0.0,0.0,0.0,0.0,0.0,0.0,-0.0,0.0,0.0,1.0,0.0,0.0,0.0,0.0
205,10.258333868347108,10.308333870954812,2460,2472,0.0,-0.0,0.0,0.0,0.0,0.0,0.0,0.0,0.0,0.0,-0.0,0.0,0.0,0.0,0.0,0.0,0.0,0.0
206,10.308333870954812,10.358333873562515,2472,2484,0.0,-0.0,0.0,0.0,0.0,0.0,0.0,0.0,0.0,0.0,-0.0,0.0,0.0,0.0,0.0,0.0,0.0,0.0
207,10.358333873562515,10.408333876170218,2484,2496,0.0,-0.0,0.0,0.0,0.0,0.0,0.0,0.0,0.0,0.0,-0.0,0.0,0.0,0.0,0.0,0.0,0.0,0.0
208,10.408333876170218,10.458333878777921,2496,2508,0.0,-0.0,0.0,0.0,0.0,0.0,0.0,0.0,0.0,0.0,-0.0,0.0,0.0,0.0,0.0,0.0,0.0,0.0
209,10.458333878777921,10.508333881385624,2508,2520,0.0,-0.0,0.0,0.0,0.0,0.0,0.0,0.0,0.0,0.0,-0.0,0.0,0.0,0.0,0.0,0.0,0.0,0.0
210,10.508333881385624,10.558333883993328,2520,2532,0.0,-0.0,0.0,0.0,0.0,0.0,0.0,0.0,0.0,0.0,-0.0,0.0,0.0,0.0,0.0,0.0,0.0,0.0
211,10.558333883993328,10.60833388660103,2532,2544,0.0,-0.0,0.0,0.0,0.0,0.0,0.0,0.0,0.0,0.0,-0.0,0.0,-1.0,0.0,0.0,0.0,0.0,0.0
212,10.60833388660103,10.658333889208734,2544,2556,0.0,-0.0,0.0,0.0,0.0,0.0,0.0,0.0,0.0,0.0,-0.0,0.0,0.0,0.0,0.0,0.0,0.0,0.0
213,10.658333889208734,10.708333891816437,2556,2568,0.0,-0.0,0.0,0.0,0.0,0.0,0.0,0.0,0.0,0.0,-0.0,0.0,0.0,0.0,0.0,0.0,0.0,0.0
214,10.708333891816437,10.75833389442414,2568,2580,0.0,-0.0,0.0,0.0,0.0,0.0,0.0,0.0,0.0,0.0,-0.0,0.0,0.0,0.0,0.0,0.0,0.0,0.0
215,10.75833389442414,10.808333897031844,2580,2592,0.0,-0.0,0.0,1.0,0.0,0.0,0.0,0.0,0.0,0.0,-0.0,0.0,0.0,0.0,0.0,0.0,0.0,0.0
216,10.808333897031844,10.858333899639547,2592,2604,0.0,-0.0,1.0,1.0,0.0,0.0,0.0,0.0,0.0,0.0,-0.0,0.0,0.0,0.0,0.0,0.0,0.0,0.0
217,10.858333899639547,10.90833390224725,2604,2616,0.0,-0.0,1.0,1.0,0.0,0.0,0.0,0.0,0.0,0.0,-0.0,0.0,0.0,0.0,0.0,0.0,0.0,0.0
218,10.90833390224725,10.958333904854953,2616,2628,0.0,-0.0,1.0,1.0,0.0,0.0,0.0,0.0,0.0,0.0,-0.0,0.0,0.0,0.0,0.0,0.0,0.0,0.0
219,10.958333904854953,11.008333907462656,2628,2640,0.0,-0.0,1.0,1.0,0.0,0.0,0.0,0.0,0.0,0.0,-0.0,0.0,0.0,0.0,0.0,0.0,0.0,0.0
220,11.008333907462656,11.05833391007036,2640,2652,0.0,-0.0,1.0,1.0,0.0,0.0,0.0,0.0,0.0,0.0,-0.0,0.0,0.0,0.0,0.0,0.0,0.0,0.0
221,11.05833391007036,11.108333912678063,2652,2664,0.0,-0.0,0.0,1.0,0.0,0.0,0.0,0.0,0.0,0.0,-0.0,0.0,0.0,0.0,0.0,0.0,0.0,0.0
222,11.108333912678063,11.158333915285766,2664,2676,0.0,-0.0,0.0,1.0,0.0,0.0,0.0,0.0,0.0,0.0,-0.0,0.0,0.0,0.0,0.0,0.0,0.0,0.0
223,11.158333915285766,11.20833391789347,2676,2688,0.0,-0.0,0.0,0.0,0.0,0.0,0.0,0.0,0.0,0.0,-0.0,0.0,0.0,0.0,0.0,0.0,0.0,0.0
224,11.20833391789347,11.258333920501173,2688,2700,0.0,-0.0,0.0,0.0,0.0,0.0,0.0,0.0,0.0,0.0,-0.0,0.0,0.0,0.0,0.0,0.0,0.0,0.0
225,11.258333920501173,11.308333923108876,2700,2712,0.0,-0.0,0.0,0.0,0.0,0.0,0.0,0.0,0.0,0.0,-0.0,0.0,1.0,0.0,0.0,0.0,0.0,0.0
226,11.308333923108876,11.358333925716579,2712,2724,0.0,-0.0,0.0,0.0,0.0,0.0,0.0,0.0,0.0,0.0,-0.0,0.0,0.0,0.0,0.0,0.0,0.0,0.0
227,11.358333925716579,11.408333928324282,2724,2736,0.0,-0.0,0.0,0.0,0.0,0.0,0.0,0.0,0.0,0.0,-0.0,0.0,0.0,0.0,0.0,0.0,0.0,0.0
228,11.408333928324282,11.458333930931985,2736,2748,0.0,-0.0,0.0,0.0,0.0,0.0,0.0,0.0,0.0,0.0,-0.0,0.0,0.0,0.0,0.0,0.0,0.0,0.0
229,11.458333930931985,11.508333933539689,2748,2760,0.0,-0.0,0.0,1.0,0.0,0.0,0.0,0.0,0.0,0.0,-0.0,0.0,0.0,0.0,0.0,0.0,0.0,0.0
230,11.508333933539689,11.558333936147392,2760,2772,0.0,-0.0,0.0,0.0,0.0,0.0,0.0,0.0,0.0,0.0,-0.0,0.0,0.0,0.0,0.0,0.0,0.0,0.0
231,11.558333936147392,11.608333938755095,2772,2784,0.0,-0.0,0.0,0.0,0.0,0.0,0.0,0.0,0.0,0.0,-0.0,0.0,0.0,0.0,0.0,0.0,0.0,0.0
232,11.608333938755095,11.658333941362798,2784,2796,0.0,-0.0,0.0,0.0,0.0,0.0,0.0,0.0,0.0,0.0,-0.0,0.0,0.0,0.0,0.0,0.0,0.0,0.0
233,11.658333941362798,11.708333943970501,2796,2808,0.0,-0.0,0.0,0.0,0.0,0.0,0.0,0.0,0.0,0.0,-0.0,0.0,0.0,0.0,0.0,0.0,0.0,0.0
234,11.708333943970501,11.758333946578205,2808,2820,0.0,-0.0,0.0,0.0,0.0,0.0,0.0,0.0,0.0,0.0,-0.0,0.0,0.0,0.0,0.0,0.0,0.0,0.0
235,11.758333946578205,11.808333949185908,2820,2832,0.0,-0.0,0.0,0.0,0.0,0.0,0.0,0.0,0.0,0.0,-0.0,0.0,0.0,0.0,0.0,0.0,0.0,0.0
236,11.808333949185908,11.858333951793611,2832,2844,0.0,-0.0,0.0,1.0,0.0,0.0,0.0,0.0,0.0,0.0,-0.0,0.0,0.0,1.0,0.0,0.0,0.0,0.0
237,11.858333951793611,11.908333954401314,2844,2856,0.0,-0.0,0.0,1.0,0.0,0.0,0.0,0.0,0.0,0.0,-0.0,0.0,0.0,0.0,0.0,0.0,0.0,0.0
238,11.908333954401314,11.958333957009017,2856,2868,0.0,-0.0,0.0,1.0,0.0,0.0,0.0,0.0,0.0,0.0,-0.0,0.0,0.0,0.0,0.0,0.0,0.0,0.0
239,11.958333957009017,12.00833395961672,2868,2880,0.0,-0.0,0.0,1.0,0.0,0.0,0.0,0.0,0.0,0.0,-0.0,0.0,0.0,0.0,0.0,0.0,0.0,0.0
240,12.00833395961672,12.058333962224424,2880,2892,0.0,-0.0,0.0,-1.0,0.0,0.0,0.0,0.0,0.0,0.0,-0.0,0.0,0.0,0.0,0.0,0.0,0.0,0.0
241,12.058333962224424,12.108333964832127,2892,2904,0.0,-0.0,0.0,-1.0,0.0,0.0,0.0,0.0,0.0,0.0,-0.0,0.0,0.0,0.0,0.0,0.0,0.0,0.0
242,12.108333964832127,12.15833396743983,2904,2916,0.0,-0.0,0.0,-1.0,0.0,0.0,0.0,0.0,0.0,0.0,-0.0,0.0,0.0,0.0,0.0,0.0,0.0,0.0
243,12.15833396743983,12.208333970047534,2916,2928,0.0,-0.0,0.0,-1.0,0.0,0.0,0.0,0.0,0.0,0.0,-0.0,0.0,0.0,0.0,0.0,0.0,0.0,0.0
244,12.208333970047534,12.258333972655237,2928,2940,0.0,-0.0,0.0,0.0,0.0,0.0,0.0,0.0,0.0,0.0,-0.0,0.0,-1.0,0.0,0.0,0.0,0.0,0.0
245,12.258333972655237,12.30833397526294,2940,2952,0.0,-0.0,0.0,0.0,0.0,0.0,0.0,0.0,0.0,0.0,-0.0,0.0,0.0,0.0,0.0,0.0,0.0,0.0
246,12.30833397526294,12.358333977870643,2952,2964,0.0,-0.0,0.0,0.0,0.0,0.0,0.0,0.0,0.0,0.0,-0.0,0.0,0.0,0.0,0.0,0.0,0.0,0.0
247,12.358333977870643,12.408333980478346,2964,2976,0.0,-0.0,0.0,0.0,0.0,0.0,0.0,0.0,0.0,0.0,-0.0,0.0,0.0,0.0,0.0,0.0,0.0,1.0
248,12.408333980478346,12.45833398308605,2976,2988,0.0,-0.0,0.0,0.0,0.0,0.0,0.0,0.0,0.0,0.0,-0.0,0.0,0.0,0.0,0.0,0.0,0.0,0.0
249,12.45833398308605,12.508333985693753,2988,3000,0.0,-0.0,0.0,-1.0,0.0,0.0,0.0,0.0,0.0,0.0,-0.0,0.0,0.0,0.0,0.0,0.0,0.0,0.0
250,12.508333985693753,12.558333988301456,3000,3012,0.0,-0.0,0.0,-1.0,0.0,0.0,0.0,0.0,0.0,0.0,-0.0,0.0,0.0,0.0,0.0,0.0,0.0,0.0
251,12.558333988301456,12.60833399090916,3012,3024,0.0,-0.0,0.0,-1.0,0.0,0.0,0.0,0.0,0.0,0.0,-0.0,0.0,0.0,0.0,0.0,0.0,0.0,0.0
252,12.60833399090916,12.658333993516862,3024,3036,0.0,-0.0,0.0,0.0,0.0,0.0,0.0,0.0,0.0,0.0,-0.0,0.0,0.0,0.0,0.0,0.0,0.0,0.0
253,12.658333993516862,12.708333996124566,3036,3048,0.0,-0.0,0.0,0.0,0.0,0.0,0.0,0.0,0.0,0.0,-0.0,0.0,0.0,0.0,0.0,0.0,0.0,0.0
254,12.708333996124566,12.758333998732269,3048,3060,0.0,-0.0,0.0,0.0,0.0,0.0,0.0,0.0,0.0,0.0,-0.0,0.0,0.0,0.0,0.0,0.0,0.0,0.0
255,12.758333998732269,12.808334001339972,3060,3072,0.0,-0.0,0.0,0.0,0.0,0.0,0.0,0.0,0.0,0.0,-0.0,0.0,0.0,0.0,0.0,0.0,0.0,0.0
256,12.808334001339972,12.858334003947675,3072,3084,0.0,-0.0,0.0,0.0,1.0,0.0,0.0,0.0,0.0,0.0,-0.0,0.0,0.0,0.0,0.0,0.0,0.0,0.0
257,12.858334003947675,12.908334006555378,3084,3096,0.0,-0.0,0.0,0.0,1.0,0.0,0.0,0.0,0.0,0.0,-0.0,0.0,0.0,0.0,0.0,0.0,0.0,0.0
258,12.908334006555378,12.958334009163082,3096,3108,0.0,-0.0,0.0,0.0,1.0,0.0,0.0,0.0,0.0,0.0,-0.0,0.0,0.0,0.0,0.0,0.0,0.0,0.0
259,12.958334009163082,13.008334011770785,3108,3120,0.0,-0.0,0.0,0.0,1.0,0.0,0.0,0.0,0.0,0.0,-0.0,0.0,0.0,0.0,0.0,0.0,0.0,0.0
260,13.008334011770785,13.058334014378488,3120,3132,0.0,-0.0,0.0,0.0,1.0,0.0,0.0,0.0,0.0,0.0,-0.0,0.0,0.0,0.0,0.0,0.0,0.0,0.0
261,13.058334014378488,13.108334016986191,3132,3144,0.0,-0.0,0.0,0.0,0.0,0.0,1.0,0.0,0.0,0.0,-0.0,0.0,0.0,0.0,0.0,0.0,0.0,0.0
262,13.108334016986191,13.158334019593894,3144,3156,0.0,-0.0,0.0,0.0,0.0,0.0,1.0,0.0,0.0,0.0,-0.0,0.0,0.0,0.0,0.0,0.0,0.0,0.0
263,13.158334019593894,13.208334022201598,3156,3168,0.0,-0.0,0.0,0.0,0.0,0.0,1.0,0.0,0.0,0.0,-0.0,0.0,0.0,0.0,0.0,0.0,0.0,0.0
264,13.208334022201598,13.258334024809301,3168,3180,0.0,-0.0,0.0,0.0,0.0,0.0,0.0,0.0,0.0,0.0,-0.0,0.0,0.0,0.0,0.0,0.0,0.0,0.0
265,13.258334024809301,13.308334027417004,3180,3192,0.0,-0.0,0.0,0.0,0.0,0.0,1.0,0.0,0.0,0.0,-0.0,0.0,0.0,0.0,0.0,0.0,0.0,0.0
266,13.308334027417004,13.358334030024707,3192,3204,0.0,-0.0,0.0,0.0,0.0,0.0,0.0,0.0,0.0,0.0,-0.0,0.0,0.0,0.0,0.0,0.0,0.0,0.0
267,13.358334030024707,13.40833403263241,3204,3216,0.0,-0.0,0.0,0.0,0.0,0.0,0.0,0.0,0.0,0.0,-0.0,0.0,0.0,0.0,0.0,0.0,0.0,0.0
268,13.40833403263241,13.458334035240114,3216,3228,0.0,-0.0,0.0,0.0,0.0,0.0,0.0,0.0,0.0,0.0,-0.0,0.0,0.0,0.0,0.0,0.0,0.0,0.0
269,13.458334035240114,13.508334037847817,3228,3240,0.0,-0.0,0.0,0.0,0.0,0.0,0.0,0.0,0.0,0.0,-0.0,0.0,0.0,0.0,0.0,0.0,0.0,0.0
270,13.508334037847817,13.55833404045552,3240,3252,0.0,-0.0,0.0,0.0,0.0,0.0,0.0,0.0,0.0,0.0,-0.0,0.0,0.0,0.0,0.0,0.0,0.0,0.0
271,13.55833404045552,13.608334043063223,3252,3264,0.0,-0.0,0.0,0.0,0.0,0.0,0.0,0.0,0.0,0.0,-0.0,0.0,0.0,0.0,0.0,0.0,0.0,0.0
272,13.608334043063223,13.658334045670927,3264,3276,0.0,-0.0,0.0,1.0,0.0,0.0,0.0,0.0,0.0,0.0,-0.0,0.0,0.0,0.0,0.0,0.0,0.0,0.0
273,13.658334045670927,13.70833404827863,3276,3288,0.0,-0.0,0.0,1.0,0.0,0.0,0.0,0.0,0.0,0.0,-0.0,0.0,0.0,0.0,0.0,0.0,0.0,0.0
274,13.70833404827863,13.758334050886333,3288,3300,0.0,-0.0,0.0,0.0,0.0,0.0,0.0,0.0,0.0,0.0,-0.0,0.0,0.0,0.0,0.0,0.0,0.0,0.0
275,13.758334050886333,13.808334053494036,3300,3312,0.0,-0.0,0.0,0.0,0.0,0.0,0.0,0.0,0.0,0.0,-0.0,0.0,0.0,0.0,0.0,0.0,0.0,0.0
276,13.808334053494036,13.85833405610174,3312,3324,0.0,1.0,0.0,0.0,0.0,0.0,0.0,0.0,0.0,0.0,-0.0,0.0,0.0,0.0,0.0,0.0,0.0,0.0
277,13.85833405610174,13.908334058709443,3324,3336,0.0,-0.0,0.0,0.0,0.0,0.0,0.0,0.0,0.0,0.0,-0.0,0.0,0.0,0.0,0.0,0.0,0.0,0.0
278,13.908334058709443,13.958334061317146,3336,3348,0.0,1.0,0.0,0.0,0.0,0.0,0.0,0.0,0.0,0.0,-0.0,0.0,0.0,0.0,0.0,0.0,0.0,0.0
279,13.958334061317146,14.008334063924849,3348,3360,0.0,1.0,0.0,0.0,0.0,0.0,0.0,0.0,0.0,0.0,-0.0,0.0,0.0,0.0,0.0,0.0,0.0,0.0
280,14.008334063924849,14.058334066532552,3360,3372,0.0,1.0,0.0,0.0,0.0,0.0,0.0,0.0,0.0,0.0,-0.0,0.0,1.0,0.0,0.0,0.0,0.0,0.0
281,14.058334066532552,14.108334069140255,3372,3384,0.0,-0.0,0.0,0.0,0.0,0.0,0.0,0.0,0.0,0.0,-0.0,0.0,1.0,0.0,0.0,0.0,0.0,0.0
282,14.108334069140255,14.158334071747959,3384,3396,0.0,-0.0,0.0,0.0,0.0,0.0,0.0,0.0,0.0,0.0,-0.0,0.0,0.0,0.0,0.0,0.0,0.0,0.0
283,14.158334071747959,14.208334074355662,3396,3408,0.0,-0.0,0.0,0.0,0.0,0.0,0.0,0.0,0.0,0.0,-0.0,0.0,0.0,0.0,0.0,0.0,0.0,0.0
284,14.208334074355662,14.258334076963365,3408,3420,0.0,-0.0,0.0,0.0,0.0,0.0,0.0,0.0,0.0,0.0,-0.0,0.0,0.0,0.0,0.0,0.0,0.0,0.0
285,14.258334076963365,14.308334079571068,3420,3432,0.0,-0.0,0.0,0.0,0.0,0.0,0.0,0.0,0.0,0.0,-0.0,0.0,0.0,0.0,0.0,0.0,0.0,0.0
286,14.308334079571068,14.358334082178771,3432,3444,0.0,-0.0,0.0,0.0,0.0,0.0,0.0,0.0,0.0,0.0,-0.0,0.0,0.0,0.0,0.0,0.0,0.0,0.0
287,14.358334082178771,14.408334084786475,3444,3456,0.0,-0.0,0.0,0.0,0.0,0.0,-1.0,0.0,0.0,0.0,-0.0,0.0,0.0,0.0,0.0,0.0,0.0,0.0
288,14.408334084786475,14.458334087394178,3456,3468,0.0,-0.0,0.0,0.0,0.0,0.0,0.0,0.0,0.0,0.0,-0.0,0.0,0.0,0.0,0.0,0.0,0.0,0.0
289,14.458334087394178,14.508334090001881,3468,3480,0.0,-0.0,0.0,0.0,0.0,0.0,0.0,0.0,0.0,0.0,-0.0,0.0,0.0,0.0,0.0,0.0,0.0,0.0
290,14.508334090001881,14.558334092609584,3480,3492,0.0,1.0,0.0,0.0,0.0,0.0,0.0,0.0,0.0,0.0,-0.0,0.0,0.0,0.0,0.0,0.0,0.0,0.0
291,14.558334092609584,14.608334095217288,3492,3504,0.0,-0.0,0.0,-1.0,0.0,0.0,0.0,0.0,0.0,0.0,-0.0,0.0,0.0,0.0,0.0,0.0,0.0,0.0
292,14.608334095217288,14.65833409782499,3504,3516,0.0,-0.0,0.0,-1.0,0.0,0.0,0.0,0.0,0.0,0.0,-0.0,0.0,0.0,0.0,0.0,0.0,0.0,0.0
293,14.65833409782499,14.708334100432694,3516,3528,0.0,-0.0,0.0,0.0,0.0,0.0,0.0,0.0,0.0,0.0,-0.0,0.0,0.0,0.0,0.0,0.0,0.0,0.0
294,14.708334100432694,14.758334103040397,3528,3540,0.0,-0.0,0.0,0.0,0.0,0.0,0.0,0.0,0.0,0.0,-0.0,0.0,0.0,0.0,0.0,0.0,0.0,0.0
295,14.758334103040397,14.8083341056481,3540,3552,0.0,-0.0,0.0,0.0,0.0,0.0,0.0,0.0,0.0,0.0,-0.0,0.0,0.0,0.0,0.0,0.0,0.0,0.0
296,14.8083341056481,14.858334108255804,3552,3564,0.0,-0.0,0.0,0.0,0.0,0.0,0.0,0.0,0.0,0.0,-0.0,0.0,0.0,0.0,0.0,0.0,0.0,0.0
297,14.858334108255804,14.908334110863507,3564,3576,0.0,-0.0,0.0,0.0,0.0,0.0,0.0,0.0,0.0,0.0,-0.0,0.0,0.0,0.0,0.0,0.0,0.0,0.0
298,14.908334110863507,14.95833411347121,3576,3588,0.0,-0.0,0.0,0.0,0.0,0.0,0.0,0.0,0.0,0.0,-0.0,0.0,0.0,0.0,0.0,0.0,0.0,0.0
299,14.95833411347121,15.008334116078913,3588,3600,0.0,-0.0,0.0,0.0,0.0,0.0,0.0,0.0,0.0,0.0,-0.0,0.0,0.0,0.0,0.0,0.0,0.0,0.0
300,15.008334116078913,15.058334118686616,3600,3612,0.0,-0.0,0.0,0.0,0.0,0.0,0.0,0.0,0.0,0.0,-0.0,0.0,0.0,0.0,0.0,0.0,0.0,0.0
301,15.058334118686616,15.10833412129432,3612,3624,0.0,-0.0,0.0,0.0,0.0,0.0,0.0,0.0,0.0,0.0,-0.0,0.0,0.0,0.0,0.0,0.0,0.0,0.0
302,15.10833412129432,15.158334123902023,3624,3636,0.0,-0.0,0.0,0.0,0.0,0.0,0.0,0.0,0.0,0.0,-0.0,0.0,0.0,0.0,0.0,0.0,0.0,0.0
303,15.158334123902023,15.208334126509726,3636,3648,0.0,-0.0,0.0,0.0,0.0,0.0,0.0,0.0,0.0,0.0,-0.0,0.0,0.0,0.0,0.0,0.0,0.0,0.0
304,15.208334126509726,15.25833412911743,3648,3660,0.0,-0.0,0.0,0.0,0.0,0.0,0.0,0.0,0.0,0.0,-0.0,0.0,0.0,0.0,0.0,0.0,0.0,0.0
305,15.25833412911743,15.308334131725132,3660,3672,0.0,-0.0,0.0,0.0,0.0,0.0,0.0,0.0,0.0,0.0,-0.0,0.0,0.0,0.0,0.0,0.0,0.0,0.0
306,15.308334131725132,15.358334134332836,3672,3684,0.0,-0.0,0.0,0.0,0.0,0.0,0.0,0.0,1.0,0.0,-0.0,0.0,0.0,0.0,0.0,0.0,0.0,0.0
307,15.358334134332836,15.408334136940539,3684,3696,0.0,-0.0,0.0,-1.0,0.0,0.0,0.0,0.0,0.0,0.0,-0.0,0.0,0.0,0.0,0.0,0.0,0.0,0.0
308,15.408334136940539,15.458334139548242,3696,3708,0.0,-0.0,0.0,0.0,0.0,0.0,0.0,0.0,0.0,0.0,-0.0,0.0,0.0,0.0,0.0,0.0,0.0,0.0
309,15.458334139548242,15.508334142155945,3708,3720,0.0,-0.0,0.0,0.0,0.0,0.0,0.0,0.0,0.0,0.0,-0.0,0.0,0.0,0.0,0.0,0.0,0.0,0.0
310,15.508334142155945,15.558334144763649,3720,3732,0.0,-0.0,0.0,0.0,0.0,0.0,0.0,0.0,0.0,0.0,-0.0,0.0,0.0,0.0,0.0,0.0,0.0,0.0
311,15.558334144763649,15.608334147371352,3732,3744,0.0,-0.0,0.0,0.0,0.0,0.0,0.0,0.0,0.0,0.0,-0.0,0.0,0.0,0.0,0.0,0.0,0.0,0.0
312,15.608334147371352,15.658334149979055,3744,3756,-1.0,-0.0,0.0,0.0,0.0,0.0,0.0,0.0,0.0,0.0,-0.0,0.0,0.0,0.0,0.0,0.0,0.0,0.0
313,15.658334149979055,15.708334152586758,3756,3768,0.0,-0.0,0.0,0.0,0.0,0.0,0.0,0.0,0.0,0.0,-0.0,0.0,0.0,0.0,0.0,0.0,0.0,0.0
314,15.708334152586758,15.758334155194461,3768,3780,-1.0,-0.0,0.0,0.0,0.0,0.0,0.0,0.0,0.0,0.0,-0.0,0.0,0.0,0.0,0.0,0.0,0.0,0.0
315,15.758334155194461,15.808334157802165,3780,3792,-1.0,-0.0,0.0,0.0,0.0,0.0,0.0,0.0,0.0,0.0,-0.0,0.0,0.0,0.0,0.0,0.0,0.0,0.0
316,15.808334157802165,15.858334160409868,3792,3804,-1.0,-0.0,0.0,0.0,0.0,0.0,0.0,0.0,0.0,0.0,-0.0,0.0,0.0,0.0,0.0,0.0,0.0,0.0
317,15.858334160409868,15.908334163017571,3804,3816,0.0,-0.0,0.0,0.0,0.0,0.0,0.0,0.0,0.0,0.0,-0.0,0.0,0.0,0.0,0.0,0.0,0.0,0.0
318,15.908334163017571,15.958334165625274,3816,3828,-1.0,-0.0,0.0,0.0,0.0,0.0,0.0,0.0,0.0,0.0,-0.0,0.0,0.0,0.0,0.0,0.0,0.0,0.0
319,15.958334165625274,16.008334168232977,3828,3840,0.0,-0.0,0.0,0.0,0.0,0.0,0.0,0.0,0.0,0.0,-0.0,0.0,0.0,0.0,0.0,0.0,0.0,0.0
320,16.008334168232977,16.05833417084068,3840,3852,0.0,-0.0,0.0,0.0,0.0,0.0,0.0,0.0,0.0,0.0,-0.0,0.0,0.0,0.0,0.0,0.0,0.0,0.0
321,16.05833417084068,16.108334173448384,3852,3864,-1.0,-0.0,0.0,0.0,0.0,0.0,0.0,0.0,0.0,0.0,-0.0,0.0,0.0,0.0,0.0,0.0,0.0,0.0
322,16.108334173448384,16.158334176056087,3864,3876,0.0,-0.0,0.0,0.0,0.0,0.0,0.0,0.0,0.0,0.0,-0.0,0.0,0.0,0.0,0.0,0.0,0.0,0.0
323,16.158334176056087,16.20833417866379,3876,3888,0.0,-0.0,0.0,0.0,0.0,0.0,0.0,0.0,0.0,0.0,-0.0,0.0,0.0,0.0,0.0,0.0,0.0,0.0
324,16.20833417866379,16.258334181271493,3888,3900,-1.0,-0.0,0.0,0.0,0.0,0.0,0.0,0.0,0.0,0.0,-0.0,0.0,0.0,0.0,0.0,0.0,0.0,0.0
325,16.258334181271493,16.308334183879197,3900,3912,-1.0,-0.0,0.0,0.0,0.0,0.0,0.0,0.0,0.0,0.0,-0.0,0.0,0.0,0.0,0.0,0.0,0.0,0.0
326,16.308334183879197,16.3583341864869,3912,3924,-1.0,-0.0,0.0,0.0,0.0,0.0,0.0,0.0,0.0,0.0,-0.0,0.0,0.0,0.0,0.0,0.0,0.0,0.0
327,16.3583341864869,16.408334189094603,3924,3936,0.0,-0.0,0.0,0.0,0.0,0.0,0.0,0.0,0.0,0.0,-0.0,0.0,0.0,0.0,0.0,0.0,0.0,0.0
328,16.408334189094603,16.458334191702306,3936,3948,0.0,-0.0,0.0,0.0,0.0,0.0,0.0,0.0,0.0,0.0,-0.0,0.0,0.0,0.0,0.0,0.0,0.0,0.0
329,16.458334191702306,16.50833419431001,3948,3960,0.0,-0.0,0.0,0.0,0.0,0.0,0.0,0.0,0.0,0.0,-0.0,0.0,0.0,0.0,0.0,0.0,0.0,0.0
330,16.50833419431001,16.558334196917713,3960,3972,0.0,-0.0,0.0,0.0,0.0,0.0,0.0,0.0,0.0,0.0,-0.0,0.0,0.0,0.0,0.0,0.0,0.0,0.0
331,16.558334196917713,16.608334199525416,3972,3984,0.0,-0.0,0.0,0.0,0.0,0.0,0.0,0.0,0.0,0.0,-0.0,0.0,0.0,0.0,0.0,0.0,0.0,0.0
332,16.608334199525416,16.65833420213312,3984,3996,0.0,-0.0,0.0,1.0,0.0,0.0,0.0,0.0,0.0,0.0,-0.0,0.0,0.0,0.0,0.0,0.0,0.0,0.0
333,16.65833420213312,16.708334204740822,3996,4008,0.0,-0.0,0.0,0.0,0.0,0.0,0.0,0.0,0.0,0.0,-0.0,0.0,0.0,0.0,0.0,0.0,0.0,0.0
334,16.708334204740822,16.758334207348526,4008,4020,0.0,-0.0,0.0,0.0,0.0,0.0,0.0,0.0,0.0,0.0,-0.0,0.0,0.0,0.0,0.0,0.0,0.0,0.0
335,16.758334207348526,16.80833420995623,4020,4032,0.0,-0.0,0.0,0.0,0.0,0.0,0.0,0.0,0.0,0.0,-0.0,0.0,0.0,0.0,0.0,0.0,0.0,0.0
336,16.80833420995623,16.858334212563932,4032,4044,0.0,-0.0,0.0,0.0,0.0,0.0,0.0,0.0,0.0,0.0,-0.0,0.0,0.0,0.0,0.0,0.0,0.0,0.0
337,16.858334212563932,16.908334215171635,4044,4056,0.0,-0.0,0.0,0.0,0.0,0.0,0.0,0.0,0.0,0.0,-0.0,0.0,0.0,0.0,0.0,0.0,0.0,0.0
338,16.908334215171635,16.95833421777934,4056,4068,0.0,-0.0,0.0,0.0,0.0,0.0,0.0,0.0,0.0,0.0,-0.0,0.0,0.0,0.0,0.0,0.0,0.0,0.0
339,16.95833421777934,17.00833422038704,4068,4080,0.0,-0.0,0.0,0.0,0.0,0.0,0.0,0.0,0.0,0.0,-0.0,0.0,0.0,0.0,0.0,0.0,0.0,0.0
340,17.00833422038704,17.058334222994745,4080,4092,0.0,-0.0,0.0,1.0,0.0,0.0,0.0,0.0,0.0,0.0,-0.0,0.0,0.0,0.0,0.0,0.0,0.0,0.0
341,17.058334222994745,17.108334225602448,4092,4104,0.0,-0.0,0.0,1.0,0.0,0.0,0.0,0.0,0.0,0.0,-0.0,0.0,0.0,0.0,0.0,0.0,0.0,0.0
342,17.108334225602448,17.15833422821015,4104,4116,0.0,-0.0,0.0,0.0,0.0,0.0,0.0,0.0,0.0,0.0,-0.0,0.0,0.0,0.0,0.0,0.0,0.0,0.0
343,17.15833422821015,17.208334230817854,4116,4128,0.0,-0.0,0.0,0.0,0.0,0.0,0.0,0.0,0.0,0.0,-0.0,0.0,0.0,0.0,0.0,0.0,0.0,0.0
344,17.208334230817854,17.258334233425558,4128,4140,0.0,-0.0,0.0,0.0,0.0,0.0,0.0,0.0,0.0,0.0,-0.0,0.0,0.0,0.0,0.0,0.0,0.0,0.0
345,17.258334233425558,17.30833423603326,4140,4152,0.0,-0.0,0.0,0.0,0.0,0.0,0.0,0.0,0.0,0.0,-0.0,0.0,0.0,0.0,0.0,0.0,0.0,0.0
346,17.30833423603326,17.358334238640964,4152,4164,0.0,-0.0,0.0,0.0,0.0,0.0,0.0,0.0,0.0,0.0,-0.0,0.0,0.0,0.0,0.0,0.0,0.0,0.0
347,17.358334238640964,17.408334241248667,4164,4176,0.0,1.0,0.0,0.0,0.0,0.0,0.0,0.0,0.0,0.0,-0.0,0.0,0.0,0.0,0.0,0.0,0.0,0.0
348,17.408334241248667,17.45833424385637,4176,4188,0.0,1.0,0.0,0.0,0.0,0.0,0.0,0.0,0.0,-1.0,-0.0,0.0,0.0,0.0,0.0,0.0,0.0,0.0
349,17.45833424385637,17.508334246464074,4188,4200,0.0,1.0,0.0,0.0,0.0,0.0,0.0,0.0,0.0,-1.0,-0.0,0.0,0.0,0.0,0.0,0.0,0.0,0.0
350,17.508334246464074,17.558334249071777,4200,4212,0.0,1.0,0.0,0.0,0.0,0.0,0.0,0.0,0.0,-1.0,-0.0,0.0,0.0,0.0,0.0,0.0,0.0,0.0
351,17.558334249071777,17.60833425167948,4212,4224,0.0,1.0,0.0,0.0,0.0,0.0,0.0,0.0,0.0,-1.0,-1.0,0.0,0.0,0.0,0.0,0.0,0.0,0.0
352,17.60833425167948,17.658334254287183,4224,4236,0.0,1.0,0.0,0.0,0.0,0.0,0.0,0.0,0.0,-1.0,-1.0,0.0,0.0,0.0,0.0,0.0,0.0,0.0
353,17.658334254287183,17.708334256894886,4236,4248,0.0,1.0,0.0,0.0,0.0,0.0,0.0,0.0,0.0,-1.0,-1.0,0.0,0.0,0.0,0.0,0.0,0.0,0.0
354,17.708334256894886,17.75833425950259,4248,4260,0.0,1.0,0.0,0.0,0.0,0.0,0.0,0.0,0.0,-1.0,-1.0,0.0,0.0,0.0,0.0,0.0,0.0,0.0
355,17.75833425950259,17.808334262110293,4260,4272,0.0,1.0,0.0,0.0,0.0,0.0,0.0,0.0,0.0,-1.0,-1.0,0.0,0.0,0.0,0.0,0.0,0.0,0.0
356,17.808334262110293,17.858334264717996,4272,4284,0.0,1.0,0.0,0.0,0.0,0.0,0.0,0.0,0.0,-1.0,-1.0,0.0,0.0,0.0,0.0,0.0,0.0,0.0
357,17.858334264717996,17.9083342673257,4284,4296,0.0,1.0,0.0,0.0,0.0,0.0,0.0,0.0,0.0,0.0,-1.0,0.0,0.0,0.0,0.0,0.0,0.0,0.0
358,17.9083342673257,17.958334269933403,4296,4308,0.0,1.0,0.0,0.0,0.0,0.0,0.0,0.0,0.0,0.0,-1.0,0.0,0.0,0.0,0.0,0.0,0.0,0.0
359,17.958334269933403,18.008334272541106,4308,4320,0.0,1.0,0.0,0.0,0.0,0.0,0.0,0.0,0.0,0.0,-1.0,0.0,0.0,0.0,0.0,0.0,0.0,0.0
360,18.008334272541106,18.05833427514881,4320,4332,0.0,1.0,0.0,0.0,0.0,0.0,0.0,0.0,0.0,0.0,-1.0,0.0,0.0,0.0,0.0,0.0,0.0,0.0
361,18.05833427514881,18.108334277756512,4332,4344,1.0,1.0,0.0,0.0,0.0,0.0,0.0,0.0,0.0,0.0,-1.0,0.0,0.0,0.0,0.0,0.0,0.0,0.0
362,18.108334277756512,18.158334280364215,4344,4356,1.0,1.0,0.0,0.0,0.0,0.0,0.0,0.0,0.0,0.0,-1.0,0.0,0.0,0.0,0.0,0.0,0.0,0.0
363,18.158334280364215,18.20833428297192,4356,4368,1.0,1.0,0.0,0.0,0.0,0.0,0.0,0.0,0.0,0.0,-1.0,0.0,0.0,0.0,0.0,0.0,0.0,0.0
364,18.20833428297192,18.258334285579622,4368,4380,1.0,1.0,0.0,0.0,0.0,0.0,0.0,0.0,0.0,0.0,-1.0,0.0,0.0,0.0,0.0,0.0,0.0,0.0
365,18.258334285579622,18.308334288187325,4380,4392,1.0,1.0,0.0,0.0,0.0,0.0,0.0,0.0,0.0,0.0,-1.0,0.0,0.0,0.0,0.0,0.0,0.0,0.0
366,18.308334288187325,18.358334290795028,4392,4404,1.0,1.0,0.0,0.0,0.0,0.0,0.0,0.0,0.0,-1.0,-0.0,0.0,0.0,0.0,0.0,0.0,0.0,0.0
367,18.358334290795028,18.40833429340273,4404,4416,1.0,-0.0,0.0,0.0,0.0,0.0,0.0,0.0,0.0,-1.0,-0.0,0.0,0.0,0.0,0.0,0.0,0.0,0.0
368,18.40833429340273,18.458334296010435,4416,4428,1.0,-0.0,0.0,0.0,0.0,0.0,0.0,0.0,0.0,-1.0,-0.0,0.0,0.0,0.0,0.0,0.0,0.0,0.0
369,18.458334296010435,18.508334298618138,4428,4440,1.0,-0.0,0.0,0.0,0.0,0.0,0.0,0.0,0.0,-1.0,-0.0,0.0,0.0,0.0,0.0,0.0,0.0,0.0
370,18.508334298618138,18.55833430122584,4440,4452,1.0,-0.0,0.0,0.0,0.0,0.0,0.0,0.0,0.0,-1.0,-0.0,0.0,0.0,0.0,0.0,0.0,0.0,0.0
371,18.55833430122584,18.608334303833544,4452,4464,1.0,-0.0,0.0,0.0,0.0,0.0,0.0,0.0,0.0,-1.0,-0.0,0.0,0.0,0.0,0.0,0.0,0.0,0.0
372,18.608334303833544,18.658334306441247,4464,4476,1.0,-0.0,0.0,0.0,0.0,0.0,0.0,0.0,0.0,-1.0,-0.0,0.0,0.0,0.0,0.0,0.0,0.0,0.0
373,18.658334306441247,18.70833430904895,4476,4488,1.0,-0.0,0.0,0.0,0.0,0.0,0.0,0.0,0.0,-1.0,-1.0,0.0,0.0,0.0,0.0,0.0,0.0,0.0
374,18.70833430904895,18.758334311656654,4488,4500,1.0,-0.0,0.0,0.0,0.0,0.0,0.0,0.0,0.0,-1.0,-1.0,0.0,0.0,0.0,0.0,0.0,0.0,0.0
375,18.758334311656654,18.808334314264357,4500,4512,1.0,-0.0,0.0,0.0,0.0,0.0,0.0,0.0,0.0,-1.0,-1.0,0.0,0.0,0.0,0.0,0.0,0.0,0.0
376,18.808334314264357,18.85833431687206,4512,4524,1.0,-0.0,0.0,0.0,0.0,0.0,0.0,0.0,0.0,-1.0,-1.0,0.0,0.0,0.0,0.0,0.0,0.0,0.0
377,18.85833431687206,18.908334319479764,4524,4536,1.0,-0.0,0.0,0.0,0.0,0.0,0.0,0.0,0.0,-1.0,-1.0,0.0,0.0,0.0,0.0,0.0,0.0,0.0
378,18.908334319479764,18.958334322087467,4536,4548,1.0,-0.0,0.0,0.0,0.0,0.0,0.0,0.0,0.0,-1.0,-1.0,0.0,0.0,0.0,0.0,0.0,0.0,0.0
379,18.958334322087467,19.00833432469517,4548,4560,1.0,-0.0,0.0,0.0,0.0,0.0,0.0,0.0,0.0,-1.0,-1.0,0.0,0.0,0.0,0.0,0.0,0.0,0.0
380,19.00833432469517,19.058334327302873,4560,4572,1.0,-0.0,0.0,0.0,0.0,0.0,0.0,0.0,0.0,-1.0,-0.0,0.0,0.0,0.0,0.0,0.0,0.0,0.0
381,19.058334327302873,19.108334329910576,4572,4584,1.0,-0.0,0.0,0.0,0.0,0.0,0.0,0.0,0.0,-1.0,-0.0,0.0,0.0,0.0,0.0,0.0,0.0,0.0
382,19.108334329910576,19.15833433251828,4584,4596,1.0,-0.0,0.0,0.0,0.0,0.0,0.0,0.0,0.0,-1.0,-0.0,0.0,0.0,0.0,0.0,0.0,0.0,0.0
383,19.15833433251828,19.208334335125983,4596,4608,1.0,-0.0,0.0,0.0,0.0,0.0,0.0,0.0,0.0,-1.0,-0.0,0.0,0.0,0.0,0.0,0.0,0.0,0.0
384,19.208334335125983,19.258334337733686,4608,4620,1.0,-0.0,0.0,0.0,0.0,0.0,0.0,0.0,0.0,-1.0,-0.0,0.0,0.0,0.0,0.0,0.0,0.0,0.0
385,19.258334337733686,19.30833434034139,4620,4632,1.0,-0.0,0.0,0.0,0.0,0.0,0.0,0.0,0.0,-1.0,-0.0,0.0,0.0,0.0,0.0,0.0,0.0,0.0
386,19.30833434034139,19.358334342949092,4632,4644,1.0,-0.0,0.0,0.0,0.0,0.0,0.0,0.0,0.0,-1.0,-0.0,0.0,0.0,0.0,0.0,0.0,0.0,0.0
387,19.358334342949092,19.408334345556796,4644,4656,1.0,-0.0,0.0,0.0,0.0,0.0,0.0,0.0,0.0,-1.0,-0.0,0.0,0.0,0.0,0.0,0.0,0.0,0.0
388,19.408334345556796,19.4583343481645,4656,4668,1.0,-0.0,0.0,0.0,0.0,0.0,0.0,0.0,0.0,-1.0,-0.0,0.0,0.0,0.0,0.0,0.0,0.0,0.0
389,19.4583343481645,19.508334350772202,4668,4680,1.0,-0.0,0.0,0.0,0.0,0.0,0.0,0.0,0.0,-1.0,-0.0,0.0,0.0,0.0,0.0,0.0,0.0,0.0
390,19.508334350772202,19.558334353379905,4680,4692,1.0,-0.0,0.0,0.0,0.0,0.0,0.0,0.0,0.0,-1.0,-0.0,0.0,0.0,0.0,0.0,0.0,0.0,0.0
391,19.558334353379905,19.60833435598761,4692,4704,1.0,-0.0,0.0,0.0,0.0,0.0,0.0,0.0,0.0,-1.0,-0.0,0.0,0.0,0.0,0.0,0.0,0.0,0.0
392,19.60833435598761,19.65833435859531,4704,4716,1.0,-0.0,0.0,0.0,0.0,0.0,0.0,0.0,0.0,-1.0,-0.0,0.0,0.0,0.0,0.0,0.0,0.0,0.0
393,19.65833435859531,19.708334361203015,4716,4728,1.0,-0.0,0.0,0.0,0.0,0.0,0.0,0.0,0.0,-1.0,-0.0,0.0,0.0,0.0,0.0,0.0,0.0,0.0
394,19.708334361203015,19.758334363810718,4728,4740,1.0,-0.0,0.0,0.0,0.0,0.0,0.0,0.0,0.0,-1.0,-0.0,0.0,0.0,0.0,0.0,0.0,0.0,0.0
395,19.758334363810718,19.80833436641842,4740,4752,1.0,-0.0,0.0,0.0,0.0,0.0,0.0,0.0,0.0,-1.0,-0.0,0.0,0.0,0.0,0.0,0.0,0.0,0.0
396,19.80833436641842,19.858334369026124,4752,4764,1.0,-0.0,0.0,0.0,0.0,0.0,0.0,0.0,0.0,-1.0,-0.0,0.0,0.0,0.0,0.0,0.0,0.0,0.0
397,19.858334369026124,19.908334371633828,4764,4776,1.0,-0.0,0.0,0.0,0.0,0.0,0.0,0.0,0.0,-1.0,-0.0,0.0,0.0,0.0,0.0,0.0,0.0,0.0
398,19.908334371633828,19.95833437424153,4776,4788,1.0,-0.0,0.0,0.0,0.0,0.0,0.0,0.0,0.0,-1.0,-0.0,0.0,0.0,0.0,0.0,0.0,0.0,0.0
399,19.95833437424153,20.008334376849234,4788,4800,1.0,-0.0,0.0,0.0,0.0,0.0,0.0,0.0,0.0,-1.0,-0.0,0.0,0.0,0.0,0.0,0.0,0.0,0.0
400,20.008334376849234,20.058334379456937,4800,4812,1.0,-0.0,0.0,0.0,0.0,0.0,0.0,0.0,0.0,-1.0,-0.0,0.0,0.0,0.0,0.0,0.0,0.0,0.0
401,20.058334379456937,20.10833438206464,4812,4824,1.0,-0.0,0.0,0.0,0.0,0.0,0.0,0.0,0.0,-1.0,-0.0,0.0,0.0,0.0,0.0,0.0,0.0,0.0
402,20.10833438206464,20.158334384672344,4824,4836,1.0,-0.0,0.0,0.0,0.0,0.0,0.0,0.0,0.0,-1.0,-0.0,0.0,0.0,0.0,0.0,0.0,0.0,0.0
403,20.158334384672344,20.208334387280047,4836,4848,1.0,-0.0,0.0,0.0,0.0,0.0,0.0,0.0,0.0,-1.0,-0.0,0.0,0.0,0.0,0.0,0.0,0.0,0.0
404,20.208334387280047,20.25833438988775,4848,4860,1.0,-0.0,0.0,0.0,0.0,0.0,0.0,0.0,0.0,-1.0,-0.0,0.0,0.0,0.0,0.0,0.0,0.0,0.0
405,20.25833438988775,20.308334392495453,4860,4872,1.0,-0.0,0.0,0.0,0.0,0.0,0.0,0.0,0.0,-1.0,-0.0,0.0,0.0,0.0,0.0,0.0,0.0,0.0
406,20.308334392495453,20.358334395103157,4872,4884,1.0,-0.0,0.0,0.0,0.0,0.0,0.0,0.0,0.0,-1.0,-0.0,0.0,0.0,0.0,0.0,0.0,0.0,0.0
407,20.358334395103157,20.40833439771086,4884,4896,1.0,-0.0,0.0,0.0,0.0,0.0,0.0,0.0,0.0,-1.0,-0.0,0.0,0.0,0.0,0.0,0.0,0.0,0.0
408,20.40833439771086,20.458334400318563,4896,4908,1.0,-0.0,0.0,0.0,0.0,0.0,0.0,0.0,0.0,-1.0,-0.0,0.0,0.0,0.0,0.0,0.0,0.0,0.0
409,20.458334400318563,20.508334402926266,4908,4920,1.0,-0.0,0.0,0.0,0.0,0.0,0.0,0.0,0.0,-1.0,-0.0,0.0,0.0,0.0,0.0,0.0,0.0,0.0
410,20.508334402926266,20.55833440553397,4920,4932,1.0,-0.0,0.0,0.0,0.0,0.0,0.0,0.0,0.0,-1.0,-0.0,0.0,0.0,0.0,0.0,0.0,0.0,0.0
411,20.55833440553397,20.608334408141673,4932,4944,1.0,-0.0,0.0,0.0,0.0,0.0,0.0,0.0,0.0,-1.0,-0.0,0.0,0.0,0.0,0.0,0.0,0.0,0.0
412,20.608334408141673,20.658334410749376,4944,4956,1.0,-0.0,0.0,0.0,0.0,0.0,0.0,0.0,0.0,-1.0,-0.0,0.0,0.0,0.0,0.0,0.0,0.0,0.0
413,20.658334410749376,20.70833441335708,4956,4968,1.0,-0.0,0.0,0.0,0.0,0.0,0.0,0.0,0.0,-1.0,-0.0,0.0,0.0,0.0,0.0,0.0,0.0,0.0
414,20.70833441335708,20.758334415964782,4968,4980,1.0,-0.0,0.0,0.0,0.0,0.0,0.0,0.0,0.0,-1.0,-0.0,0.0,0.0,0.0,0.0,0.0,0.0,0.0
415,20.758334415964782,20.808334418572485,4980,4992,1.0,-0.0,0.0,0.0,0.0,0.0,0.0,0.0,0.0,-1.0,-0.0,0.0,0.0,0.0,0.0,0.0,0.0,0.0
416,20.808334418572485,20.85833442118019,4992,5004,1.0,-0.0,0.0,0.0,0.0,0.0,0.0,0.0,0.0,-1.0,-0.0,0.0,0.0,0.0,0.0,0.0,0.0,0.0
417,20.85833442118019,20.908334423787892,5004,5016,1.0,-0.0,0.0,0.0,0.0,0.0,0.0,0.0,0.0,-1.0,-0.0,0.0,0.0,0.0,0.0,0.0,0.0,0.0
418,20.908334423787892,20.958334426395595,5016,5028,1.0,-0.0,0.0,0.0,0.0,0.0,0.0,0.0,0.0,-1.0,-0.0,0.0,0.0,0.0,0.0,0.0,0.0,0.0
419,20.958334426395595,21.0083344290033,5028,5040,1.0,-0.0,0.0,0.0,0.0,0.0,0.0,0.0,0.0,-1.0,-0.0,0.0,0.0,0.0,0.0,0.0,0.0,0.0
420,21.0083344290033,21.058334431611,5040,5052,1.0,-0.0,0.0,0.0,0.0,0.0,0.0,0.0,0.0,-1.0,-0.0,0.0,0.0,0.0,0.0,0.0,0.0,0.0
421,21.058334431611,21.108334434218705,5052,5064,1.0,-0.0,0.0,0.0,0.0,0.0,0.0,0.0,0.0,-1.0,-0.0,0.0,0.0,0.0,0.0,0.0,0.0,0.0
422,21.108334434218705,21.158334436826408,5064,5076,1.0,-0.0,0.0,0.0,0.0,0.0,0.0,0.0,0.0,-1.0,-0.0,0.0,0.0,0.0,0.0,0.0,0.0,0.0
423,21.158334436826408,21.20833443943411,5076,5088,1.0,-0.0,0.0,0.0,0.0,0.0,0.0,0.0,0.0,-1.0,-0.0,0.0,0.0,0.0,0.0,0.0,0.0,0.0
424,21.20833443943411,21.258334442041814,5088,5100,1.0,-0.0,0.0,0.0,0.0,0.0,0.0,0.0,0.0,-1.0,-0.0,0.0,0.0,0.0,0.0,0.0,0.0,0.0
425,21.258334442041814,21.308334444649518,5100,5112,1.0,-0.0,0.0,0.0,0.0,0.0,0.0,0.0,0.0,-1.0,-0.0,0.0,0.0,0.0,0.0,0.0,0.0,0.0
426,21.308334444649518,21.35833444725722,5112,5124,1.0,-0.0,0.0,0.0,0.0,0.0,0.0,0.0,0.0,-1.0,-0.0,0.0,0.0,0.0,0.0,0.0,0.0,0.0
427,21.35833444725722,21.408334449864924,5124,5136,1.0,-0.0,0.0,0.0,0.0,0.0,0.0,0.0,0.0,-1.0,-0.0,0.0,0.0,0.0,0.0,0.0,0.0,0.0
428,21.408334449864924,21.458334452472627,5136,5148,1.0,-0.0,0.0,0.0,0.0,0.0,0.0,0.0,0.0,-1.0,-0.0,0.0,0.0,0.0,0.0,0.0,0.0,0.0
429,21.458334452472627,21.50833445508033,5148,5160,1.0,-0.0,0.0,0.0,0.0,0.0,0.0,0.0,0.0,-1.0,-0.0,0.0,0.0,0.0,0.0,0.0,0.0,0.0
430,21.50833445508033,21.558334457688034,5160,5172,1.0,-0.0,0.0,0.0,0.0,0.0,0.0,0.0,0.0,-1.0,-0.0,0.0,0.0,0.0,0.0,0.0,0.0,0.0
431,21.558334457688034,21.608334460295737,5172,5184,1.0,-0.0,0.0,0.0,0.0,0.0,0.0,0.0,0.0,-1.0,-0.0,0.0,0.0,0.0,0.0,0.0,0.0,0.0
432,21.608334460295737,21.65833446290344,5184,5196,1.0,-0.0,0.0,0.0,0.0,0.0,0.0,0.0,0.0,-1.0,-0.0,0.0,0.0,0.0,0.0,0.0,0.0,0.0
433,21.65833446290344,21.708334465511143,5196,5208,1.0,-0.0,0.0,0.0,0.0,0.0,0.0,0.0,0.0,-1.0,-0.0,0.0,0.0,0.0,0.0,0.0,0.0,0.0
434,21.708334465511143,21.758334468118846,5208,5220,1.0,-0.0,0.0,0.0,0.0,0.0,0.0,0.0,0.0,-1.0,-0.0,0.0,0.0,0.0,0.0,0.0,0.0,0.0
435,21.758334468118846,21.80833447072655,5220,5232,1.0,-0.0,0.0,0.0,0.0,0.0,0.0,0.0,0.0,-1.0,-0.0,0.0,0.0,0.0,0.0,0.0,0.0,0.0
436,21.80833447072655,21.858334473334253,5232,5244,1.0,-0.0,0.0,0.0,0.0,0.0,0.0,0.0,0.0,-1.0,-0.0,0.0,0.0,0.0,0.0,0.0,0.0,0.0
437,21.858334473334253,21.908334475941956,5244,5256,1.0,-0.0,0.0,0.0,0.0,0.0,0.0,0.0,0.0,-1.0,-0.0,0.0,0.0,0.0,0.0,0.0,0.0,0.0
438,21.908334475941956,21.95833447854966,5256,5268,1.0,-0.0,0.0,0.0,0.0,0.0,0.0,0.0,0.0,-1.0,-0.0,0.0,0.0,0.0,0.0,0.0,0.0,0.0
439,21.95833447854966,22.008334481157362,5268,5280,1.0,-0.0,0.0,0.0,0.0,0.0,0.0,0.0,0.0,-1.0,-0.0,0.0,0.0,0.0,0.0,0.0,0.0,0.0
440,22.008334481157362,22.058334483765066,5280,5292,1.0,-0.0,0.0,0.0,0.0,0.0,0.0,0.0,0.0,-1.0,-0.0,0.0,0.0,0.0,0.0,0.0,0.0,0.0
441,22.058334483765066,22.10833448637277,5292,5304,1.0,-0.0,0.0,0.0,0.0,0.0,0.0,0.0,0.0,-1.0,-0.0,0.0,0.0,0.0,0.0,0.0,0.0,0.0
442,22.10833448637277,22.158334488980472,5304,5316,1.0,-0.0,0.0,0.0,0.0,0.0,0.0,0.0,0.0,-1.0,-0.0,0.0,0.0,0.0,0.0,0.0,0.0,0.0
443,22.158334488980472,22.208334491588175,5316,5328,1.0,-0.0,0.0,0.0,0.0,0.0,0.0,0.0,0.0,-1.0,-0.0,0.0,0.0,0.0,0.0,0.0,0.0,0.0
444,22.208334491588175,22.25833449419588,5328,5340,1.0,-0.0,0.0,0.0,0.0,0.0,0.0,0.0,0.0,-1.0,-0.0,0.0,0.0,0.0,0.0,0.0,0.0,0.0
445,22.25833449419588,22.30833449680358,5340,5352,1.0,-0.0,0.0,0.0,0.0,0.0,0.0,0.0,0.0,-1.0,-0.0,0.0,0.0,0.0,0.0,0.0,0.0,0.0
446,22.30833449680358,22.358334499411285,5352,5364,1.0,-0.0,0.0,0.0,0.0,0.0,0.0,0.0,0.0,-1.0,-0.0,0.0,0.0,0.0,0.0,0.0,0.0,0.0
447,22.358334499411285,22.408334502018988,5364,5376,1.0,-0.0,0.0,0.0,0.0,0.0,0.0,0.0,0.0,-1.0,-0.0,0.0,0.0,0.0,0.0,0.0,0.0,0.0
448,22.408334502018988,22.45833450462669,5376,5388,1.0,-0.0,0.0,0.0,0.0,0.0,-1.0,0.0,0.0,-1.0,-1.0,0.0,0.0,0.0,0.0,0.0,0.0,0.0
449,22.45833450462669,22.508334507234395,5388,5400,1.0,-0.0,0.0,0.0,0.0,0.0,-1.0,0.0,0.0,-1.0,-1.0,0.0,0.0,0.0,0.0,0.0,0.0,0.0
450,22.508334507234395,22.558334509842098,5400,5412,1.0,-0.0,0.0,0.0,0.0,0.0,-1.0,0.0,0.0,0.0,-1.0,0.0,0.0,0.0,0.0,0.0,0.0,0.0
451,22.558334509842098,22.6083345124498,5412,5424,1.0,-0.0,0.0,0.0,0.0,0.0,0.0,0.0,0.0,0.0,-1.0,0.0,0.0,0.0,0.0,0.0,0.0,0.0
452,22.6083345124498,22.658334515057504,5424,5436,1.0,-0.0,0.0,0.0,0.0,0.0,0.0,0.0,0.0,0.0,-1.0,0.0,0.0,0.0,0.0,0.0,0.0,0.0
453,22.658334515057504,22.708334517665207,5436,5448,1.0,-0.0,0.0,0.0,0.0,0.0,0.0,0.0,0.0,0.0,-1.0,0.0,1.0,0.0,0.0,0.0,0.0,0.0
454,22.708334517665207,22.75833452027291,5448,5460,1.0,-0.0,0.0,0.0,0.0,0.0,0.0,0.0,0.0,0.0,-1.0,0.0,1.0,0.0,0.0,0.0,0.0,0.0
455,22.75833452027291,22.808334522880614,5460,5472,1.0,-0.0,0.0,0.0,0.0,0.0,0.0,0.0,0.0,0.0,-1.0,0.0,1.0,0.0,0.0,0.0,0.0,0.0
456,22.808334522880614,22.858334525488317,5472,5484,1.0,-0.0,0.0,0.0,0.0,0.0,0.0,0.0,0.0,0.0,-1.0,0.0,0.0,0.0,0.0,0.0,0.0,0.0
457,22.858334525488317,22.90833452809602,5484,5496,1.0,-0.0,0.0,0.0,0.0,0.0,0.0,0.0,0.0,0.0,-1.0,0.0,0.0,0.0,0.0,0.0,0.0,0.0
458,22.90833452809602,22.958334530703723,5496,5508,1.0,-0.0,0.0,0.0,0.0,0.0,0.0,0.0,0.0,0.0,-1.0,0.0,0.0,0.0,0.0,-1.0,0.0,0.0
459,22.958334530703723,23.008334533311427,5508,5520,1.0,-0.0,0.0,0.0,0.0,0.0,0.0,0.0,0.0,0.0,-1.0,0.0,0.0,0.0,0.0,0.0,0.0,0.0
460,23.008334533311427,23.05833453591913,5520,5532,1.0,-0.0,0.0,0.0,0.0,0.0,0.0,0.0,0.0,0.0,-0.0,0.0,0.0,0.0,0.0,0.0,0.0,0.0
461,23.05833453591913,23.108334538526833,5532,5544,1.0,-0.0,0.0,0.0,0.0,0.0,0.0,0.0,0.0,0.0,-0.0,0.0,0.0,0.0,0.0,0.0,0.0,0.0
462,23.108334538526833,23.158334541134536,5544,5556,1.0,-0.0,0.0,0.0,0.0,0.0,0.0,0.0,0.0,0.0,-0.0,0.0,0.0,0.0,0.0,0.0,0.0,0.0
463,23.158334541134536,23.20833454374224,5556,5568,1.0,-0.0,0.0,0.0,0.0,0.0,0.0,0.0,0.0,-1.0,-0.0,0.0,0.0,0.0,0.0,0.0,0.0,0.0
464,23.20833454374224,23.258334546349943,5568,5580,0.0,-0.0,0.0,0.0,0.0,0.0,0.0,0.0,0.0,-1.0,-0.0,0.0,0.0,0.0,0.0,0.0,0.0,0.0
465,23.258334546349943,23.308334548957646,5580,5592,1.0,-0.0,0.0,0.0,-1.0,0.0,0.0,0.0,0.0,-1.0,-0.0,0.0,0.0,0.0,0.0,0.0,0.0,0.0
466,23.308334548957646,23.35833455156535,5592,5604,1.0,-0.0,0.0,0.0,-1.0,0.0,0.0,0.0,0.0,-1.0,-0.0,0.0,0.0,0.0,0.0,0.0,0.0,0.0
467,23.35833455156535,23.408334554173052,5604,5616,1.0,-0.0,0.0,0.0,-1.0,0.0,0.0,0.0,0.0,-1.0,-0.0,0.0,0.0,0.0,0.0,0.0,0.0,0.0
468,23.408334554173052,23.458334556780756,5616,5628,1.0,-0.0,0.0,0.0,-1.0,0.0,0.0,0.0,0.0,-1.0,-0.0,0.0,0.0,0.0,0.0,0.0,0.0,0.0
469,23.458334556780756,23.50833455938846,5628,5640,1.0,-0.0,0.0,0.0,-1.0,0.0,0.0,0.0,0.0,-1.0,-0.0,0.0,0.0,0.0,0.0,0.0,0.0,0.0
470,23.50833455938846,23.558334561996162,5640,5652,1.0,-0.0,0.0,0.0,0.0,0.0,0.0,0.0,0.0,-1.0,-0.0,0.0,0.0,0.0,0.0,0.0,0.0,0.0
471,23.558334561996162,23.608334564603865,5652,5664,0.0,1.0,0.0,0.0,0.0,0.0,0.0,0.0,0.0,-1.0,-0.0,0.0,0.0,0.0,0.0,0.0,0.0,0.0
472,23.608334564603865,23.65833456721157,5664,5676,0.0,1.0,0.0,0.0,0.0,0.0,0.0,0.0,0.0,-1.0,-0.0,0.0,0.0,0.0,0.0,0.0,0.0,0.0
473,23.65833456721157,23.70833456981927,5676,5688,0.0,1.0,0.0,0.0,0.0,0.0,0.0,0.0,0.0,-1.0,-0.0,0.0,0.0,0.0,0.0,0.0,0.0,0.0
474,23.70833456981927,23.758334572426975,5688,5700,0.0,1.0,0.0,0.0,0.0,0.0,0.0,0.0,0.0,-1.0,-0.0,0.0,0.0,0.0,0.0,0.0,0.0,0.0
475,23.758334572426975,23.808334575034678,5700,5712,0.0,1.0,0.0,0.0,0.0,0.0,0.0,0.0,0.0,0.0,-0.0,0.0,0.0,0.0,0.0,-1.0,0.0,0.0
476,23.808334575034678,23.85833457764238,5712,5724,0.0,1.0,0.0,0.0,0.0,0.0,0.0,0.0,0.0,0.0,-0.0,0.0,0.0,0.0,0.0,-1.0,0.0,0.0
477,23.85833457764238,23.908334580250084,5724,5736,0.0,1.0,0.0,0.0,0.0,0.0,0.0,0.0,0.0,0.0,-0.0,0.0,0.0,0.0,0.0,0.0,0.0,0.0
478,23.908334580250084,23.958334582857788,5736,5748,0.0,1.0,0.0,0.0,0.0,0.0,0.0,0.0,0.0,0.0,-0.0,0.0,0.0,0.0,0.0,0.0,0.0,0.0
479,23.958334582857788,24.00833458546549,5748,5760,0.0,1.0,0.0,0.0,0.0,0.0,0.0,0.0,0.0,0.0,-0.0,0.0,0.0,0.0,0.0,0.0,0.0,0.0
480,24.00833458546549,24.058334588073194,5760,5772,0.0,1.0,0.0,0.0,0.0,0.0,0.0,0.0,0.0,0.0,-0.0,0.0,0.0,0.0,0.0,0.0,0.0,0.0
481,24.058334588073194,24.108334590680897,5772,5784,0.0,1.0,0.0,0.0,0.0,0.0,0.0,0.0,0.0,0.0,-0.0,0.0,0.0,0.0,0.0,0.0,0.0,0.0
482,24.108334590680897,24.1583345932886,5784,5796,0.0,-0.0,0.0,0.0,0.0,0.0,0.0,0.0,0.0,0.0,-0.0,0.0,0.0,0.0,0.0,0.0,0.0,0.0
483,24.1583345932886,24.208334595896304,5796,5808,0.0,-0.0,0.0,0.0,0.0,0.0,0.0,0.0,0.0,0.0,-0.0,0.0,0.0,0.0,0.0,0.0,0.0,0.0
484,24.208334595896304,24.258334598504007,5808,5820,0.0,-0.0,0.0,0.0,0.0,0.0,0.0,0.0,0.0,0.0,-0.0,0.0,0.0,0.0,0.0,0.0,0.0,0.0
485,24.258334598504007,24.30833460111171,5820,5832,0.0,-0.0,0.0,0.0,0.0,0.0,0.0,0.0,0.0,0.0,-0.0,0.0,0.0,0.0,0.0,0.0,0.0,0.0
486,24.30833460111171,24.358334603719413,5832,5844,0.0,-0.0,0.0,0.0,0.0,0.0,0.0,0.0,0.0,0.0,-0.0,0.0,0.0,0.0,0.0,0.0,0.0,0.0
487,24.358334603719413,24.408334606327116,5844,5856,0.0,-0.0,0.0,0.0,0.0,0.0,0.0,0.0,0.0,0.0,-0.0,0.0,0.0,0.0,0.0,0.0,0.0,0.0
488,24.408334606327116,24.45833460893482,5856,5868,0.0,1.0,0.0,0.0,0.0,0.0,0.0,0.0,0.0,0.0,-0.0,0.0,0.0,0.0,0.0,0.0,0.0,0.0
489,24.45833460893482,24.508334611542523,5868,5880,0.0,1.0,0.0,0.0,0.0,0.0,0.0,0.0,0.0,0.0,-0.0,0.0,0.0,0.0,0.0,0.0,0.0,0.0
490,24.508334611542523,24.558334614150226,5880,5892,0.0,1.0,0.0,0.0,0.0,0.0,0.0,0.0,0.0,0.0,-0.0,0.0,0.0,0.0,0.0,0.0,0.0,0.0
491,24.558334614150226,24.60833461675793,5892,5904,0.0,-0.0,0.0,0.0,0.0,0.0,0.0,0.0,0.0,0.0,-1.0,0.0,0.0,0.0,0.0,0.0,0.0,0.0
492,24.60833461675793,24.658334619365633,5904,5916,0.0,-0.0,0.0,0.0,0.0,0.0,0.0,0.0,0.0,0.0,-1.0,0.0,0.0,0.0,0.0,0.0,0.0,0.0
493,24.658334619365633,24.708334621973336,5916,5928,0.0,-0.0,0.0,0.0,0.0,0.0,0.0,0.0,0.0,0.0,-0.0,0.0,0.0,0.0,0.0,0.0,0.0,0.0
494,24.708334621973336,24.75833462458104,5928,5940,0.0,-0.0,0.0,0.0,0.0,0.0,0.0,0.0,0.0,0.0,-1.0,0.0,0.0,0.0,0.0,0.0,0.0,0.0
495,24.75833462458104,24.808334627188742,5940,5952,0.0,-0.0,0.0,0.0,0.0,0.0,0.0,0.0,0.0,0.0,-1.0,0.0,1.0,0.0,0.0,0.0,0.0,0.0
496,24.808334627188742,24.858334629796445,5952,5964,0.0,-0.0,0.0,1.0,0.0,0.0,0.0,0.0,0.0,0.0,-1.0,0.0,0.0,0.0,0.0,0.0,0.0,0.0
497,24.858334629796445,24.90833463240415,5964,5976,0.0,-0.0,0.0,0.0,0.0,0.0,0.0,0.0,0.0,0.0,-0.0,0.0,0.0,0.0,0.0,0.0,0.0,0.0
498,24.90833463240415,24.958334635011852,5976,5988,0.0,-0.0,0.0,0.0,0.0,0.0,0.0,0.0,0.0,0.0,-1.0,0.0,0.0,0.0,0.0,0.0,0.0,0.0
499,24.958334635011852,25.008334637619555,5988,6000,0.0,1.0,0.0,0.0,0.0,0.0,0.0,0.0,0.0,0.0,-1.0,0.0,0.0,0.0,0.0,0.0,0.0,0.0
500,25.008334637619555,25.058334640227258,6000,6012,0.0,1.0,0.0,0.0,0.0,0.0,0.0,0.0,0.0,0.0,-0.0,0.0,0.0,0.0,0.0,0.0,0.0,0.0
501,25.058334640227258,25.10833464283496,6012,6024,0.0,-0.0,0.0,0.0,0.0,0.0,0.0,0.0,0.0,0.0,-1.0,0.0,0.0,0.0,0.0,0.0,0.0,0.0
502,25.10833464283496,25.158334645442665,6024,6036,-1.0,-0.0,0.0,0.0,0.0,0.0,0.0,0.0,0.0,0.0,-1.0,0.0,0.0,0.0,0.0,0.0,0.0,0.0
503,25.158334645442665,25.208334648050368,6036,6048,-1.0,-0.0,0.0,0.0,0.0,0.0,0.0,0.0,0.0,1.0,-0.0,0.0,0.0,0.0,0.0,0.0,0.0,0.0
504,25.208334648050368,25.25833465065807,6048,6060,-1.0,-0.0,0.0,0.0,0.0,0.0,0.0,0.0,0.0,1.0,-0.0,0.0,0.0,0.0,0.0,0.0,0.0,0.0
505,25.25833465065807,25.308334653265774,6060,6072,-1.0,-0.0,0.0,0.0,0.0,0.0,0.0,0.0,0.0,1.0,-0.0,0.0,0.0,-1.0,0.0,0.0,0.0,0.0
506,25.308334653265774,25.358334655873477,6072,6084,-1.0,-0.0,0.0,0.0,0.0,0.0,0.0,0.0,0.0,1.0,-0.0,0.0,0.0,0.0,0.0,0.0,0.0,0.0
507,25.358334655873477,25.40833465848118,6084,6096,-1.0,-0.0,0.0,0.0,0.0,0.0,0.0,0.0,0.0,1.0,-0.0,0.0,0.0,0.0,0.0,0.0,0.0,0.0
508,25.40833465848118,25.458334661088884,6096,6108,0.0,1.0,0.0,0.0,0.0,0.0,0.0,0.0,0.0,0.0,-0.0,0.0,0.0,0.0,0.0,0.0,0.0,0.0
509,25.458334661088884,25.508334663696587,6108,6120,0.0,1.0,0.0,0.0,0.0,0.0,0.0,0.0,0.0,0.0,-0.0,0.0,0.0,0.0,0.0,0.0,0.0,0.0
510,25.508334663696587,25.55833466630429,6120,6132,0.0,1.0,0.0,0.0,0.0,0.0,0.0,0.0,0.0,0.0,-0.0,0.0,0.0,0.0,0.0,0.0,0.0,0.0
511,25.55833466630429,25.608334668911994,6132,6144,0.0,1.0,0.0,0.0,0.0,0.0,0.0,0.0,0.0,0.0,-0.0,0.0,0.0,0.0,0.0,0.0,0.0,0.0
512,25.608334668911994,25.658334671519697,6144,6156,0.0,1.0,0.0,0.0,0.0,0.0,0.0,0.0,0.0,0.0,-0.0,0.0,0.0,0.0,0.0,0.0,0.0,0.0
513,25.658334671519697,25.7083346741274,6156,6168,0.0,1.0,0.0,0.0,0.0,0.0,0.0,0.0,0.0,0.0,-0.0,0.0,0.0,0.0,0.0,0.0,0.0,0.0
514,25.7083346741274,25.758334676735103,6168,6180,0.0,1.0,0.0,0.0,0.0,0.0,0.0,0.0,0.0,0.0,-0.0,0.0,0.0,0.0,0.0,0.0,0.0,0.0
515,25.758334676735103,25.808334679342806,6180,6192,0.0,1.0,0.0,0.0,0.0,0.0,0.0,0.0,0.0,0.0,-1.0,0.0,0.0,0.0,0.0,0.0,0.0,0.0
516,25.808334679342806,25.85833468195051,6192,6204,1.0,-0.0,0.0,0.0,0.0,0.0,0.0,0.0,0.0,0.0,-1.0,0.0,0.0,0.0,0.0,0.0,0.0,0.0
517,25.85833468195051,25.908334684558213,6204,6216,1.0,-0.0,0.0,0.0,0.0,0.0,0.0,0.0,0.0,0.0,-1.0,0.0,0.0,0.0,0.0,0.0,0.0,0.0
518,25.908334684558213,25.958334687165916,6216,6228,1.0,-0.0,0.0,0.0,0.0,0.0,0.0,0.0,0.0,0.0,-1.0,0.0,0.0,0.0,0.0,0.0,0.0,0.0
519,25.958334687165916,26.00833468977362,6228,6240,0.0,-0.0,0.0,0.0,0.0,0.0,0.0,0.0,0.0,0.0,-1.0,0.0,0.0,0.0,0.0,0.0,0.0,0.0
520,26.00833468977362,26.058334692381322,6240,6252,0.0,-0.0,0.0,0.0,0.0,0.0,0.0,0.0,0.0,0.0,-0.0,0.0,0.0,0.0,0.0,0.0,0.0,0.0
521,26.058334692381322,26.108334694989026,6252,6264,0.0,1.0,0.0,0.0,0.0,0.0,0.0,0.0,0.0,0.0,-1.0,0.0,0.0,0.0,0.0,0.0,0.0,0.0
522,26.108334694989026,26.15833469759673,6264,6276,0.0,1.0,0.0,0.0,0.0,0.0,0.0,0.0,0.0,0.0,-1.0,0.0,0.0,0.0,0.0,0.0,0.0,0.0
523,26.15833469759673,26.208334700204432,6276,6288,0.0,-0.0,0.0,0.0,0.0,0.0,0.0,0.0,0.0,0.0,-1.0,0.0,0.0,0.0,0.0,0.0,0.0,0.0
524,26.208334700204432,26.258334702812135,6288,6300,0.0,-0.0,0.0,1.0,0.0,0.0,0.0,0.0,0.0,0.0,-0.0,0.0,0.0,0.0,0.0,0.0,0.0,0.0
525,26.258334702812135,26.30833470541984,6300,6312,0.0,1.0,0.0,0.0,0.0,0.0,0.0,0.0,0.0,0.0,-0.0,0.0,0.0,0.0,0.0,0.0,0.0,0.0
526,26.30833470541984,26.35833470802754,6312,6324,0.0,1.0,0.0,0.0,0.0,0.0,0.0,0.0,0.0,0.0,-0.0,0.0,0.0,0.0,0.0,0.0,0.0,0.0
527,26.35833470802754,26.408334710635245,6324,6336,0.0,1.0,0.0,0.0,0.0,0.0,0.0,0.0,0.0,0.0,-0.0,0.0,-1.0,0.0,0.0,0.0,0.0,0.0
528,26.408334710635245,26.458334713242948,6336,6348,0.0,1.0,0.0,0.0,0.0,0.0,0.0,0.0,0.0,0.0,-0.0,0.0,0.0,0.0,0.0,0.0,0.0,0.0
529,26.458334713242948,26.50833471585065,6348,6360,0.0,1.0,0.0,0.0,0.0,0.0,0.0,0.0,0.0,0.0,-0.0,0.0,-1.0,0.0,0.0,0.0,0.0,0.0
530,26.50833471585065,26.558334718458354,6360,6372,0.0,1.0,0.0,0.0,0.0,0.0,0.0,0.0,0.0,0.0,-0.0,0.0,0.0,0.0,0.0,0.0,0.0,0.0
531,26.558334718458354,26.608334721066058,6372,6384,0.0,1.0,0.0,0.0,0.0,0.0,0.0,0.0,0.0,0.0,-0.0,0.0,0.0,0.0,0.0,0.0,0.0,0.0
532,26.608334721066058,26.65833472367376,6384,6396,0.0,1.0,0.0,0.0,0.0,0.0,0.0,0.0,0.0,0.0,-0.0,0.0,0.0,0.0,0.0,0.0,0.0,0.0
533,26.65833472367376,26.708334726281464,6396,6408,0.0,-0.0,0.0,0.0,0.0,0.0,0.0,0.0,0.0,0.0,-0.0,0.0,0.0,0.0,0.0,0.0,0.0,0.0
534,26.708334726281464,26.758334728889167,6408,6420,0.0,-0.0,0.0,0.0,0.0,0.0,0.0,0.0,0.0,0.0,-0.0,0.0,0.0,0.0,0.0,0.0,0.0,0.0
535,26.758334728889167,26.80833473149687,6420,6432,0.0,-0.0,0.0,0.0,0.0,0.0,0.0,0.0,0.0,0.0,-0.0,0.0,0.0,0.0,0.0,0.0,0.0,0.0
536,26.80833473149687,26.858334734104574,6432,6444,0.0,-0.0,0.0,0.0,0.0,0.0,0.0,0.0,0.0,0.0,-0.0,0.0,0.0,0.0,0.0,0.0,0.0,0.0
537,26.858334734104574,26.908334736712277,6444,6456,0.0,-0.0,0.0,0.0,0.0,0.0,0.0,0.0,0.0,0.0,-0.0,0.0,0.0,0.0,0.0,0.0,0.0,0.0
538,26.908334736712277,26.95833473931998,6456,6468,1.0,-0.0,0.0,0.0,0.0,0.0,0.0,0.0,0.0,0.0,-0.0,0.0,0.0,0.0,0.0,0.0,0.0,0.0
539,26.95833473931998,27.008334741927683,6468,6480,1.0,-0.0,0.0,0.0,0.0,0.0,0.0,0.0,0.0,0.0,-0.0,0.0,0.0,0.0,0.0,0.0,0.0,0.0
540,27.008334741927683,27.058334744535387,6480,6492,1.0,-0.0,0.0,0.0,0.0,0.0,0.0,0.0,0.0,0.0,-0.0,0.0,0.0,0.0,0.0,0.0,0.0,0.0
541,27.058334744535387,27.10833474714309,6492,6504,1.0,-0.0,0.0,0.0,0.0,0.0,0.0,0.0,0.0,1.0,1.0,0.0,0.0,0.0,0.0,0.0,0.0,0.0
542,27.10833474714309,27.158334749750793,6504,6516,1.0,-0.0,0.0,0.0,0.0,0.0,0.0,0.0,0.0,1.0,1.0,0.0,0.0,0.0,0.0,0.0,0.0,0.0
543,27.158334749750793,27.208334752358496,6516,6528,1.0,-0.0,0.0,0.0,0.0,0.0,0.0,0.0,0.0,1.0,1.0,0.0,0.0,0.0,0.0,0.0,0.0,0.0
544,27.208334752358496,27.2583347549662,6528,6540,1.0,-0.0,0.0,0.0,0.0,0.0,0.0,0.0,0.0,1.0,-0.0,0.0,0.0,0.0,0.0,0.0,0.0,0.0
545,27.2583347549662,27.308334757573903,6540,6552,1.0,-0.0,0.0,0.0,0.0,0.0,0.0,0.0,0.0,1.0,-0.0,0.0,1.0,0.0,0.0,0.0,0.0,0.0
546,27.308334757573903,27.358334760181606,6552,6564,0.0,-0.0,0.0,0.0,0.0,0.0,0.0,0.0,0.0,1.0,-0.0,0.0,0.0,0.0,0.0,0.0,0.0,0.0
547,27.358334760181606,27.40833476278931,6564,6576,0.0,-0.0,0.0,0.0,0.0,0.0,0.0,0.0,0.0,1.0,1.0,0.0,0.0,0.0,0.0,0.0,0.0,0.0
548,27.40833476278931,27.458334765397012,6576,6588,0.0,-1.0,0.0,0.0,0.0,0.0,0.0,0.0,0.0,0.0,1.0,0.0,0.0,0.0,0.0,0.0,0.0,0.0
549,27.458334765397012,27.508334768004715,6588,6600,0.0,-1.0,0.0,0.0,0.0,0.0,0.0,0.0,0.0,0.0,1.0,0.0,0.0,0.0,0.0,0.0,0.0,0.0
550,27.508334768004715,27.55833477061242,6600,6612,0.0,-1.0,0.0,0.0,0.0,0.0,0.0,0.0,0.0,0.0,1.0,0.0,0.0,0.0,0.0,0.0,0.0,0.0
551,27.55833477061242,27.608334773220122,6612,6624,0.0,-1.0,0.0,0.0,0.0,0.0,0.0,0.0,0.0,0.0,1.0,0.0,0.0,0.0,0.0,0.0,0.0,0.0
552,27.608334773220122,27.658334775827825,6624,6636,0.0,-1.0,0.0,0.0,0.0,0.0,0.0,0.0,0.0,0.0,1.0,0.0,0.0,0.0,0.0,0.0,0.0,0.0
553,27.658334775827825,27.70833477843553,6636,6648,0.0,-1.0,0.0,0.0,0.0,0.0,0.0,0.0,0.0,0.0,1.0,0.0,0.0,0.0,0.0,0.0,0.0,0.0
554,27.70833477843553,27.75833478104323,6648,6660,0.0,-1.0,0.0,0.0,0.0,0.0,0.0,0.0,0.0,0.0,1.0,0.0,0.0,0.0,0.0,0.0,0.0,0.0
555,27.75833478104323,27.808334783650935,6660,6672,0.0,-0.0,0.0,0.0,0.0,0.0,0.0,0.0,0.0,-1.0,-0.0,0.0,0.0,0.0,0.0,0.0,0.0,0.0
556,27.808334783650935,27.858334786258638,6672,6684,-1.0,-0.0,0.0,0.0,0.0,0.0,0.0,0.0,0.0,-1.0,-0.0,0.0,0.0,0.0,0.0,0.0,0.0,0.0
557,27.858334786258638,27.90833478886634,6684,6696,-1.0,-0.0,0.0,0.0,0.0,0.0,0.0,0.0,0.0,-1.0,-0.0,0.0,0.0,0.0,0.0,0.0,0.0,0.0
558,27.90833478886634,27.958334791474044,6696,6708,0.0,-0.0,0.0,0.0,0.0,0.0,0.0,0.0,0.0,-1.0,-0.0,0.0,0.0,0.0,0.0,0.0,0.0,0.0
559,27.958334791474044,28.008334794081748,6708,6720,0.0,1.0,0.0,0.0,0.0,0.0,0.0,0.0,0.0,0.0,-0.0,0.0,0.0,0.0,0.0,0.0,0.0,0.0
560,28.008334794081748,28.05833479668945,6720,6732,0.0,1.0,0.0,0.0,0.0,0.0,0.0,0.0,0.0,0.0,-1.0,0.0,0.0,0.0,0.0,0.0,0.0,0.0
561,28.05833479668945,28.108334799297154,6732,6744,0.0,1.0,0.0,0.0,0.0,0.0,0.0,0.0,0.0,0.0,-1.0,0.0,0.0,0.0,0.0,0.0,0.0,0.0
562,28.108334799297154,28.158334801904857,6744,6756,0.0,1.0,0.0,0.0,0.0,0.0,0.0,0.0,0.0,0.0,-1.0,0.0,0.0,0.0,0.0,0.0,0.0,0.0
563,28.158334801904857,28.20833480451256,6756,6768,0.0,-0.0,0.0,0.0,0.0,0.0,0.0,0.0,0.0,-1.0,-0.0,0.0,0.0,0.0,0.0,0.0,0.0,0.0
564,28.20833480451256,28.258334807120264,6768,6780,0.0,-0.0,0.0,0.0,0.0,0.0,0.0,0.0,0.0,-1.0,-0.0,0.0,0.0,0.0,0.0,0.0,0.0,0.0
565,28.258334807120264,28.308334809727967,6780,6792,0.0,-0.0,0.0,0.0,0.0,0.0,0.0,0.0,0.0,-1.0,-0.0,0.0,0.0,0.0,0.0,0.0,0.0,0.0
566,28.308334809727967,28.35833481233567,6792,6804,0.0,-0.0,0.0,0.0,0.0,0.0,0.0,0.0,0.0,-1.0,-0.0,0.0,0.0,0.0,0.0,0.0,0.0,0.0
567,28.35833481233567,28.408334814943373,6804,6816,0.0,-0.0,0.0,0.0,0.0,0.0,0.0,0.0,0.0,-1.0,-0.0,0.0,0.0,0.0,0.0,0.0,0.0,0.0
568,28.408334814943373,28.458334817551076,6816,6828,0.0,-0.0,0.0,0.0,0.0,0.0,0.0,0.0,0.0,-1.0,-0.0,0.0,0.0,0.0,0.0,0.0,0.0,0.0
569,28.458334817551076,28.50833482015878,6828,6840,0.0,-0.0,0.0,0.0,0.0,0.0,0.0,0.0,0.0,-1.0,-0.0,0.0,0.0,0.0,0.0,0.0,0.0,0.0
570,28.50833482015878,28.558334822766483,6840,6852,0.0,-0.0,0.0,0.0,0.0,0.0,0.0,0.0,0.0,-1.0,-0.0,0.0,0.0,-1.0,0.0,0.0,0.0,0.0
571,28.558334822766483,28.608334825374186,6852,6864,0.0,-0.0,0.0,0.0,0.0,0.0,0.0,0.0,0.0,-1.0,-0.0,0.0,0.0,-1.0,0.0,0.0,0.0,0.0
572,28.608334825374186,28.65833482798189,6864,6876,0.0,-0.0,0.0,0.0,0.0,0.0,0.0,0.0,0.0,-1.0,-0.0,0.0,0.0,-1.0,0.0,0.0,0.0,0.0
573,28.65833482798189,28.708334830589592,6876,6888,0.0,-0.0,0.0,0.0,0.0,0.0,0.0,0.0,0.0,-1.0,-0.0,0.0,0.0,-1.0,0.0,0.0,0.0,0.0
574,28.708334830589592,28.758334833197296,6888,6900,0.0,-0.0,0.0,0.0,0.0,0.0,0.0,0.0,0.0,-1.0,-0.0,0.0,0.0,-1.0,0.0,0.0,0.0,0.0
575,28.758334833197296,28.808334835805,6900,6912,0.0,-0.0,0.0,0.0,0.0,0.0,0.0,0.0,0.0,-1.0,-0.0,0.0,0.0,-1.0,0.0,0.0,0.0,0.0
576,28.808334835805,28.858334838412702,6912,6924,0.0,-0.0,0.0,0.0,0.0,0.0,0.0,0.0,0.0,-1.0,-0.0,0.0,0.0,-1.0,0.0,0.0,0.0,0.0
577,28.858334838412702,28.908334841020405,6924,6936,0.0,-0.0,0.0,0.0,0.0,0.0,0.0,0.0,0.0,0.0,-0.0,0.0,0.0,0.0,0.0,0.0,0.0,0.0
578,28.908334841020405,28.95833484362811,6936,6948,0.0,-0.0,0.0,0.0,0.0,0.0,0.0,0.0,0.0,0.0,-0.0,0.0,0.0,0.0,0.0,0.0,0.0,0.0
579,28.95833484362811,29.00833484623581,6948,6960,0.0,-0.0,0.0,0.0,0.0,0.0,0.0,0.0,0.0,0.0,-0.0,0.0,0.0,0.0,0.0,0.0,0.0,0.0
580,29.00833484623581,29.058334848843515,6960,6972,0.0,-0.0,0.0,0.0,0.0,0.0,0.0,0.0,0.0,-1.0,-0.0,0.0,0.0,0.0,0.0,0.0,0.0,0.0
581,29.058334848843515,29.108334851451218,6972,6984,0.0,-0.0,0.0,0.0,0.0,0.0,0.0,0.0,0.0,-1.0,1.0,0.0,0.0,0.0,0.0,0.0,0.0,0.0
582,29.108334851451218,29.15833485405892,6984,6996,0.0,-0.0,0.0,0.0,0.0,0.0,0.0,0.0,0.0,-1.0,1.0,0.0,0.0,0.0,0.0,0.0,0.0,0.0
583,29.15833485405892,29.208334856666625,6996,7008,0.0,-0.0,0.0,0.0,0.0,0.0,0.0,0.0,0.0,-1.0,1.0,0.0,0.0,0.0,0.0,0.0,0.0,0.0
584,29.208334856666625,29.258334859274328,7008,7020,1.0,-0.0,0.0,0.0,0.0,0.0,0.0,0.0,0.0,-1.0,-0.0,0.0,0.0,0.0,0.0,0.0,0.0,0.0
585,29.258334859274328,29.30833486188203,7020,7032,1.0,-0.0,0.0,0.0,0.0,0.0,0.0,0.0,0.0,0.0,1.0,0.0,0.0,0.0,0.0,0.0,0.0,0.0
586,29.30833486188203,29.358334864489734,7032,7044,1.0,-0.0,0.0,0.0,0.0,0.0,0.0,0.0,0.0,-1.0,-0.0,0.0,0.0,0.0,0.0,0.0,0.0,0.0
587,29.358334864489734,29.408334867097437,7044,7056,1.0,-0.0,0.0,0.0,0.0,0.0,0.0,0.0,0.0,-1.0,-0.0,0.0,0.0,-1.0,0.0,0.0,0.0,0.0
588,29.408334867097437,29.45833486970514,7056,7068,0.0,-0.0,0.0,0.0,0.0,0.0,0.0,0.0,0.0,-1.0,-0.0,0.0,0.0,-1.0,0.0,0.0,0.0,0.0
589,29.45833486970514,29.508334872312844,7068,7080,0.0,-0.0,0.0,0.0,0.0,0.0,0.0,0.0,0.0,-1.0,-0.0,0.0,0.0,-1.0,0.0,0.0,0.0,0.0
590,29.508334872312844,29.558334874920547,7080,7092,0.0,-0.0,0.0,1.0,0.0,0.0,0.0,0.0,0.0,-1.0,-0.0,0.0,0.0,-1.0,0.0,0.0,0.0,0.0
591,29.558334874920547,29.60833487752825,7092,7104,0.0,-0.0,0.0,0.0,0.0,0.0,0.0,0.0,0.0,-1.0,-0.0,0.0,0.0,-1.0,0.0,0.0,0.0,0.0
592,29.60833487752825,29.658334880135953,7104,7116,0.0,-0.0,0.0,0.0,0.0,0.0,0.0,0.0,0.0,-1.0,-0.0,0.0,0.0,-1.0,0.0,0.0,0.0,0.0
593,29.658334880135953,29.708334882743657,7116,7128,0.0,-0.0,0.0,0.0,0.0,0.0,0.0,0.0,0.0,-1.0,-0.0,0.0,0.0,0.0,0.0,0.0,0.0,0.0
594,29.708334882743657,29.75833488535136,7128,7140,1.0,-0.0,0.0,0.0,0.0,0.0,0.0,0.0,0.0,-1.0,-0.0,0.0,0.0,0.0,0.0,0.0,0.0,0.0
595,29.75833488535136,29.808334887959063,7140,7152,0.0,-0.0,0.0,0.0,0.0,0.0,0.0,0.0,0.0,-1.0,-0.0,0.0,0.0,0.0,0.0,0.0,0.0,0.0
596,29.808334887959063,29.858334890566766,7152,7164,0.0,-0.0,0.0,0.0,0.0,0.0,0.0,0.0,0.0,-1.0,-0.0,0.0,0.0,-1.0,0.0,0.0,0.0,0.0
597,29.858334890566766,29.90833489317447,7164,7176,0.0,-0.0,0.0,0.0,0.0,0.0,0.0,0.0,0.0,-1.0,-0.0,0.0,0.0,-1.0,0.0,0.0,0.0,0.0
598,29.90833489317447,29.958334895782173,7176,7188,0.0,-0.0,-1.0,0.0,0.0,0.0,0.0,0.0,0.0,0.0,1.0,0.0,0.0,0.0,0.0,0.0,0.0,0.0
599,29.958334895782173,30.008334898389876,7188,7200,0.0,-0.0,-1.0,0.0,0.0,0.0,0.0,0.0,0.0,0.0,1.0,0.0,0.0,0.0,0.0,0.0,0.0,0.0
600,30.008334898389876,30.05833490099758,7200,7212,0.0,-0.0,-1.0,0.0,0.0,0.0,0.0,0.0,0.0,0.0,1.0,0.0,0.0,0.0,0.0,0.0,0.0,0.0
601,30.05833490099758,30.108334903605282,7212,7224,-1.0,-0.0,0.0,0.0,0.0,0.0,0.0,0.0,0.0,0.0,-0.0,0.0,0.0,0.0,0.0,0.0,0.0,0.0
602,30.108334903605282,30.158334906212986,7224,7236,-1.0,-0.0,0.0,0.0,0.0,0.0,0.0,0.0,0.0,0.0,-0.0,0.0,0.0,0.0,0.0,0.0,0.0,0.0
603,30.158334906212986,30.20833490882069,7236,7248,-1.0,-0.0,0.0,0.0,0.0,0.0,0.0,0.0,0.0,0.0,-0.0,0.0,0.0,0.0,0.0,0.0,0.0,0.0
604,30.20833490882069,30.258334911428392,7248,7260,0.0,-0.0,0.0,0.0,0.0,0.0,0.0,0.0,0.0,0.0,-0.0,0.0,0.0,0.0,0.0,0.0,0.0,0.0
605,30.258334911428392,30.308334914036095,7260,7272,0.0,-0.0,0.0,0.0,0.0,0.0,0.0,0.0,0.0,0.0,-0.0,0.0,0.0,0.0,0.0,0.0,0.0,0.0
606,30.308334914036095,30.3583349166438,7272,7284,0.0,-0.0,0.0,0.0,0.0,0.0,0.0,0.0,0.0,0.0,-0.0,0.0,0.0,0.0,0.0,0.0,0.0,0.0
607,30.3583349166438,30.4083349192515,7284,7296,0.0,-0.0,0.0,0.0,0.0,0.0,0.0,0.0,0.0,0.0,-0.0,0.0,0.0,0.0,0.0,0.0,0.0,0.0
608,30.4083349192515,30.458334921859205,7296,7308,0.0,-0.0,0.0,1.0,0.0,0.0,0.0,0.0,0.0,0.0,-0.0,0.0,0.0,0.0,0.0,0.0,0.0,0.0
609,30.458334921859205,30.508334924466908,7308,7320,0.0,-0.0,0.0,0.0,0.0,0.0,0.0,0.0,0.0,0.0,-0.0,0.0,0.0,0.0,0.0,0.0,0.0,0.0
610,30.508334924466908,30.55833492707461,7320,7332,0.0,-0.0,0.0,1.0,0.0,0.0,0.0,0.0,0.0,0.0,-0.0,0.0,0.0,0.0,0.0,0.0,0.0,0.0
611,30.55833492707461,30.608334929682314,7332,7344,0.0,-0.0,0.0,0.0,0.0,0.0,0.0,0.0,0.0,0.0,-0.0,0.0,0.0,0.0,0.0,0.0,0.0,0.0
612,30.608334929682314,30.658334932290018,7344,7356,0.0,-0.0,0.0,0.0,0.0,0.0,0.0,0.0,0.0,0.0,-0.0,0.0,0.0,0.0,0.0,0.0,0.0,0.0
613,30.658334932290018,30.70833493489772,7356,7368,0.0,-0.0,0.0,0.0,0.0,0.0,0.0,0.0,0.0,0.0,-0.0,0.0,0.0,0.0,0.0,0.0,0.0,0.0
614,30.70833493489772,30.758334937505424,7368,7380,0.0,-0.0,0.0,0.0,0.0,0.0,0.0,0.0,0.0,0.0,-0.0,0.0,0.0,0.0,0.0,0.0,0.0,0.0
615,30.758334937505424,30.808334940113127,7380,7392,0.0,-0.0,0.0,0.0,0.0,0.0,0.0,0.0,0.0,0.0,-0.0,0.0,0.0,0.0,0.0,0.0,0.0,0.0
616,30.808334940113127,30.85833494272083,7392,7404,-1.0,-0.0,0.0,0.0,0.0,0.0,0.0,0.0,0.0,0.0,-0.0,0.0,0.0,0.0,0.0,0.0,0.0,0.0
617,30.85833494272083,30.908334945328534,7404,7416,-1.0,-0.0,0.0,0.0,0.0,0.0,0.0,0.0,0.0,0.0,1.0,0.0,0.0,0.0,0.0,0.0,0.0,0.0
618,30.908334945328534,30.958334947936237,7416,7428,-1.0,-0.0,0.0,0.0,0.0,0.0,0.0,0.0,0.0,-1.0,1.0,0.0,0.0,0.0,0.0,0.0,0.0,0.0
619,30.958334947936237,31.00833495054394,7428,7440,-1.0,-0.0,0.0,0.0,0.0,0.0,0.0,0.0,0.0,-1.0,1.0,0.0,0.0,0.0,0.0,0.0,0.0,0.0
620,31.00833495054394,31.058334953151643,7440,7452,-1.0,-0.0,0.0,0.0,0.0,0.0,0.0,0.0,0.0,-1.0,1.0,0.0,0.0,0.0,0.0,0.0,0.0,0.0
621,31.058334953151643,31.108334955759346,7452,7464,0.0,-0.0,0.0,0.0,0.0,0.0,0.0,0.0,0.0,-1.0,-0.0,0.0,0.0,0.0,0.0,0.0,0.0,0.0
622,31.108334955759346,31.15833495836705,7464,7476,0.0,-0.0,0.0,0.0,0.0,0.0,0.0,0.0,0.0,-1.0,-0.0,0.0,0.0,0.0,0.0,0.0,0.0,0.0
623,31.15833495836705,31.208334960974753,7476,7488,1.0,-0.0,0.0,0.0,0.0,0.0,0.0,0.0,0.0,-1.0,-0.0,0.0,0.0,0.0,0.0,0.0,0.0,0.0
624,31.208334960974753,31.258334963582456,7488,7500,1.0,-0.0,0.0,0.0,0.0,0.0,0.0,0.0,0.0,-1.0,-0.0,0.0,0.0,0.0,0.0,0.0,0.0,0.0
625,31.258334963582456,31.30833496619016,7500,7512,0.0,-0.0,0.0,-1.0,0.0,0.0,0.0,0.0,0.0,-1.0,-0.0,0.0,0.0,0.0,0.0,0.0,0.0,0.0
626,31.30833496619016,31.358334968797863,7512,7524,1.0,-0.0,0.0,0.0,0.0,0.0,0.0,0.0,0.0,-1.0,-0.0,0.0,0.0,0.0,0.0,0.0,0.0,0.0
627,31.358334968797863,31.408334971405566,7524,7536,1.0,-0.0,0.0,0.0,0.0,0.0,0.0,0.0,0.0,-1.0,-0.0,0.0,0.0,0.0,0.0,0.0,0.0,0.0
628,31.408334971405566,31.45833497401327,7536,7548,0.0,-0.0,0.0,0.0,0.0,0.0,0.0,0.0,0.0,0.0,-0.0,0.0,0.0,0.0,0.0,0.0,0.0,0.0
629,31.45833497401327,31.508334976620972,7548,7560,0.0,-0.0,0.0,0.0,0.0,0.0,0.0,0.0,0.0,0.0,-0.0,0.0,0.0,0.0,0.0,0.0,0.0,0.0
630,31.508334976620972,31.558334979228675,7560,7572,0.0,-0.0,0.0,0.0,0.0,0.0,0.0,0.0,0.0,0.0,-0.0,0.0,0.0,0.0,0.0,0.0,0.0,0.0
631,31.558334979228675,31.60833498183638,7572,7584,0.0,-0.0,0.0,0.0,0.0,0.0,0.0,0.0,0.0,0.0,-0.0,0.0,0.0,0.0,0.0,0.0,0.0,0.0
632,31.60833498183638,31.658334984444082,7584,7596,0.0,-0.0,0.0,0.0,0.0,0.0,0.0,0.0,0.0,0.0,-0.0,0.0,0.0,0.0,0.0,0.0,0.0,0.0
633,31.658334984444082,31.708334987051785,7596,7608,0.0,-0.0,0.0,0.0,0.0,0.0,0.0,0.0,0.0,0.0,-0.0,0.0,0.0,0.0,0.0,0.0,0.0,0.0
634,31.708334987051785,31.758334989659488,7608,7620,0.0,-0.0,0.0,0.0,0.0,0.0,0.0,0.0,0.0,0.0,-0.0,0.0,0.0,0.0,0.0,0.0,0.0,0.0
635,31.758334989659488,31.80833499226719,7620,7632,0.0,-0.0,0.0,0.0,0.0,0.0,0.0,0.0,0.0,0.0,-0.0,0.0,0.0,0.0,0.0,0.0,0.0,0.0
636,31.80833499226719,31.858334994874895,7632,7644,0.0,-0.0,0.0,0.0,0.0,0.0,0.0,0.0,0.0,-1.0,-0.0,0.0,0.0,0.0,0.0,0.0,0.0,0.0
637,31.858334994874895,31.908334997482598,7644,7656,0.0,-1.0,0.0,0.0,0.0,0.0,0.0,0.0,0.0,0.0,-1.0,0.0,0.0,0.0,0.0,0.0,0.0,0.0
638,31.908334997482598,31.9583350000903,7656,7668,0.0,-1.0,0.0,0.0,0.0,0.0,0.0,0.0,0.0,0.0,-1.0,0.0,0.0,0.0,0.0,0.0,0.0,0.0
639,31.9583350000903,32.008335002698004,7668,7680,0.0,-0.0,0.0,0.0,0.0,0.0,0.0,0.0,0.0,-1.0,-1.0,0.0,0.0,0.0,0.0,0.0,0.0,0.0
640,32.008335002698004,32.05833500530571,7680,7692,0.0,1.0,0.0,0.0,0.0,0.0,0.0,0.0,0.0,-1.0,-0.0,0.0,0.0,0.0,0.0,0.0,0.0,0.0
641,32.05833500530571,32.10833500791341,7692,7704,0.0,1.0,0.0,0.0,0.0,0.0,0.0,0.0,0.0,0.0,-0.0,0.0,0.0,0.0,0.0,0.0,0.0,0.0
642,32.10833500791341,32.158335010521114,7704,7716,0.0,1.0,0.0,0.0,0.0,0.0,0.0,0.0,0.0,0.0,-1.0,0.0,0.0,0.0,0.0,0.0,0.0,0.0
643,32.158335010521114,32.20833501312882,7716,7728,0.0,1.0,0.0,0.0,0.0,0.0,0.0,0.0,0.0,0.0,-0.0,0.0,0.0,0.0,0.0,0.0,0.0,0.0
644,32.20833501312882,32.25833501573652,7728,7740,0.0,1.0,0.0,0.0,0.0,0.0,0.0,0.0,0.0,0.0,-1.0,0.0,0.0,0.0,0.0,0.0,0.0,0.0
645,32.25833501573652,32.30833501834422,7740,7752,0.0,1.0,0.0,0.0,0.0,0.0,0.0,0.0,0.0,0.0,-1.0,0.0,0.0,0.0,0.0,0.0,0.0,0.0
646,32.30833501834422,32.35833502095193,7752,7764,0.0,1.0,0.0,0.0,0.0,0.0,0.0,0.0,0.0,0.0,-1.0,0.0,0.0,0.0,0.0,0.0,0.0,0.0
647,32.35833502095193,32.40833502355963,7764,7776,0.0,1.0,0.0,0.0,0.0,0.0,0.0,0.0,0.0,0.0,-1.0,0.0,0.0,0.0,0.0,0.0,0.0,0.0
648,32.40833502355963,32.45833502616733,7776,7788,0.0,1.0,0.0,0.0,0.0,0.0,0.0,0.0,0.0,0.0,-1.0,0.0,0.0,0.0,0.0,0.0,0.0,0.0
649,32.45833502616733,32.508335028775036,7788,7800,0.0,-0.0,0.0,0.0,0.0,0.0,0.0,0.0,0.0,-1.0,-1.0,0.0,0.0,0.0,0.0,0.0,0.0,0.0
650,32.508335028775036,32.55833503138274,7800,7812,0.0,-0.0,0.0,0.0,0.0,0.0,0.0,0.0,0.0,0.0,-0.0,0.0,0.0,0.0,0.0,0.0,0.0,0.0
651,32.55833503138274,32.60833503399044,7812,7824,0.0,-0.0,0.0,0.0,0.0,0.0,0.0,0.0,0.0,0.0,-0.0,0.0,0.0,0.0,0.0,0.0,0.0,0.0
652,32.60833503399044,32.658335036598146,7824,7836,0.0,-0.0,0.0,0.0,0.0,0.0,0.0,0.0,0.0,0.0,-0.0,0.0,0.0,0.0,0.0,0.0,0.0,0.0
653,32.658335036598146,32.70833503920585,7836,7848,0.0,-0.0,0.0,0.0,0.0,0.0,0.0,0.0,0.0,1.0,1.0,0.0,0.0,0.0,0.0,0.0,0.0,0.0
654,32.70833503920585,32.75833504181355,7848,7860,0.0,-1.0,0.0,0.0,0.0,0.0,0.0,0.0,0.0,1.0,1.0,0.0,0.0,0.0,0.0,0.0,0.0,0.0
655,32.75833504181355,32.808335044421256,7860,7872,0.0,-1.0,0.0,0.0,0.0,0.0,0.0,0.0,0.0,1.0,1.0,0.0,0.0,0.0,0.0,0.0,0.0,0.0
656,32.808335044421256,32.85833504702896,7872,7884,0.0,-1.0,0.0,0.0,0.0,0.0,0.0,0.0,0.0,1.0,1.0,0.0,0.0,0.0,0.0,0.0,0.0,0.0
657,32.85833504702896,32.90833504963666,7884,7896,0.0,-1.0,0.0,0.0,0.0,0.0,0.0,0.0,0.0,1.0,-0.0,0.0,0.0,0.0,0.0,0.0,0.0,0.0
658,32.90833504963666,32.958335052244365,7896,7908,0.0,-1.0,0.0,0.0,0.0,0.0,0.0,0.0,0.0,1.0,1.0,0.0,0.0,0.0,0.0,0.0,0.0,0.0
659,32.958335052244365,33.00833505485207,7908,7920,0.0,-1.0,0.0,0.0,0.0,0.0,0.0,0.0,0.0,0.0,1.0,0.0,0.0,0.0,0.0,0.0,0.0,0.0
660,33.00833505485207,33.05833505745977,7920,7932,0.0,-1.0,0.0,0.0,0.0,0.0,0.0,0.0,0.0,0.0,1.0,0.0,0.0,0.0,0.0,0.0,0.0,0.0
661,33.05833505745977,33.108335060067475,7932,7944,0.0,-1.0,0.0,0.0,0.0,0.0,0.0,0.0,0.0,0.0,1.0,0.0,0.0,0.0,0.0,0.0,0.0,0.0
662,33.108335060067475,33.15833506267518,7944,7956,0.0,-1.0,0.0,0.0,0.0,0.0,0.0,0.0,0.0,0.0,-0.0,0.0,0.0,0.0,0.0,0.0,0.0,0.0
663,33.15833506267518,33.20833506528288,7956,7968,0.0,-1.0,0.0,0.0,0.0,0.0,0.0,0.0,0.0,0.0,-0.0,0.0,0.0,0.0,0.0,0.0,0.0,0.0
664,33.20833506528288,33.258335067890584,7968,7980,0.0,-0.0,0.0,0.0,0.0,0.0,0.0,0.0,0.0,0.0,-0.0,0.0,0.0,0.0,0.0,0.0,0.0,0.0
665,33.258335067890584,33.30833507049829,7980,7992,0.0,-0.0,0.0,0.0,0.0,0.0,0.0,0.0,0.0,-1.0,1.0,0.0,0.0,0.0,0.0,0.0,0.0,0.0
666,33.30833507049829,33.35833507310599,7992,8004,0.0,-0.0,0.0,0.0,0.0,0.0,0.0,0.0,0.0,-1.0,1.0,0.0,0.0,0.0,0.0,0.0,0.0,0.0
667,33.35833507310599,33.408335075713694,8004,8016,0.0,-0.0,0.0,0.0,0.0,0.0,0.0,0.0,0.0,-1.0,-0.0,0.0,0.0,0.0,0.0,0.0,0.0,0.0
668,33.408335075713694,33.4583350783214,8016,8028,0.0,-0.0,0.0,0.0,0.0,0.0,0.0,0.0,0.0,0.0,1.0,0.0,0.0,0.0,0.0,0.0,0.0,0.0
669,33.4583350783214,33.5083350809291,8028,8040,0.0,-0.0,1.0,0.0,0.0,0.0,0.0,0.0,0.0,0.0,1.0,0.0,0.0,0.0,0.0,0.0,0.0,0.0
670,33.5083350809291,33.558335083536804,8040,8052,0.0,-0.0,1.0,0.0,0.0,0.0,0.0,0.0,0.0,0.0,1.0,0.0,0.0,0.0,0.0,0.0,0.0,0.0
671,33.558335083536804,33.60833508614451,8052,8064,1.0,-0.0,0.0,0.0,0.0,0.0,0.0,0.0,0.0,0.0,-0.0,0.0,0.0,0.0,0.0,0.0,0.0,0.0
672,33.60833508614451,33.65833508875221,8064,8076,1.0,-0.0,0.0,0.0,0.0,0.0,0.0,0.0,0.0,0.0,-0.0,0.0,0.0,0.0,0.0,0.0,0.0,0.0
673,33.65833508875221,33.70833509135991,8076,8088,1.0,-0.0,0.0,0.0,0.0,0.0,0.0,0.0,0.0,0.0,-0.0,0.0,0.0,0.0,0.0,0.0,0.0,0.0
674,33.70833509135991,33.75833509396762,8088,8100,1.0,-0.0,0.0,0.0,0.0,0.0,0.0,0.0,0.0,0.0,-0.0,0.0,-1.0,0.0,0.0,0.0,0.0,0.0
675,33.75833509396762,33.80833509657532,8100,8112,1.0,-0.0,0.0,0.0,0.0,0.0,0.0,0.0,0.0,0.0,-0.0,0.0,0.0,0.0,0.0,0.0,0.0,0.0
676,33.80833509657532,33.85833509918302,8112,8124,1.0,-0.0,0.0,0.0,0.0,0.0,0.0,0.0,0.0,0.0,-0.0,0.0,0.0,0.0,0.0,0.0,0.0,0.0
677,33.85833509918302,33.908335101790726,8124,8136,0.0,-1.0,0.0,0.0,0.0,0.0,0.0,0.0,0.0,0.0,-0.0,0.0,0.0,0.0,0.0,0.0,0.0,0.0
678,33.908335101790726,33.95833510439843,8136,8148,0.0,-1.0,0.0,0.0,0.0,0.0,0.0,0.0,0.0,0.0,-0.0,0.0,0.0,0.0,0.0,0.0,0.0,0.0
679,33.95833510439843,34.00833510700613,8148,8160,0.0,-1.0,0.0,0.0,0.0,0.0,0.0,0.0,0.0,0.0,-1.0,0.0,0.0,0.0,0.0,0.0,0.0,0.0
680,34.00833510700613,34.058335109613836,8160,8172,0.0,-0.0,0.0,0.0,0.0,0.0,0.0,0.0,0.0,0.0,-1.0,0.0,0.0,0.0,0.0,0.0,0.0,0.0
681,34.058335109613836,34.10833511222154,8172,8184,0.0,-0.0,0.0,0.0,0.0,0.0,0.0,0.0,0.0,1.0,-1.0,0.0,0.0,0.0,0.0,0.0,0.0,0.0
682,34.10833511222154,34.15833511482924,8184,8196,0.0,-0.0,0.0,0.0,0.0,0.0,0.0,0.0,0.0,0.0,-0.0,0.0,0.0,0.0,0.0,0.0,0.0,0.0
683,34.15833511482924,34.208335117436945,8196,8208,0.0,-0.0,0.0,-1.0,0.0,0.0,0.0,0.0,0.0,0.0,-0.0,0.0,0.0,0.0,0.0,0.0,0.0,0.0
684,34.208335117436945,34.25833512004465,8208,8220,0.0,-0.0,0.0,0.0,0.0,0.0,0.0,0.0,0.0,0.0,-0.0,0.0,0.0,0.0,0.0,0.0,0.0,0.0
685,34.25833512004465,34.30833512265235,8220,8232,0.0,-0.0,0.0,-1.0,0.0,0.0,0.0,0.0,0.0,0.0,-0.0,0.0,0.0,0.0,0.0,0.0,0.0,0.0
686,34.30833512265235,34.358335125260055,8232,8244,0.0,-0.0,0.0,0.0,0.0,0.0,0.0,0.0,0.0,0.0,-0.0,0.0,0.0,0.0,0.0,0.0,0.0,0.0
687,34.358335125260055,34.40833512786776,8244,8256,0.0,-0.0,0.0,0.0,0.0,0.0,0.0,0.0,0.0,0.0,-0.0,0.0,0.0,0.0,0.0,0.0,0.0,0.0
688,34.40833512786776,34.45833513047546,8256,8268,0.0,-0.0,0.0,0.0,0.0,0.0,0.0,0.0,0.0,0.0,-0.0,0.0,0.0,0.0,0.0,0.0,0.0,0.0
689,34.45833513047546,34.508335133083165,8268,8280,0.0,-0.0,0.0,1.0,0.0,0.0,0.0,0.0,0.0,0.0,-0.0,0.0,0.0,0.0,0.0,0.0,0.0,0.0
690,34.508335133083165,34.55833513569087,8280,8292,0.0,-0.0,0.0,1.0,0.0,0.0,0.0,0.0,0.0,0.0,-0.0,0.0,0.0,0.0,0.0,0.0,0.0,0.0
691,34.55833513569087,34.60833513829857,8292,8304,0.0,-0.0,0.0,1.0,0.0,0.0,0.0,0.0,0.0,1.0,-0.0,0.0,0.0,0.0,0.0,0.0,0.0,0.0
692,34.60833513829857,34.658335140906274,8304,8316,0.0,-0.0,0.0,0.0,0.0,0.0,0.0,0.0,0.0,1.0,-0.0,0.0,0.0,0.0,0.0,0.0,0.0,0.0
693,34.658335140906274,34.70833514351398,8316,8328,0.0,-0.0,0.0,0.0,0.0,0.0,0.0,0.0,0.0,0.0,-0.0,0.0,0.0,0.0,0.0,0.0,0.0,0.0
694,34.70833514351398,34.75833514612168,8328,8340,0.0,-0.0,0.0,0.0,0.0,0.0,0.0,0.0,0.0,0.0,-0.0,0.0,0.0,0.0,0.0,0.0,0.0,0.0
695,34.75833514612168,34.808335148729384,8340,8352,0.0,-0.0,0.0,0.0,1.0,0.0,1.0,0.0,0.0,0.0,-0.0,0.0,0.0,0.0,0.0,0.0,0.0,0.0
696,34.808335148729384,34.85833515133709,8352,8364,0.0,-0.0,0.0,0.0,1.0,0.0,1.0,0.0,0.0,0.0,1.0,0.0,0.0,0.0,0.0,0.0,0.0,0.0
697,34.85833515133709,34.90833515394479,8364,8376,0.0,-0.0,0.0,0.0,1.0,0.0,1.0,0.0,0.0,0.0,1.0,0.0,0.0,0.0,0.0,0.0,0.0,0.0
698,34.90833515394479,34.958335156552494,8376,8388,0.0,-0.0,0.0,0.0,0.0,0.0,0.0,0.0,0.0,0.0,1.0,0.0,0.0,0.0,0.0,0.0,0.0,0.0
699,34.958335156552494,35.0083351591602,8388,8400,0.0,-0.0,0.0,0.0,0.0,0.0,0.0,0.0,0.0,0.0,-0.0,0.0,0.0,0.0,0.0,0.0,0.0,0.0
700,35.0083351591602,35.0583351617679,8400,8412,0.0,-0.0,0.0,0.0,0.0,0.0,0.0,0.0,0.0,0.0,-0.0,0.0,0.0,0.0,0.0,0.0,0.0,0.0
701,35.0583351617679,35.1083351643756,8412,8424,0.0,-0.0,0.0,0.0,0.0,0.0,0.0,0.0,0.0,-1.0,-1.0,0.0,0.0,0.0,0.0,0.0,0.0,0.0
702,35.1083351643756,35.158335166983306,8424,8436,0.0,-0.0,0.0,0.0,0.0,0.0,0.0,0.0,0.0,0.0,-0.0,0.0,0.0,0.0,0.0,0.0,0.0,0.0
703,35.158335166983306,35.20833516959101,8436,8448,0.0,-0.0,0.0,1.0,0.0,0.0,0.0,0.0,0.0,0.0,-0.0,0.0,0.0,0.0,0.0,0.0,0.0,0.0
704,35.20833516959101,35.25833517219871,8448,8460,0.0,-0.0,0.0,1.0,0.0,0.0,0.0,0.0,0.0,0.0,-0.0,0.0,0.0,0.0,0.0,0.0,0.0,0.0
705,35.25833517219871,35.308335174806416,8460,8472,0.0,-0.0,0.0,0.0,0.0,0.0,0.0,0.0,0.0,0.0,-0.0,0.0,1.0,0.0,0.0,0.0,0.0,0.0
706,35.308335174806416,35.35833517741412,8472,8484,0.0,-0.0,0.0,0.0,0.0,0.0,0.0,0.0,0.0,0.0,-0.0,0.0,0.0,0.0,0.0,0.0,0.0,0.0
707,35.35833517741412,35.40833518002182,8484,8496,0.0,1.0,0.0,0.0,0.0,0.0,0.0,0.0,0.0,0.0,-0.0,0.0,0.0,0.0,0.0,0.0,0.0,0.0
708,35.40833518002182,35.458335182629526,8496,8508,0.0,1.0,0.0,0.0,0.0,0.0,0.0,0.0,0.0,0.0,-1.0,0.0,0.0,0.0,0.0,0.0,0.0,0.0
709,35.458335182629526,35.50833518523723,8508,8520,0.0,1.0,1.0,0.0,0.0,0.0,0.0,0.0,0.0,0.0,-1.0,0.0,0.0,0.0,0.0,0.0,0.0,0.0
710,35.50833518523723,35.55833518784493,8520,8532,0.0,1.0,1.0,0.0,0.0,0.0,0.0,0.0,0.0,0.0,-1.0,0.0,0.0,0.0,0.0,0.0,0.0,0.0
711,35.55833518784493,35.608335190452635,8532,8544,0.0,1.0,1.0,0.0,0.0,0.0,0.0,0.0,0.0,0.0,-1.0,0.0,0.0,0.0,0.0,0.0,0.0,0.0
712,35.608335190452635,35.65833519306034,8544,8556,0.0,1.0,1.0,0.0,0.0,0.0,0.0,0.0,0.0,0.0,-1.0,0.0,0.0,0.0,0.0,0.0,0.0,0.0
713,35.65833519306034,35.70833519566804,8556,8568,0.0,-0.0,0.0,0.0,0.0,0.0,0.0,0.0,0.0,0.0,-1.0,0.0,0.0,0.0,0.0,0.0,0.0,0.0
714,35.70833519566804,35.758335198275745,8568,8580,-1.0,-0.0,0.0,0.0,0.0,0.0,0.0,0.0,0.0,0.0,-1.0,0.0,0.0,0.0,0.0,0.0,0.0,0.0
715,35.758335198275745,35.80833520088345,8580,8592,-1.0,-0.0,0.0,0.0,0.0,0.0,0.0,0.0,0.0,1.0,-0.0,0.0,0.0,0.0,0.0,0.0,0.0,0.0
716,35.80833520088345,35.85833520349115,8592,8604,-1.0,-0.0,0.0,0.0,0.0,0.0,0.0,0.0,0.0,0.0,-1.0,0.0,0.0,0.0,0.0,0.0,0.0,0.0
717,35.85833520349115,35.908335206098855,8604,8616,-1.0,-0.0,0.0,0.0,0.0,0.0,0.0,0.0,0.0,1.0,-0.0,0.0,0.0,0.0,0.0,0.0,0.0,0.0
718,35.908335206098855,35.95833520870656,8616,8628,-1.0,-0.0,0.0,0.0,0.0,0.0,0.0,0.0,0.0,1.0,-0.0,0.0,0.0,0.0,0.0,0.0,0.0,0.0
719,35.95833520870656,36.00833521131426,8628,8640,-1.0,-0.0,0.0,0.0,0.0,0.0,0.0,0.0,0.0,1.0,-0.0,0.0,0.0,0.0,0.0,0.0,0.0,0.0
720,36.00833521131426,36.058335213921964,8640,8652,-1.0,-0.0,0.0,0.0,0.0,0.0,0.0,0.0,0.0,1.0,1.0,0.0,0.0,0.0,0.0,0.0,0.0,0.0
721,36.058335213921964,36.10833521652967,8652,8664,0.0,-0.0,0.0,0.0,0.0,0.0,0.0,0.0,0.0,1.0,1.0,0.0,0.0,0.0,0.0,0.0,0.0,0.0
722,36.10833521652967,36.15833521913737,8664,8676,0.0,-1.0,0.0,0.0,0.0,0.0,0.0,0.0,0.0,1.0,1.0,0.0,0.0,0.0,0.0,0.0,0.0,0.0
723,36.15833521913737,36.208335221745074,8676,8688,0.0,-1.0,0.0,0.0,0.0,0.0,0.0,0.0,0.0,1.0,1.0,0.0,0.0,0.0,0.0,0.0,0.0,0.0
724,36.208335221745074,36.25833522435278,8688,8700,0.0,-1.0,0.0,0.0,0.0,0.0,0.0,0.0,0.0,1.0,-0.0,0.0,0.0,0.0,0.0,0.0,0.0,0.0
725,36.25833522435278,36.30833522696048,8700,8712,0.0,-1.0,0.0,0.0,0.0,0.0,0.0,0.0,0.0,1.0,-1.0,0.0,0.0,0.0,0.0,0.0,0.0,0.0
726,36.30833522696048,36.35833522956818,8712,8724,0.0,-1.0,0.0,0.0,0.0,0.0,0.0,0.0,0.0,1.0,-1.0,0.0,0.0,0.0,0.0,0.0,0.0,0.0
727,36.35833522956818,36.40833523217589,8724,8736,0.0,-0.0,0.0,0.0,0.0,0.0,0.0,0.0,0.0,0.0,-1.0,0.0,0.0,0.0,0.0,0.0,0.0,0.0
728,36.40833523217589,36.45833523478359,8736,8748,0.0,-0.0,0.0,0.0,0.0,0.0,0.0,0.0,0.0,0.0,-1.0,0.0,0.0,0.0,0.0,0.0,0.0,0.0
729,36.45833523478359,36.50833523739129,8748,8760,0.0,-0.0,0.0,0.0,0.0,0.0,0.0,0.0,0.0,0.0,-1.0,0.0,0.0,0.0,0.0,0.0,0.0,0.0
730,36.50833523739129,36.558335239998996,8760,8772,0.0,-0.0,0.0,0.0,0.0,0.0,0.0,0.0,0.0,0.0,-1.0,0.0,0.0,0.0,0.0,0.0,0.0,0.0
731,36.558335239998996,36.6083352426067,8772,8784,0.0,-1.0,0.0,0.0,0.0,0.0,0.0,0.0,0.0,0.0,-0.0,0.0,0.0,0.0,0.0,0.0,0.0,0.0
732,36.6083352426067,36.6583352452144,8784,8796,0.0,-1.0,0.0,0.0,0.0,0.0,0.0,0.0,0.0,0.0,-0.0,0.0,0.0,0.0,0.0,0.0,0.0,0.0
733,36.6583352452144,36.708335247822106,8796,8808,0.0,-1.0,0.0,0.0,0.0,0.0,0.0,0.0,0.0,0.0,-0.0,0.0,0.0,0.0,0.0,0.0,0.0,0.0
734,36.708335247822106,36.75833525042981,8808,8820,0.0,-1.0,0.0,0.0,0.0,0.0,0.0,0.0,0.0,0.0,-0.0,0.0,0.0,0.0,0.0,0.0,0.0,0.0
735,36.75833525042981,36.80833525303751,8820,8832,0.0,-1.0,0.0,0.0,0.0,0.0,0.0,0.0,0.0,0.0,-0.0,0.0,0.0,0.0,0.0,0.0,0.0,0.0
736,36.80833525303751,36.858335255645216,8832,8844,0.0,-1.0,0.0,0.0,0.0,0.0,0.0,0.0,0.0,0.0,-0.0,0.0,0.0,0.0,0.0,0.0,0.0,0.0
737,36.858335255645216,36.90833525825292,8844,8856,0.0,-1.0,0.0,0.0,0.0,0.0,0.0,0.0,0.0,1.0,-0.0,0.0,0.0,0.0,0.0,0.0,0.0,0.0
738,36.90833525825292,36.95833526086062,8856,8868,0.0,-1.0,0.0,0.0,0.0,0.0,0.0,0.0,0.0,0.0,-0.0,0.0,0.0,0.0,0.0,0.0,0.0,0.0
739,36.95833526086062,37.008335263468325,8868,8880,0.0,-1.0,0.0,0.0,0.0,0.0,0.0,0.0,0.0,0.0,-0.0,0.0,0.0,0.0,0.0,0.0,0.0,0.0
740,37.008335263468325,37.05833526607603,8880,8892,0.0,-0.0,0.0,0.0,0.0,0.0,0.0,0.0,0.0,0.0,-0.0,0.0,0.0,0.0,0.0,0.0,0.0,0.0
741,37.05833526607603,37.10833526868373,8892,8904,-1.0,-0.0,0.0,0.0,0.0,0.0,0.0,0.0,0.0,1.0,1.0,0.0,0.0,0.0,0.0,0.0,0.0,0.0
742,37.10833526868373,37.158335271291435,8904,8916,-1.0,-0.0,0.0,0.0,0.0,0.0,0.0,0.0,0.0,0.0,-0.0,0.0,0.0,0.0,0.0,0.0,0.0,0.0
743,37.158335271291435,37.20833527389914,8916,8928,-1.0,-0.0,0.0,0.0,0.0,0.0,0.0,0.0,0.0,0.0,-0.0,0.0,0.0,0.0,0.0,0.0,0.0,0.0
744,37.20833527389914,37.25833527650684,8928,8940,-1.0,-0.0,0.0,0.0,0.0,0.0,0.0,0.0,0.0,0.0,-0.0,0.0,0.0,0.0,0.0,0.0,0.0,0.0
745,37.25833527650684,37.308335279114544,8940,8952,-1.0,-0.0,0.0,0.0,0.0,0.0,0.0,0.0,0.0,1.0,-0.0,0.0,0.0,0.0,0.0,0.0,0.0,0.0
746,37.308335279114544,37.35833528172225,8952,8964,-1.0,-0.0,0.0,0.0,0.0,0.0,0.0,0.0,0.0,0.0,-0.0,0.0,0.0,0.0,0.0,0.0,0.0,0.0
747,37.35833528172225,37.40833528432995,8964,8976,-1.0,-0.0,0.0,0.0,0.0,0.0,0.0,0.0,0.0,0.0,-0.0,0.0,0.0,0.0,0.0,0.0,0.0,0.0
748,37.40833528432995,37.458335286937654,8976,8988,0.0,-0.0,0.0,0.0,0.0,0.0,0.0,0.0,0.0,0.0,-0.0,0.0,0.0,0.0,0.0,0.0,0.0,0.0
749,37.458335286937654,37.50833528954536,8988,9000,0.0,-0.0,0.0,0.0,0.0,0.0,0.0,0.0,0.0,0.0,-0.0,0.0,0.0,0.0,0.0,0.0,0.0,0.0
750,37.50833528954536,37.55833529215306,9000,9012,0.0,-0.0,0.0,0.0,0.0,0.0,0.0,0.0,0.0,0.0,-0.0,0.0,0.0,0.0,0.0,0.0,0.0,0.0
751,37.55833529215306,37.608335294760764,9012,9024,0.0,-0.0,0.0,0.0,0.0,0.0,0.0,0.0,0.0,0.0,-0.0,0.0,0.0,0.0,0.0,0.0,0.0,0.0
752,37.608335294760764,37.65833529736847,9024,9036,0.0,1.0,0.0,0.0,0.0,0.0,0.0,0.0,0.0,0.0,-0.0,0.0,0.0,0.0,0.0,0.0,0.0,0.0
753,37.65833529736847,37.70833529997617,9036,9048,0.0,1.0,0.0,0.0,0.0,0.0,0.0,0.0,0.0,0.0,-0.0,0.0,0.0,0.0,0.0,0.0,0.0,0.0
754,37.70833529997617,37.75833530258387,9048,9060,0.0,1.0,0.0,0.0,0.0,0.0,0.0,0.0,0.0,0.0,-0.0,0.0,0.0,0.0,0.0,0.0,0.0,0.0
755,37.75833530258387,37.80833530519158,9060,9072,0.0,1.0,0.0,0.0,0.0,0.0,0.0,0.0,0.0,0.0,-0.0,0.0,0.0,0.0,0.0,0.0,0.0,0.0
756,37.80833530519158,37.85833530779928,9072,9084,0.0,1.0,0.0,0.0,0.0,0.0,0.0,0.0,0.0,0.0,-0.0,0.0,0.0,0.0,0.0,0.0,0.0,0.0
757,37.85833530779928,37.90833531040698,9084,9096,0.0,1.0,0.0,0.0,0.0,0.0,0.0,0.0,0.0,0.0,-0.0,0.0,0.0,0.0,0.0,0.0,0.0,0.0
758,37.90833531040698,37.958335313014686,9096,9108,0.0,1.0,0.0,0.0,0.0,0.0,0.0,0.0,0.0,0.0,-0.0,0.0,0.0,0.0,0.0,0.0,0.0,0.0
759,37.958335313014686,38.00833531562239,9108,9120,0.0,-0.0,0.0,0.0,0.0,0.0,0.0,0.0,0.0,0.0,-0.0,0.0,0.0,0.0,0.0,0.0,0.0,0.0
760,38.00833531562239,38.05833531823009,9120,9132,0.0,-0.0,0.0,0.0,0.0,0.0,0.0,0.0,0.0,0.0,-0.0,0.0,0.0,0.0,0.0,0.0,0.0,0.0
761,38.05833531823009,38.108335320837796,9132,9144,-1.0,-0.0,0.0,0.0,0.0,0.0,0.0,0.0,0.0,0.0,-0.0,0.0,0.0,0.0,0.0,0.0,0.0,0.0
762,38.108335320837796,38.1583353234455,9144,9156,0.0,-0.0,0.0,0.0,0.0,0.0,0.0,0.0,0.0,0.0,-0.0,0.0,0.0,0.0,0.0,0.0,0.0,0.0
763,38.1583353234455,38.2083353260532,9156,9168,0.0,-0.0,0.0,0.0,0.0,0.0,0.0,0.0,0.0,0.0,-0.0,0.0,0.0,0.0,0.0,0.0,0.0,0.0
764,38.2083353260532,38.258335328660905,9168,9180,0.0,-1.0,0.0,0.0,0.0,0.0,0.0,0.0,0.0,0.0,-0.0,0.0,0.0,0.0,0.0,0.0,0.0,0.0
765,38.258335328660905,38.30833533126861,9180,9192,0.0,-1.0,0.0,0.0,0.0,0.0,0.0,0.0,0.0,0.0,-0.0,0.0,0.0,0.0,0.0,0.0,0.0,0.0
766,38.30833533126861,38.35833533387631,9192,9204,0.0,-1.0,0.0,0.0,0.0,0.0,0.0,0.0,0.0,0.0,-0.0,0.0,0.0,0.0,0.0,0.0,0.0,0.0
767,38.35833533387631,38.408335336484015,9204,9216,0.0,-1.0,0.0,0.0,0.0,0.0,0.0,0.0,0.0,0.0,-0.0,0.0,0.0,0.0,0.0,0.0,0.0,0.0
768,38.408335336484015,38.45833533909172,9216,9228,0.0,-1.0,0.0,0.0,0.0,0.0,0.0,0.0,0.0,0.0,-0.0,0.0,0.0,0.0,0.0,0.0,0.0,0.0
769,38.45833533909172,38.50833534169942,9228,9240,0.0,-1.0,0.0,0.0,0.0,0.0,0.0,0.0,0.0,0.0,-0.0,0.0,0.0,0.0,0.0,0.0,0.0,0.0
770,38.50833534169942,38.558335344307125,9240,9252,0.0,-1.0,0.0,0.0,0.0,0.0,0.0,0.0,0.0,0.0,-0.0,0.0,0.0,0.0,0.0,0.0,0.0,0.0
771,38.558335344307125,38.60833534691483,9252,9264,0.0,-1.0,0.0,0.0,0.0,0.0,0.0,0.0,0.0,0.0,-0.0,0.0,0.0,0.0,0.0,0.0,0.0,0.0
772,38.60833534691483,38.65833534952253,9264,9276,0.0,-1.0,0.0,0.0,0.0,0.0,0.0,0.0,0.0,0.0,-0.0,0.0,0.0,0.0,0.0,0.0,0.0,0.0
773,38.65833534952253,38.708335352130234,9276,9288,0.0,-0.0,0.0,0.0,0.0,0.0,0.0,0.0,0.0,0.0,-0.0,0.0,0.0,0.0,0.0,0.0,0.0,0.0
774,38.708335352130234,38.75833535473794,9288,9300,-1.0,-0.0,0.0,0.0,0.0,0.0,0.0,0.0,0.0,0.0,-0.0,0.0,0.0,0.0,0.0,0.0,0.0,0.0
775,38.75833535473794,38.80833535734564,9300,9312,-1.0,-0.0,0.0,0.0,0.0,0.0,0.0,0.0,0.0,0.0,-0.0,0.0,0.0,0.0,0.0,0.0,0.0,0.0
776,38.80833535734564,38.858335359953344,9312,9324,-1.0,-0.0,0.0,0.0,0.0,0.0,0.0,0.0,0.0,0.0,-0.0,0.0,0.0,0.0,0.0,0.0,0.0,0.0
777,38.858335359953344,38.90833536256105,9324,9336,-1.0,-0.0,0.0,0.0,0.0,0.0,0.0,0.0,0.0,0.0,-0.0,0.0,0.0,0.0,0.0,0.0,0.0,0.0
778,38.90833536256105,38.95833536516875,9336,9348,-1.0,-0.0,0.0,0.0,0.0,0.0,0.0,0.0,0.0,0.0,-0.0,0.0,0.0,0.0,0.0,0.0,0.0,0.0
779,38.95833536516875,39.00833536777645,9348,9360,-1.0,-0.0,0.0,0.0,0.0,0.0,0.0,0.0,0.0,0.0,-0.0,0.0,0.0,0.0,0.0,0.0,0.0,0.0
780,39.00833536777645,39.05833537038416,9360,9372,0.0,-0.0,0.0,0.0,0.0,0.0,0.0,0.0,0.0,0.0,-0.0,0.0,0.0,0.0,0.0,0.0,0.0,0.0
781,39.05833537038416,39.10833537299186,9372,9384,0.0,-0.0,0.0,0.0,0.0,0.0,0.0,0.0,0.0,0.0,-0.0,0.0,0.0,0.0,0.0,0.0,0.0,0.0
782,39.10833537299186,39.15833537559956,9384,9396,0.0,-0.0,0.0,0.0,0.0,0.0,0.0,0.0,0.0,0.0,-0.0,0.0,0.0,0.0,0.0,0.0,0.0,0.0
783,39.15833537559956,39.208335378207266,9396,9408,0.0,-0.0,0.0,0.0,0.0,0.0,0.0,0.0,0.0,0.0,-0.0,0.0,0.0,0.0,0.0,0.0,0.0,0.0
784,39.208335378207266,39.25833538081497,9408,9420,0.0,-0.0,0.0,0.0,0.0,0.0,0.0,0.0,0.0,0.0,-0.0,0.0,0.0,0.0,0.0,0.0,0.0,0.0
785,39.25833538081497,39.30833538342267,9420,9432,0.0,-0.0,0.0,0.0,0.0,0.0,0.0,0.0,0.0,0.0,-0.0,0.0,0.0,0.0,0.0,0.0,0.0,0.0
786,39.30833538342267,39.358335386030376,9432,9444,0.0,-0.0,0.0,0.0,0.0,0.0,0.0,0.0,0.0,0.0,-0.0,0.0,0.0,0.0,0.0,0.0,0.0,0.0
787,39.358335386030376,39.40833538863808,9444,9456,0.0,-0.0,0.0,-1.0,0.0,0.0,0.0,0.0,0.0,0.0,-0.0,0.0,0.0,0.0,0.0,0.0,0.0,0.0
788,39.40833538863808,39.45833539124578,9456,9468,0.0,-0.0,0.0,-1.0,0.0,0.0,0.0,0.0,0.0,0.0,-0.0,0.0,0.0,0.0,0.0,0.0,0.0,0.0
789,39.45833539124578,39.508335393853486,9468,9480,0.0,-0.0,0.0,0.0,0.0,0.0,0.0,0.0,0.0,0.0,-0.0,0.0,0.0,0.0,0.0,0.0,0.0,0.0
790,39.508335393853486,39.55833539646119,9480,9492,0.0,-0.0,0.0,0.0,0.0,0.0,0.0,0.0,0.0,0.0,-0.0,0.0,0.0,0.0,0.0,0.0,0.0,0.0
791,39.55833539646119,39.60833539906889,9492,9504,0.0,-0.0,0.0,1.0,0.0,0.0,0.0,0.0,0.0,0.0,-0.0,0.0,0.0,0.0,0.0,0.0,0.0,0.0
792,39.60833539906889,39.658335401676595,9504,9516,0.0,-0.0,0.0,1.0,0.0,0.0,0.0,0.0,0.0,0.0,-0.0,0.0,0.0,0.0,0.0,0.0,0.0,0.0
793,39.658335401676595,39.7083354042843,9516,9528,0.0,-0.0,0.0,1.0,0.0,0.0,0.0,0.0,0.0,0.0,-0.0,0.0,0.0,0.0,0.0,0.0,0.0,0.0
794,39.7083354042843,39.758335406892,9528,9540,0.0,-0.0,0.0,0.0,0.0,0.0,0.0,0.0,0.0,0.0,-0.0,0.0,0.0,0.0,0.0,0.0,0.0,0.0
795,39.758335406892,39.808335409499705,9540,9552,0.0,1.0,0.0,0.0,0.0,0.0,0.0,0.0,0.0,0.0,-0.0,0.0,0.0,0.0,0.0,0.0,0.0,0.0
796,39.808335409499705,39.85833541210741,9552,9564,0.0,1.0,0.0,0.0,0.0,0.0,0.0,0.0,0.0,0.0,-0.0,0.0,0.0,0.0,0.0,0.0,0.0,0.0
797,39.85833541210741,39.90833541471511,9564,9576,0.0,1.0,0.0,0.0,0.0,0.0,0.0,0.0,0.0,0.0,-0.0,0.0,0.0,0.0,0.0,0.0,0.0,0.0
798,39.90833541471511,39.958335417322814,9576,9588,0.0,-0.0,0.0,0.0,0.0,0.0,0.0,0.0,0.0,0.0,-0.0,0.0,0.0,0.0,0.0,0.0,0.0,0.0
799,39.958335417322814,40.00833541993052,9588,9600,0.0,-0.0,0.0,0.0,0.0,0.0,0.0,0.0,0.0,0.0,-0.0,0.0,0.0,0.0,0.0,0.0,0.0,0.0
800,40.00833541993052,40.05833542253822,9600,9612,0.0,-0.0,0.0,1.0,0.0,0.0,0.0,0.0,0.0,0.0,-0.0,0.0,0.0,0.0,0.0,0.0,0.0,0.0
801,40.05833542253822,40.108335425145924,9612,9624,0.0,-0.0,0.0,0.0,0.0,0.0,0.0,0.0,0.0,0.0,-0.0,0.0,0.0,0.0,0.0,0.0,0.0,0.0
802,40.108335425145924,40.15833542775363,9624,9636,0.0,-0.0,0.0,1.0,0.0,0.0,0.0,0.0,0.0,0.0,-0.0,0.0,0.0,0.0,0.0,0.0,0.0,0.0
803,40.15833542775363,40.20833543036133,9636,9648,0.0,-0.0,0.0,0.0,0.0,0.0,0.0,0.0,0.0,0.0,-0.0,0.0,0.0,0.0,0.0,0.0,0.0,0.0
804,40.20833543036133,40.258335432969034,9648,9660,0.0,-0.0,0.0,0.0,0.0,0.0,0.0,0.0,0.0,0.0,-0.0,0.0,0.0,0.0,0.0,0.0,0.0,0.0
805,40.258335432969034,40.30833543557674,9660,9672,0.0,-0.0,0.0,0.0,0.0,0.0,0.0,0.0,0.0,0.0,-0.0,0.0,0.0,0.0,0.0,0.0,0.0,0.0
806,40.30833543557674,40.35833543818444,9672,9684,1.0,-0.0,0.0,0.0,0.0,0.0,0.0,0.0,0.0,0.0,-0.0,0.0,0.0,0.0,0.0,0.0,0.0,0.0
807,40.35833543818444,40.40833544079214,9684,9696,0.0,-0.0,0.0,1.0,0.0,0.0,0.0,0.0,0.0,0.0,-0.0,0.0,0.0,0.0,0.0,0.0,0.0,0.0
808,40.40833544079214,40.45833544339985,9696,9708,0.0,-0.0,0.0,1.0,0.0,0.0,0.0,0.0,0.0,0.0,-0.0,0.0,0.0,0.0,0.0,0.0,0.0,0.0
809,40.45833544339985,40.50833544600755,9708,9720,0.0,-0.0,0.0,0.0,0.0,0.0,0.0,0.0,0.0,0.0,-0.0,0.0,0.0,0.0,0.0,0.0,0.0,0.0
810,40.50833544600755,40.55833544861525,9720,9732,0.0,-0.0,0.0,0.0,0.0,0.0,0.0,0.0,0.0,0.0,-0.0,0.0,0.0,0.0,0.0,0.0,0.0,0.0
811,40.55833544861525,40.608335451222956,9732,9744,1.0,-0.0,0.0,0.0,0.0,0.0,0.0,0.0,0.0,0.0,-0.0,0.0,0.0,0.0,0.0,0.0,0.0,0.0
812,40.608335451222956,40.65833545383066,9744,9756,1.0,-0.0,0.0,0.0,0.0,0.0,0.0,0.0,0.0,0.0,-0.0,0.0,0.0,0.0,0.0,0.0,0.0,0.0
813,40.65833545383066,40.70833545643836,9756,9768,0.0,-0.0,0.0,0.0,0.0,0.0,0.0,0.0,0.0,0.0,-0.0,0.0,0.0,0.0,0.0,0.0,0.0,0.0
814,40.70833545643836,40.758335459046066,9768,9780,0.0,-0.0,0.0,0.0,0.0,0.0,0.0,0.0,0.0,0.0,-0.0,0.0,0.0,0.0,0.0,0.0,0.0,0.0
815,40.758335459046066,40.80833546165377,9780,9792,0.0,-0.0,0.0,0.0,0.0,0.0,0.0,0.0,0.0,0.0,-0.0,0.0,0.0,0.0,0.0,0.0,0.0,0.0
816,40.80833546165377,40.85833546426147,9792,9804,0.0,-0.0,0.0,1.0,0.0,0.0,0.0,0.0,0.0,0.0,-0.0,0.0,0.0,0.0,0.0,0.0,0.0,0.0
817,40.85833546426147,40.908335466869175,9804,9816,0.0,1.0,0.0,0.0,0.0,0.0,0.0,0.0,0.0,0.0,-0.0,0.0,0.0,0.0,0.0,0.0,0.0,0.0
818,40.908335466869175,40.95833546947688,9816,9828,0.0,1.0,0.0,0.0,0.0,0.0,0.0,0.0,0.0,0.0,-0.0,0.0,0.0,0.0,0.0,0.0,0.0,0.0
819,40.95833546947688,41.00833547208458,9828,9840,0.0,1.0,0.0,0.0,0.0,0.0,0.0,0.0,0.0,0.0,-0.0,0.0,0.0,0.0,0.0,0.0,0.0,0.0
820,41.00833547208458,41.058335474692285,9840,9852,0.0,1.0,0.0,0.0,0.0,0.0,0.0,0.0,0.0,0.0,-0.0,0.0,0.0,0.0,0.0,0.0,0.0,0.0
821,41.058335474692285,41.10833547729999,9852,9864,0.0,-0.0,0.0,1.0,0.0,0.0,0.0,0.0,0.0,0.0,-0.0,0.0,0.0,0.0,0.0,0.0,0.0,0.0
822,41.10833547729999,41.15833547990769,9864,9876,0.0,-0.0,0.0,0.0,0.0,0.0,0.0,0.0,0.0,0.0,-0.0,0.0,0.0,0.0,0.0,0.0,0.0,0.0
823,41.15833547990769,41.208335482515395,9876,9888,0.0,1.0,0.0,0.0,0.0,0.0,0.0,0.0,0.0,0.0,-0.0,0.0,0.0,0.0,0.0,0.0,0.0,0.0
824,41.208335482515395,41.2583354851231,9888,9900,0.0,-0.0,0.0,0.0,0.0,0.0,0.0,0.0,0.0,0.0,-0.0,0.0,0.0,0.0,0.0,0.0,0.0,0.0
825,41.2583354851231,41.3083354877308,9900,9912,0.0,1.0,0.0,0.0,0.0,0.0,0.0,0.0,0.0,0.0,-0.0,0.0,0.0,0.0,0.0,0.0,0.0,0.0
826,41.3083354877308,41.358335490338504,9912,9924,0.0,1.0,0.0,0.0,0.0,0.0,0.0,0.0,0.0,0.0,-0.0,0.0,0.0,0.0,0.0,0.0,0.0,0.0
827,41.358335490338504,41.40833549294621,9924,9936,0.0,1.0,0.0,0.0,0.0,0.0,0.0,0.0,0.0,0.0,-0.0,0.0,0.0,0.0,0.0,0.0,0.0,0.0
828,41.40833549294621,41.45833549555391,9936,9948,0.0,1.0,0.0,0.0,0.0,0.0,0.0,0.0,0.0,0.0,-0.0,0.0,0.0,0.0,0.0,0.0,0.0,0.0
829,41.45833549555391,41.508335498161614,9948,9960,0.0,1.0,0.0,0.0,0.0,0.0,0.0,0.0,0.0,0.0,-0.0,0.0,0.0,0.0,0.0,0.0,0.0,0.0
830,41.508335498161614,41.55833550076932,9960,9972,0.0,1.0,0.0,0.0,0.0,0.0,0.0,0.0,0.0,-1.0,-0.0,0.0,0.0,0.0,0.0,0.0,0.0,0.0
831,41.55833550076932,41.60833550337702,9972,9984,0.0,1.0,0.0,0.0,0.0,0.0,0.0,0.0,0.0,0.0,-1.0,0.0,0.0,0.0,0.0,0.0,0.0,0.0
832,41.60833550337702,41.658335505984724,9984,9996,0.0,1.0,0.0,0.0,0.0,0.0,0.0,0.0,0.0,0.0,-1.0,0.0,0.0,0.0,0.0,0.0,0.0,0.0
833,41.658335505984724,41.70833550859243,9996,10008,0.0,1.0,0.0,0.0,0.0,0.0,0.0,0.0,0.0,-1.0,-1.0,0.0,0.0,0.0,0.0,0.0,0.0,0.0
834,41.70833550859243,41.75833551120013,10008,10020,1.0,-0.0,0.0,0.0,0.0,0.0,0.0,0.0,0.0,-1.0,-1.0,0.0,0.0,0.0,0.0,0.0,0.0,0.0
835,41.75833551120013,41.80833551380783,10020,10032,1.0,-0.0,0.0,0.0,0.0,0.0,0.0,0.0,0.0,-1.0,-1.0,0.0,0.0,0.0,0.0,0.0,0.0,0.0
836,41.80833551380783,41.858335516415536,10032,10044,1.0,-0.0,0.0,0.0,0.0,0.0,0.0,0.0,0.0,0.0,-1.0,0.0,0.0,0.0,0.0,0.0,0.0,0.0
837,41.858335516415536,41.90833551902324,10044,10056,0.0,1.0,0.0,0.0,0.0,0.0,0.0,0.0,0.0,0.0,-1.0,0.0,0.0,0.0,0.0,0.0,0.0,0.0
838,41.90833551902324,41.95833552163094,10056,10068,1.0,-0.0,0.0,0.0,0.0,0.0,0.0,0.0,0.0,0.0,-1.0,0.0,0.0,0.0,0.0,0.0,0.0,0.0
839,41.95833552163094,42.008335524238646,10068,10080,1.0,-0.0,0.0,0.0,0.0,0.0,0.0,0.0,0.0,0.0,-1.0,0.0,0.0,0.0,0.0,0.0,0.0,0.0
840,42.008335524238646,42.05833552684635,10080,10092,1.0,-0.0,0.0,0.0,0.0,0.0,0.0,0.0,0.0,1.0,-1.0,0.0,0.0,0.0,0.0,0.0,0.0,0.0
841,42.05833552684635,42.10833552945405,10092,10104,1.0,-0.0,0.0,0.0,0.0,0.0,0.0,0.0,0.0,1.0,-1.0,0.0,0.0,0.0,0.0,0.0,0.0,0.0
842,42.10833552945405,42.158335532061756,10104,10116,1.0,-0.0,0.0,0.0,0.0,0.0,0.0,0.0,0.0,1.0,-1.0,0.0,0.0,0.0,0.0,0.0,0.0,0.0
843,42.158335532061756,42.20833553466946,10116,10128,0.0,1.0,0.0,0.0,0.0,0.0,0.0,0.0,0.0,1.0,-0.0,0.0,0.0,0.0,0.0,0.0,0.0,0.0
844,42.20833553466946,42.25833553727716,10128,10140,0.0,1.0,0.0,0.0,0.0,0.0,0.0,0.0,0.0,0.0,-0.0,0.0,0.0,0.0,0.0,0.0,0.0,0.0
845,42.25833553727716,42.308335539884865,10140,10152,0.0,1.0,0.0,0.0,0.0,0.0,0.0,0.0,0.0,0.0,-0.0,0.0,0.0,0.0,0.0,0.0,0.0,0.0
846,42.308335539884865,42.35833554249257,10152,10164,0.0,1.0,0.0,0.0,0.0,0.0,0.0,0.0,0.0,0.0,-1.0,0.0,0.0,0.0,0.0,0.0,0.0,0.0
847,42.35833554249257,42.40833554510027,10164,10176,0.0,1.0,0.0,0.0,0.0,0.0,0.0,0.0,0.0,0.0,-1.0,0.0,0.0,0.0,0.0,0.0,0.0,0.0
848,42.40833554510027,42.458335547707975,10176,10188,0.0,1.0,0.0,0.0,0.0,0.0,0.0,0.0,0.0,0.0,-1.0,0.0,0.0,0.0,0.0,0.0,0.0,0.0
849,42.458335547707975,42.50833555031568,10188,10200,0.0,1.0,0.0,0.0,0.0,0.0,0.0,0.0,0.0,1.0,-1.0,0.0,0.0,0.0,0.0,0.0,0.0,0.0
850,42.50833555031568,42.55833555292338,10200,10212,0.0,1.0,0.0,0.0,0.0,0.0,0.0,0.0,0.0,1.0,-1.0,0.0,0.0,0.0,0.0,0.0,0.0,0.0
851,42.55833555292338,42.608335555531085,10212,10224,0.0,1.0,0.0,0.0,0.0,0.0,0.0,0.0,0.0,0.0,-1.0,0.0,0.0,0.0,0.0,0.0,0.0,0.0
852,42.608335555531085,42.65833555813879,10224,10236,0.0,1.0,0.0,0.0,0.0,0.0,0.0,0.0,0.0,0.0,-1.0,0.0,0.0,0.0,0.0,0.0,0.0,0.0
853,42.65833555813879,42.70833556074649,10236,10248,0.0,1.0,0.0,0.0,0.0,0.0,0.0,0.0,0.0,0.0,-1.0,0.0,0.0,0.0,0.0,0.0,0.0,0.0
854,42.70833556074649,42.758335563354194,10248,10260,0.0,1.0,0.0,0.0,0.0,0.0,0.0,0.0,0.0,0.0,-1.0,0.0,0.0,0.0,0.0,0.0,0.0,0.0
855,42.758335563354194,42.8083355659619,10260,10272,0.0,1.0,0.0,0.0,0.0,0.0,0.0,0.0,0.0,0.0,-1.0,0.0,0.0,0.0,0.0,0.0,0.0,0.0
856,42.8083355659619,42.8583355685696,10272,10284,0.0,1.0,0.0,0.0,0.0,0.0,0.0,0.0,0.0,0.0,-1.0,0.0,0.0,0.0,0.0,0.0,0.0,0.0
857,42.8583355685696,42.908335571177304,10284,10296,0.0,1.0,0.0,0.0,0.0,0.0,0.0,0.0,0.0,0.0,-1.0,0.0,0.0,0.0,0.0,0.0,0.0,0.0
858,42.908335571177304,42.95833557378501,10296,10308,0.0,1.0,0.0,0.0,0.0,0.0,0.0,0.0,0.0,0.0,-1.0,0.0,0.0,0.0,0.0,0.0,0.0,0.0
859,42.95833557378501,43.00833557639271,10308,10320,0.0,1.0,0.0,0.0,0.0,0.0,0.0,0.0,0.0,0.0,-1.0,0.0,1.0,0.0,0.0,0.0,0.0,0.0
860,43.00833557639271,43.05833557900041,10320,10332,0.0,1.0,0.0,0.0,0.0,0.0,0.0,0.0,0.0,0.0,-1.0,0.0,1.0,0.0,0.0,0.0,0.0,0.0
861,43.05833557900041,43.10833558160812,10332,10344,0.0,1.0,0.0,0.0,0.0,0.0,0.0,0.0,0.0,0.0,-0.0,0.0,0.0,0.0,0.0,0.0,0.0,0.0
862,43.10833558160812,43.15833558421582,10344,10356,0.0,1.0,0.0,0.0,0.0,0.0,0.0,0.0,0.0,0.0,-0.0,0.0,0.0,0.0,0.0,0.0,0.0,0.0
863,43.15833558421582,43.20833558682352,10356,10368,0.0,1.0,0.0,0.0,0.0,0.0,0.0,0.0,0.0,0.0,-0.0,0.0,0.0,0.0,0.0,0.0,0.0,0.0
864,43.20833558682352,43.258335589431226,10368,10380,0.0,1.0,0.0,0.0,0.0,0.0,0.0,0.0,0.0,0.0,-1.0,0.0,1.0,0.0,0.0,0.0,0.0,0.0
865,43.258335589431226,43.30833559203893,10380,10392,0.0,1.0,0.0,0.0,0.0,0.0,0.0,0.0,0.0,1.0,-1.0,0.0,1.0,0.0,0.0,0.0,0.0,0.0
866,43.30833559203893,43.35833559464663,10392,10404,0.0,1.0,0.0,0.0,0.0,0.0,0.0,0.0,0.0,1.0,-1.0,0.0,1.0,0.0,0.0,0.0,0.0,0.0
867,43.35833559464663,43.408335597254336,10404,10416,0.0,1.0,0.0,0.0,0.0,0.0,0.0,0.0,0.0,1.0,-1.0,0.0,1.0,0.0,0.0,0.0,0.0,0.0
868,43.408335597254336,43.45833559986204,10416,10428,0.0,1.0,0.0,0.0,0.0,0.0,0.0,0.0,0.0,1.0,-1.0,0.0,1.0,0.0,0.0,0.0,0.0,0.0
869,43.45833559986204,43.50833560246974,10428,10440,0.0,1.0,0.0,0.0,0.0,0.0,0.0,0.0,0.0,1.0,-1.0,0.0,1.0,0.0,0.0,0.0,0.0,0.0
870,43.50833560246974,43.558335605077446,10440,10452,0.0,1.0,0.0,0.0,0.0,0.0,0.0,0.0,0.0,1.0,-0.0,0.0,1.0,0.0,0.0,0.0,0.0,0.0
871,43.558335605077446,43.60833560768515,10452,10464,0.0,1.0,0.0,0.0,0.0,0.0,0.0,0.0,0.0,1.0,1.0,0.0,0.0,0.0,0.0,0.0,0.0,0.0
872,43.60833560768515,43.65833561029285,10464,10476,0.0,1.0,0.0,0.0,0.0,0.0,0.0,0.0,0.0,1.0,1.0,0.0,0.0,0.0,0.0,0.0,0.0,0.0
873,43.65833561029285,43.708335612900555,10476,10488,0.0,-0.0,0.0,0.0,0.0,0.0,0.0,0.0,0.0,0.0,-0.0,0.0,0.0,0.0,0.0,0.0,0.0,0.0
874,43.708335612900555,43.75833561550826,10488,10500,0.0,1.0,0.0,0.0,0.0,0.0,0.0,0.0,0.0,0.0,-0.0,0.0,0.0,0.0,0.0,0.0,0.0,0.0
875,43.75833561550826,43.80833561811596,10500,10512,0.0,1.0,0.0,0.0,0.0,0.0,0.0,0.0,0.0,-1.0,-1.0,0.0,0.0,0.0,0.0,0.0,0.0,0.0
876,43.80833561811596,43.858335620723665,10512,10524,0.0,1.0,0.0,0.0,0.0,0.0,0.0,0.0,0.0,-1.0,-1.0,0.0,0.0,0.0,0.0,0.0,0.0,0.0
877,43.858335620723665,43.90833562333137,10524,10536,0.0,1.0,0.0,0.0,0.0,0.0,0.0,0.0,0.0,0.0,-1.0,0.0,0.0,0.0,0.0,0.0,0.0,0.0
878,43.90833562333137,43.95833562593907,10536,10548,0.0,-0.0,0.0,0.0,0.0,0.0,0.0,0.0,0.0,0.0,-1.0,0.0,0.0,0.0,0.0,0.0,0.0,0.0
879,43.95833562593907,44.008335628546774,10548,10560,0.0,-0.0,0.0,0.0,0.0,0.0,0.0,0.0,0.0,0.0,-1.0,0.0,0.0,0.0,0.0,0.0,0.0,0.0
880,44.008335628546774,44.05833563115448,10560,10572,0.0,-0.0,0.0,0.0,0.0,0.0,-1.0,0.0,0.0,0.0,-1.0,0.0,0.0,0.0,0.0,0.0,0.0,0.0
881,44.05833563115448,44.10833563376218,10572,10584,0.0,1.0,0.0,0.0,0.0,0.0,0.0,0.0,0.0,0.0,-1.0,0.0,0.0,0.0,0.0,0.0,0.0,0.0
882,44.10833563376218,44.158335636369884,10584,10596,0.0,1.0,0.0,0.0,0.0,0.0,0.0,0.0,0.0,0.0,-1.0,0.0,0.0,0.0,0.0,0.0,0.0,0.0
883,44.158335636369884,44.20833563897759,10596,10608,0.0,1.0,0.0,0.0,0.0,0.0,0.0,0.0,0.0,1.0,-1.0,0.0,0.0,0.0,0.0,0.0,0.0,0.0
884,44.20833563897759,44.25833564158529,10608,10620,0.0,1.0,0.0,0.0,0.0,0.0,0.0,0.0,0.0,1.0,-1.0,0.0,0.0,0.0,0.0,0.0,0.0,0.0
885,44.25833564158529,44.308335644192994,10620,10632,0.0,1.0,0.0,0.0,0.0,0.0,0.0,0.0,0.0,1.0,-1.0,0.0,0.0,0.0,0.0,0.0,0.0,0.0
886,44.308335644192994,44.3583356468007,10632,10644,0.0,1.0,0.0,0.0,0.0,0.0,0.0,0.0,0.0,1.0,-1.0,0.0,-1.0,0.0,0.0,0.0,0.0,0.0
887,44.3583356468007,44.4083356494084,10644,10656,0.0,-0.0,0.0,0.0,0.0,0.0,-1.0,0.0,0.0,1.0,-1.0,0.0,-1.0,0.0,0.0,0.0,0.0,0.0
888,44.4083356494084,44.4583356520161,10656,10668,0.0,-0.0,0.0,0.0,0.0,0.0,-1.0,0.0,0.0,1.0,-1.0,0.0,0.0,0.0,0.0,0.0,0.0,0.0
889,44.4583356520161,44.50833565462381,10668,10680,0.0,1.0,0.0,0.0,0.0,0.0,0.0,0.0,0.0,1.0,-1.0,0.0,1.0,0.0,0.0,0.0,0.0,0.0
890,44.50833565462381,44.55833565723151,10680,10692,0.0,1.0,0.0,0.0,0.0,0.0,0.0,0.0,0.0,1.0,-1.0,0.0,1.0,0.0,0.0,0.0,0.0,0.0
891,44.55833565723151,44.60833565983921,10692,10704,0.0,1.0,0.0,0.0,0.0,0.0,0.0,0.0,0.0,1.0,-1.0,0.0,0.0,0.0,0.0,0.0,0.0,0.0
892,44.60833565983921,44.658335662446916,10704,10716,0.0,1.0,0.0,0.0,0.0,0.0,0.0,0.0,0.0,1.0,-1.0,0.0,0.0,0.0,0.0,0.0,0.0,0.0
893,44.658335662446916,44.70833566505462,10716,10728,0.0,1.0,0.0,0.0,0.0,0.0,0.0,0.0,0.0,1.0,-1.0,0.0,0.0,0.0,0.0,0.0,0.0,0.0
894,44.70833566505462,44.75833566766232,10728,10740,0.0,1.0,0.0,0.0,0.0,0.0,0.0,0.0,0.0,1.0,-1.0,0.0,1.0,0.0,0.0,0.0,0.0,0.0
895,44.75833566766232,44.808335670270026,10740,10752,0.0,1.0,0.0,0.0,0.0,0.0,0.0,0.0,0.0,1.0,-1.0,0.0,0.0,0.0,0.0,0.0,0.0,0.0
896,44.808335670270026,44.85833567287773,10752,10764,0.0,-1.0,0.0,0.0,0.0,0.0,0.0,0.0,0.0,1.0,-1.0,0.0,0.0,0.0,0.0,0.0,0.0,0.0
897,44.85833567287773,44.90833567548543,10764,10776,-1.0,-0.0,0.0,0.0,0.0,0.0,0.0,0.0,0.0,1.0,-1.0,0.0,0.0,0.0,0.0,0.0,0.0,0.0
898,44.90833567548543,44.958335678093135,10776,10788,-1.0,-0.0,0.0,0.0,0.0,0.0,0.0,0.0,0.0,1.0,-1.0,0.0,-1.0,0.0,0.0,0.0,0.0,0.0
899,44.958335678093135,45.00833568070084,10788,10800,-1.0,-0.0,0.0,0.0,0.0,0.0,0.0,0.0,0.0,1.0,-1.0,0.0,-1.0,0.0,0.0,0.0,0.0,0.0
900,45.00833568070084,45.05833568330854,10800,10812,-1.0,-0.0,0.0,0.0,0.0,0.0,0.0,0.0,0.0,1.0,-1.0,0.0,-1.0,0.0,0.0,0.0,0.0,0.0
901,45.05833568330854,45.108335685916245,10812,10824,0.0,1.0,0.0,0.0,0.0,0.0,0.0,0.0,0.0,1.0,-1.0,0.0,0.0,0.0,0.0,0.0,0.0,0.0
902,45.108335685916245,45.15833568852395,10824,10836,0.0,1.0,0.0,0.0,0.0,0.0,0.0,0.0,0.0,1.0,-1.0,0.0,1.0,0.0,0.0,0.0,0.0,0.0
903,45.15833568852395,45.20833569113165,10836,10848,0.0,1.0,0.0,0.0,0.0,0.0,0.0,0.0,0.0,1.0,-1.0,0.0,1.0,0.0,0.0,0.0,0.0,0.0
904,45.20833569113165,45.258335693739355,10848,10860,0.0,1.0,0.0,0.0,0.0,0.0,0.0,0.0,0.0,1.0,-1.0,0.0,0.0,0.0,0.0,0.0,0.0,0.0
905,45.258335693739355,45.30833569634706,10860,10872,0.0,1.0,0.0,-1.0,0.0,0.0,0.0,0.0,0.0,1.0,-1.0,0.0,0.0,0.0,0.0,0.0,0.0,0.0
906,45.30833569634706,45.35833569895476,10872,10884,0.0,1.0,0.0,-1.0,0.0,0.0,0.0,0.0,0.0,1.0,-1.0,0.0,1.0,0.0,0.0,0.0,0.0,0.0
907,45.35833569895476,45.408335701562464,10884,10896,0.0,1.0,0.0,-1.0,0.0,0.0,0.0,0.0,0.0,1.0,-1.0,0.0,1.0,0.0,0.0,0.0,0.0,0.0
908,45.408335701562464,45.45833570417017,10896,10908,0.0,-0.0,0.0,1.0,0.0,0.0,0.0,0.0,0.0,1.0,-1.0,0.0,0.0,0.0,0.0,0.0,0.0,0.0
909,45.45833570417017,45.50833570677787,10908,10920,0.0,1.0,0.0,1.0,0.0,0.0,0.0,0.0,0.0,-1.0,-0.0,0.0,0.0,0.0,0.0,0.0,0.0,0.0
910,45.50833570677787,45.558335709385574,10920,10932,0.0,1.0,0.0,1.0,0.0,0.0,0.0,0.0,0.0,-1.0,-0.0,0.0,0.0,0.0,0.0,0.0,0.0,0.0
911,45.558335709385574,45.60833571199328,10932,10944,0.0,1.0,0.0,1.0,0.0,0.0,0.0,0.0,0.0,-1.0,-0.0,0.0,0.0,0.0,0.0,0.0,0.0,0.0
912,45.60833571199328,45.65833571460098,10944,10956,0.0,1.0,0.0,1.0,0.0,0.0,0.0,0.0,0.0,-1.0,-0.0,0.0,1.0,0.0,0.0,0.0,0.0,0.0
913,45.65833571460098,45.70833571720868,10956,10968,0.0,1.0,0.0,0.0,0.0,0.0,0.0,0.0,0.0,-1.0,-1.0,0.0,0.0,0.0,0.0,0.0,0.0,0.0
914,45.70833571720868,45.75833571981639,10968,10980,0.0,1.0,0.0,0.0,0.0,0.0,0.0,0.0,0.0,-1.0,1.0,0.0,0.0,0.0,0.0,0.0,0.0,0.0
915,45.75833571981639,45.80833572242409,10980,10992,0.0,-0.0,0.0,0.0,0.0,0.0,0.0,0.0,0.0,0.0,-1.0,0.0,0.0,0.0,0.0,0.0,0.0,0.0
916,45.80833572242409,45.85833572503179,10992,11004,0.0,-0.0,0.0,1.0,0.0,0.0,0.0,0.0,0.0,0.0,-1.0,0.0,-1.0,0.0,0.0,0.0,0.0,0.0
917,45.85833572503179,45.908335727639496,11004,11016,0.0,-0.0,0.0,0.0,0.0,0.0,0.0,0.0,0.0,0.0,-1.0,0.0,0.0,0.0,0.0,0.0,0.0,0.0
918,45.908335727639496,45.9583357302472,11016,11028,0.0,-0.0,0.0,0.0,0.0,0.0,0.0,0.0,-1.0,0.0,-1.0,0.0,0.0,0.0,0.0,0.0,0.0,0.0
919,45.9583357302472,46.0083357328549,11028,11040,-1.0,-0.0,0.0,0.0,0.0,0.0,0.0,0.0,0.0,0.0,-1.0,0.0,0.0,0.0,0.0,0.0,0.0,0.0
920,46.0083357328549,46.058335735462606,11040,11052,-1.0,-0.0,0.0,0.0,0.0,0.0,0.0,0.0,0.0,0.0,-1.0,0.0,0.0,0.0,0.0,0.0,0.0,0.0
921,46.058335735462606,46.10833573807031,11052,11064,-1.0,-0.0,0.0,0.0,0.0,0.0,0.0,0.0,0.0,0.0,-1.0,0.0,0.0,0.0,0.0,0.0,0.0,0.0
922,46.10833573807031,46.15833574067801,11064,11076,0.0,-1.0,0.0,0.0,0.0,0.0,0.0,0.0,0.0,0.0,-1.0,0.0,1.0,0.0,0.0,0.0,0.0,0.0
923,46.15833574067801,46.208335743285716,11076,11088,0.0,-1.0,0.0,0.0,0.0,0.0,0.0,0.0,0.0,0.0,-0.0,0.0,1.0,0.0,0.0,0.0,0.0,0.0
924,46.208335743285716,46.25833574589342,11088,11100,0.0,-1.0,0.0,0.0,0.0,0.0,0.0,0.0,0.0,0.0,-0.0,0.0,0.0,0.0,0.0,0.0,0.0,0.0
925,46.25833574589342,46.30833574850112,11100,11112,0.0,-1.0,0.0,0.0,0.0,0.0,0.0,0.0,0.0,1.0,-0.0,0.0,0.0,0.0,0.0,0.0,0.0,0.0
926,46.30833574850112,46.358335751108825,11112,11124,1.0,-1.0,0.0,0.0,0.0,0.0,0.0,0.0,0.0,1.0,-1.0,0.0,0.0,0.0,0.0,0.0,0.0,0.0
927,46.358335751108825,46.40833575371653,11124,11136,1.0,-1.0,0.0,0.0,0.0,0.0,0.0,0.0,0.0,1.0,-1.0,0.0,0.0,0.0,0.0,0.0,0.0,0.0
928,46.40833575371653,46.45833575632423,11136,11148,0.0,-1.0,0.0,0.0,0.0,0.0,0.0,0.0,0.0,1.0,-1.0,0.0,0.0,0.0,0.0,0.0,0.0,0.0
929,46.45833575632423,46.508335758931935,11148,11160,0.0,-1.0,0.0,0.0,0.0,0.0,0.0,0.0,0.0,1.0,-0.0,0.0,0.0,0.0,0.0,0.0,0.0,0.0
930,46.508335758931935,46.55833576153964,11160,11172,0.0,-1.0,0.0,0.0,0.0,0.0,0.0,0.0,0.0,1.0,-0.0,0.0,0.0,0.0,0.0,0.0,0.0,0.0
931,46.55833576153964,46.60833576414734,11172,11184,0.0,-1.0,0.0,0.0,0.0,0.0,0.0,0.0,1.0,1.0,-0.0,0.0,0.0,0.0,0.0,0.0,0.0,0.0
932,46.60833576414734,46.658335766755044,11184,11196,0.0,-1.0,0.0,0.0,0.0,0.0,0.0,0.0,0.0,1.0,-0.0,0.0,0.0,0.0,0.0,0.0,0.0,0.0
933,46.658335766755044,46.70833576936275,11196,11208,0.0,-1.0,0.0,0.0,0.0,0.0,0.0,0.0,0.0,1.0,-0.0,0.0,0.0,0.0,0.0,0.0,0.0,0.0
934,46.70833576936275,46.75833577197045,11208,11220,0.0,-1.0,0.0,0.0,0.0,0.0,0.0,0.0,0.0,1.0,1.0,0.0,0.0,0.0,0.0,0.0,0.0,0.0
935,46.75833577197045,46.808335774578154,11220,11232,0.0,-1.0,0.0,0.0,0.0,0.0,0.0,0.0,0.0,1.0,1.0,0.0,0.0,0.0,0.0,0.0,0.0,0.0
936,46.808335774578154,46.85833577718586,11232,11244,0.0,-0.0,0.0,0.0,0.0,0.0,0.0,0.0,0.0,0.0,1.0,0.0,0.0,0.0,0.0,0.0,0.0,0.0
937,46.85833577718586,46.90833577979356,11244,11256,0.0,-0.0,0.0,-1.0,0.0,0.0,0.0,0.0,0.0,0.0,1.0,0.0,0.0,0.0,0.0,0.0,0.0,0.0
938,46.90833577979356,46.958335782401264,11256,11268,0.0,-0.0,0.0,-1.0,0.0,0.0,0.0,0.0,0.0,0.0,1.0,0.0,0.0,0.0,0.0,0.0,0.0,0.0
939,46.958335782401264,47.00833578500897,11268,11280,0.0,-0.0,0.0,-1.0,0.0,0.0,0.0,0.0,0.0,1.0,1.0,0.0,0.0,0.0,0.0,0.0,0.0,0.0
940,47.00833578500897,47.05833578761667,11280,11292,0.0,-0.0,0.0,-1.0,0.0,0.0,0.0,0.0,0.0,1.0,1.0,0.0,0.0,0.0,0.0,0.0,0.0,0.0
941,47.05833578761667,47.10833579022437,11292,11304,0.0,-0.0,0.0,-1.0,0.0,0.0,0.0,0.0,0.0,1.0,-0.0,0.0,0.0,0.0,0.0,0.0,0.0,0.0
942,47.10833579022437,47.15833579283208,11304,11316,0.0,-0.0,0.0,-1.0,0.0,0.0,0.0,0.0,0.0,0.0,-0.0,0.0,0.0,0.0,0.0,0.0,0.0,0.0
943,47.15833579283208,47.20833579543978,11316,11328,0.0,-0.0,0.0,0.0,0.0,0.0,0.0,0.0,0.0,-1.0,-0.0,0.0,0.0,0.0,0.0,0.0,0.0,0.0
944,47.20833579543978,47.25833579804748,11328,11340,0.0,-0.0,0.0,0.0,0.0,0.0,0.0,0.0,0.0,0.0,-0.0,0.0,0.0,0.0,0.0,0.0,0.0,0.0
945,47.25833579804748,47.308335800655186,11340,11352,0.0,-1.0,0.0,0.0,0.0,0.0,0.0,0.0,0.0,0.0,-0.0,0.0,0.0,0.0,0.0,0.0,0.0,0.0
946,47.308335800655186,47.35833580326289,11352,11364,0.0,-0.0,0.0,1.0,0.0,0.0,0.0,0.0,0.0,-1.0,1.0,0.0,0.0,0.0,0.0,0.0,0.0,0.0
947,47.35833580326289,47.40833580587059,11364,11376,0.0,-0.0,0.0,1.0,0.0,0.0,0.0,0.0,0.0,-1.0,1.0,0.0,0.0,0.0,0.0,0.0,0.0,0.0
948,47.40833580587059,47.458335808478296,11376,11388,0.0,-0.0,0.0,0.0,0.0,0.0,0.0,0.0,0.0,-1.0,1.0,0.0,0.0,0.0,0.0,0.0,0.0,0.0
949,47.458335808478296,47.508335811086,11388,11400,0.0,-0.0,0.0,0.0,0.0,0.0,0.0,0.0,0.0,-1.0,1.0,0.0,0.0,0.0,0.0,0.0,0.0,0.0
950,47.508335811086,47.5583358136937,11400,11412,1.0,-0.0,0.0,0.0,0.0,0.0,0.0,0.0,0.0,-1.0,1.0,0.0,0.0,0.0,0.0,0.0,0.0,0.0
951,47.5583358136937,47.608335816301405,11412,11424,1.0,-0.0,0.0,0.0,0.0,0.0,0.0,0.0,0.0,-1.0,-0.0,0.0,0.0,0.0,0.0,0.0,0.0,0.0
952,47.608335816301405,47.65833581890911,11424,11436,0.0,-1.0,0.0,0.0,0.0,0.0,0.0,0.0,0.0,0.0,-1.0,0.0,0.0,0.0,0.0,0.0,0.0,0.0
953,47.65833581890911,47.70833582151681,11436,11448,0.0,-1.0,0.0,0.0,0.0,0.0,0.0,0.0,0.0,0.0,-1.0,0.0,0.0,0.0,0.0,0.0,0.0,0.0
954,47.70833582151681,47.758335824124515,11448,11460,0.0,-1.0,0.0,0.0,0.0,0.0,0.0,0.0,0.0,0.0,-1.0,0.0,-1.0,0.0,0.0,0.0,0.0,0.0
955,47.758335824124515,47.80833582673222,11460,11472,0.0,-1.0,0.0,0.0,0.0,0.0,0.0,0.0,0.0,0.0,-1.0,0.0,-1.0,0.0,0.0,0.0,0.0,0.0
956,47.80833582673222,47.85833582933992,11472,11484,0.0,-1.0,0.0,1.0,0.0,0.0,0.0,0.0,0.0,0.0,-0.0,0.0,0.0,0.0,0.0,0.0,0.0,0.0
957,47.85833582933992,47.908335831947625,11484,11496,0.0,-1.0,0.0,1.0,0.0,0.0,0.0,0.0,0.0,0.0,-1.0,0.0,0.0,0.0,0.0,0.0,0.0,0.0
958,47.908335831947625,47.95833583455533,11496,11508,0.0,-1.0,0.0,1.0,0.0,0.0,0.0,0.0,0.0,0.0,-1.0,0.0,0.0,0.0,0.0,0.0,0.0,0.0
959,47.95833583455533,48.00833583716303,11508,11520,0.0,-1.0,0.0,1.0,0.0,0.0,0.0,0.0,0.0,0.0,-1.0,0.0,0.0,0.0,0.0,0.0,0.0,0.0
960,48.00833583716303,48.058335839770734,11520,11532,0.0,-1.0,0.0,1.0,0.0,0.0,0.0,0.0,0.0,0.0,-1.0,0.0,0.0,0.0,0.0,0.0,0.0,0.0
961,48.058335839770734,48.10833584237844,11532,11544,0.0,-1.0,0.0,0.0,0.0,0.0,0.0,0.0,0.0,0.0,-0.0,0.0,-1.0,0.0,0.0,0.0,0.0,0.0
962,48.10833584237844,48.15833584498614,11544,11556,0.0,-1.0,0.0,0.0,0.0,0.0,1.0,0.0,0.0,0.0,-0.0,0.0,-1.0,0.0,0.0,0.0,0.0,0.0
963,48.15833584498614,48.208335847593844,11556,11568,0.0,-1.0,0.0,0.0,0.0,0.0,1.0,0.0,0.0,-1.0,-0.0,0.0,0.0,0.0,0.0,0.0,0.0,0.0
964,48.208335847593844,48.25833585020155,11568,11580,0.0,-1.0,0.0,0.0,0.0,0.0,1.0,0.0,0.0,-1.0,1.0,0.0,0.0,0.0,0.0,0.0,0.0,0.0
965,48.25833585020155,48.30833585280925,11580,11592,1.0,-0.0,0.0,0.0,0.0,0.0,0.0,0.0,0.0,-1.0,1.0,0.0,0.0,0.0,0.0,0.0,0.0,0.0
966,48.30833585280925,48.358335855416954,11592,11604,1.0,-0.0,0.0,0.0,0.0,0.0,0.0,0.0,0.0,-1.0,1.0,0.0,1.0,0.0,0.0,0.0,0.0,0.0
967,48.358335855416954,48.40833585802466,11604,11616,1.0,-0.0,0.0,0.0,0.0,0.0,1.0,0.0,0.0,0.0,-0.0,0.0,1.0,0.0,0.0,0.0,0.0,0.0
968,48.40833585802466,48.45833586063236,11616,11628,1.0,-0.0,0.0,0.0,0.0,0.0,0.0,0.0,0.0,-1.0,1.0,0.0,0.0,0.0,0.0,0.0,0.0,0.0
969,48.45833586063236,48.50833586324006,11628,11640,1.0,-0.0,0.0,0.0,0.0,0.0,0.0,0.0,0.0,0.0,-1.0,0.0,0.0,0.0,0.0,0.0,0.0,0.0
970,48.50833586324006,48.558335865847766,11640,11652,1.0,-0.0,0.0,0.0,0.0,0.0,0.0,0.0,0.0,0.0,-1.0,0.0,0.0,0.0,0.0,0.0,0.0,0.0
971,48.558335865847766,48.60833586845547,11652,11664,1.0,-0.0,0.0,0.0,0.0,0.0,0.0,0.0,0.0,0.0,-1.0,0.0,0.0,0.0,0.0,0.0,0.0,0.0
972,48.60833586845547,48.65833587106317,11664,11676,1.0,-0.0,0.0,0.0,0.0,0.0,0.0,0.0,0.0,0.0,-1.0,0.0,0.0,0.0,0.0,0.0,0.0,0.0
973,48.65833587106317,48.708335873670876,11676,11688,1.0,-0.0,0.0,0.0,0.0,0.0,0.0,0.0,0.0,0.0,-1.0,0.0,0.0,0.0,0.0,0.0,0.0,0.0
974,48.708335873670876,48.75833587627858,11688,11700,1.0,-0.0,0.0,0.0,0.0,0.0,0.0,0.0,0.0,0.0,-1.0,0.0,0.0,0.0,0.0,0.0,0.0,0.0
975,48.75833587627858,48.80833587888628,11700,11712,1.0,-0.0,0.0,0.0,0.0,0.0,0.0,0.0,0.0,0.0,-1.0,0.0,0.0,0.0,0.0,0.0,0.0,0.0
976,48.80833587888628,48.858335881493986,11712,11724,0.0,1.0,0.0,0.0,0.0,0.0,0.0,0.0,0.0,0.0,-1.0,0.0,0.0,0.0,0.0,0.0,0.0,0.0
977,48.858335881493986,48.90833588410169,11724,11736,0.0,1.0,0.0,0.0,0.0,0.0,0.0,0.0,0.0,0.0,-1.0,0.0,0.0,0.0,0.0,0.0,0.0,0.0
978,48.90833588410169,48.95833588670939,11736,11748,0.0,1.0,0.0,0.0,0.0,0.0,0.0,0.0,0.0,0.0,-1.0,0.0,0.0,0.0,0.0,0.0,0.0,0.0
979,48.95833588670939,49.008335889317095,11748,11760,0.0,1.0,0.0,0.0,0.0,0.0,0.0,0.0,0.0,0.0,-1.0,0.0,0.0,0.0,0.0,0.0,0.0,0.0
980,49.008335889317095,49.0583358919248,11760,11772,0.0,1.0,0.0,0.0,0.0,0.0,0.0,0.0,0.0,0.0,-1.0,0.0,0.0,0.0,0.0,0.0,0.0,0.0
981,49.0583358919248,49.1083358945325,11772,11784,0.0,1.0,0.0,-1.0,0.0,0.0,0.0,0.0,0.0,0.0,-1.0,0.0,0.0,0.0,0.0,0.0,0.0,0.0
982,49.1083358945325,49.158335897140205,11784,11796,0.0,1.0,0.0,-1.0,0.0,0.0,0.0,0.0,0.0,0.0,-1.0,0.0,0.0,0.0,0.0,0.0,0.0,0.0
983,49.158335897140205,49.20833589974791,11796,11808,0.0,1.0,0.0,-1.0,0.0,0.0,0.0,0.0,0.0,0.0,-1.0,0.0,0.0,0.0,0.0,0.0,0.0,0.0
984,49.20833589974791,49.25833590235561,11808,11820,0.0,1.0,0.0,0.0,0.0,0.0,0.0,0.0,0.0,0.0,-1.0,0.0,0.0,0.0,0.0,0.0,0.0,0.0
985,49.25833590235561,49.308335904963315,11820,11832,0.0,1.0,0.0,0.0,0.0,0.0,0.0,0.0,0.0,0.0,-1.0,0.0,0.0,0.0,0.0,0.0,0.0,0.0
986,49.308335904963315,49.35833590757102,11832,11844,0.0,1.0,0.0,0.0,0.0,0.0,0.0,0.0,0.0,0.0,-1.0,0.0,0.0,0.0,0.0,0.0,0.0,0.0
987,49.35833590757102,49.40833591017872,11844,11856,0.0,1.0,0.0,0.0,0.0,0.0,0.0,0.0,0.0,0.0,-1.0,0.0,0.0,0.0,0.0,0.0,0.0,0.0
988,49.40833591017872,49.458335912786424,11856,11868,0.0,1.0,0.0,0.0,0.0,0.0,0.0,0.0,0.0,0.0,-1.0,0.0,0.0,0.0,0.0,0.0,0.0,0.0
989,49.458335912786424,49.50833591539413,11868,11880,0.0,-0.0,0.0,0.0,0.0,0.0,0.0,0.0,0.0,0.0,-0.0,0.0,-1.0,0.0,0.0,0.0,0.0,0.0
990,49.50833591539413,49.55833591800183,11880,11892,0.0,-0.0,0.0,1.0,0.0,0.0,0.0,0.0,0.0,0.0,-0.0,0.0,0.0,0.0,0.0,0.0,0.0,0.0
991,49.55833591800183,49.608335920609534,11892,11904,0.0,1.0,0.0,0.0,0.0,0.0,0.0,0.0,0.0,0.0,-0.0,0.0,1.0,0.0,0.0,0.0,0.0,0.0
992,49.608335920609534,49.65833592321724,11904,11916,0.0,1.0,0.0,0.0,0.0,0.0,0.0,0.0,0.0,0.0,-0.0,0.0,1.0,0.0,0.0,0.0,0.0,0.0
993,49.65833592321724,49.70833592582494,11916,11928,1.0,-0.0,0.0,0.0,0.0,0.0,0.0,0.0,0.0,0.0,-1.0,0.0,1.0,0.0,0.0,0.0,0.0,0.0
994,49.70833592582494,49.75833592843264,11928,11940,1.0,-0.0,0.0,0.0,0.0,0.0,0.0,0.0,0.0,0.0,-0.0,0.0,0.0,0.0,0.0,0.0,0.0,0.0
995,49.75833592843264,49.80833593104035,11940,11952,1.0,-0.0,0.0,0.0,0.0,0.0,0.0,0.0,0.0,0.0,-1.0,0.0,-1.0,0.0,0.0,0.0,0.0,0.0
996,49.80833593104035,49.85833593364805,11952,11964,1.0,-0.0,0.0,0.0,0.0,0.0,0.0,0.0,0.0,-1.0,-1.0,0.0,-1.0,0.0,0.0,0.0,0.0,0.0
997,49.85833593364805,49.90833593625575,11964,11976,1.0,-0.0,0.0,0.0,0.0,0.0,0.0,0.0,0.0,-1.0,-1.0,0.0,-1.0,0.0,0.0,0.0,0.0,0.0
998,49.90833593625575,49.958335938863456,11976,11988,1.0,-0.0,0.0,0.0,0.0,0.0,0.0,0.0,0.0,-1.0,-1.0,0.0,-1.0,0.0,0.0,0.0,0.0,0.0
999,49.958335938863456,50.00833594147116,11988,12000,0.0,-0.0,0.0,0.0,0.0,0.0,0.0,0.0,0.0,-1.0,1.0,0.0,0.0,0.0,0.0,0.0,0.0,0.0
1000,50.00833594147116,50.05833594407886,12000,12012,0.0,1.0,0.0,0.0,0.0,0.0,0.0,0.0,0.0,-1.0,-1.0,0.0,0.0,0.0,0.0,0.0,0.0,0.0
1001,50.05833594407886,50.108335946686566,12012,12024,0.0,1.0,0.0,0.0,0.0,0.0,0.0,0.0,0.0,-1.0,-1.0,0.0,1.0,0.0,0.0,0.0,0.0,0.0
1002,50.108335946686566,50.15833594929427,12024,12036,0.0,-0.0,0.0,1.0,0.0,0.0,0.0,0.0,0.0,0.0,-0.0,0.0,1.0,0.0,0.0,0.0,0.0,0.0
1003,50.15833594929427,50.20833595190197,12036,12048,0.0,1.0,0.0,0.0,0.0,0.0,0.0,0.0,0.0,0.0,-0.0,0.0,1.0,0.0,0.0,0.0,0.0,0.0
1004,50.20833595190197,50.258335954509676,12048,12060,0.0,1.0,0.0,0.0,0.0,0.0,0.0,0.0,0.0,0.0,-1.0,0.0,1.0,0.0,0.0,0.0,0.0,0.0
1005,50.258335954509676,50.30833595711738,12060,12072,0.0,-0.0,0.0,0.0,0.0,0.0,0.0,0.0,0.0,0.0,-1.0,0.0,0.0,0.0,0.0,0.0,0.0,0.0
1006,50.30833595711738,50.35833595972508,12072,12084,0.0,-0.0,0.0,0.0,0.0,0.0,0.0,0.0,0.0,0.0,-0.0,0.0,0.0,0.0,0.0,0.0,0.0,0.0
1007,50.35833595972508,50.408335962332785,12084,12096,0.0,1.0,0.0,0.0,0.0,0.0,0.0,0.0,0.0,0.0,-1.0,0.0,1.0,0.0,0.0,0.0,0.0,0.0
1008,50.408335962332785,50.45833596494049,12096,12108,0.0,1.0,0.0,0.0,0.0,0.0,0.0,0.0,0.0,0.0,-0.0,0.0,1.0,0.0,0.0,0.0,0.0,0.0
1009,50.45833596494049,50.50833596754819,12108,12120,0.0,1.0,0.0,0.0,0.0,0.0,0.0,0.0,0.0,0.0,-0.0,0.0,1.0,0.0,0.0,0.0,0.0,0.0
1010,50.50833596754819,50.558335970155895,12120,12132,0.0,1.0,0.0,0.0,0.0,0.0,0.0,0.0,0.0,0.0,-0.0,0.0,1.0,0.0,0.0,0.0,0.0,0.0
1011,50.558335970155895,50.6083359727636,12132,12144,0.0,1.0,0.0,0.0,0.0,0.0,0.0,0.0,0.0,1.0,1.0,0.0,1.0,0.0,0.0,0.0,0.0,0.0
1012,50.6083359727636,50.6583359753713,12144,12156,0.0,1.0,0.0,0.0,0.0,0.0,0.0,0.0,0.0,1.0,1.0,0.0,0.0,0.0,0.0,0.0,0.0,0.0
1013,50.6583359753713,50.708335977979004,12156,12168,0.0,1.0,0.0,0.0,0.0,0.0,0.0,0.0,0.0,1.0,1.0,0.0,0.0,0.0,0.0,0.0,0.0,0.0
1014,50.708335977979004,50.75833598058671,12168,12180,0.0,-0.0,0.0,0.0,0.0,0.0,0.0,0.0,0.0,1.0,1.0,0.0,0.0,0.0,0.0,0.0,0.0,0.0
1015,50.75833598058671,50.80833598319441,12180,12192,0.0,-1.0,0.0,0.0,0.0,0.0,0.0,0.0,0.0,1.0,1.0,0.0,0.0,0.0,0.0,0.0,0.0,0.0
1016,50.80833598319441,50.858335985802114,12192,12204,0.0,-1.0,0.0,0.0,0.0,0.0,0.0,0.0,0.0,0.0,-0.0,0.0,0.0,0.0,0.0,0.0,0.0,0.0
1017,50.858335985802114,50.90833598840982,12204,12216,0.0,-1.0,0.0,0.0,0.0,0.0,0.0,0.0,0.0,1.0,1.0,0.0,0.0,0.0,0.0,0.0,0.0,0.0
1018,50.90833598840982,50.95833599101752,12216,12228,0.0,-1.0,0.0,0.0,0.0,0.0,0.0,0.0,0.0,1.0,1.0,0.0,0.0,0.0,0.0,0.0,0.0,0.0
1019,50.95833599101752,51.008335993625224,12228,12240,0.0,-1.0,0.0,0.0,0.0,0.0,0.0,0.0,0.0,-1.0,1.0,0.0,0.0,0.0,0.0,0.0,0.0,0.0
1020,51.008335993625224,51.05833599623293,12240,12252,0.0,-1.0,0.0,0.0,0.0,0.0,0.0,0.0,0.0,-1.0,1.0,0.0,0.0,0.0,0.0,0.0,0.0,0.0
1021,51.05833599623293,51.10833599884063,12252,12264,0.0,-1.0,0.0,0.0,0.0,0.0,0.0,0.0,0.0,-1.0,1.0,0.0,0.0,0.0,0.0,0.0,0.0,0.0
1022,51.10833599884063,51.15833600144833,12264,12276,0.0,-1.0,0.0,0.0,0.0,0.0,0.0,0.0,0.0,0.0,-0.0,0.0,0.0,0.0,0.0,0.0,0.0,0.0
1023,51.15833600144833,51.20833600405604,12276,12288,0.0,-0.0,0.0,1.0,0.0,0.0,0.0,0.0,0.0,0.0,-0.0,0.0,0.0,0.0,0.0,0.0,0.0,0.0
1024,51.20833600405604,51.25833600666374,12288,12300,0.0,-0.0,0.0,1.0,0.0,0.0,0.0,0.0,0.0,1.0,1.0,0.0,0.0,0.0,0.0,0.0,0.0,0.0
1025,51.25833600666374,51.30833600927144,12300,12312,0.0,-0.0,0.0,1.0,0.0,0.0,0.0,0.0,0.0,1.0,1.0,0.0,0.0,0.0,0.0,0.0,0.0,0.0
1026,51.30833600927144,51.358336011879146,12312,12324,0.0,-1.0,0.0,0.0,0.0,0.0,0.0,0.0,0.0,1.0,1.0,0.0,0.0,0.0,0.0,0.0,0.0,0.0
1027,51.358336011879146,51.40833601448685,12324,12336,0.0,-1.0,0.0,0.0,0.0,0.0,0.0,0.0,0.0,0.0,1.0,0.0,0.0,0.0,0.0,0.0,0.0,0.0
1028,51.40833601448685,51.45833601709455,12336,12348,0.0,-1.0,0.0,0.0,0.0,0.0,0.0,0.0,0.0,0.0,-0.0,0.0,0.0,0.0,0.0,0.0,0.0,0.0
1029,51.45833601709455,51.508336019702256,12348,12360,0.0,-1.0,0.0,0.0,0.0,0.0,0.0,0.0,0.0,0.0,-0.0,0.0,0.0,0.0,0.0,0.0,0.0,0.0
1030,51.508336019702256,51.55833602230996,12360,12372,0.0,-1.0,0.0,0.0,0.0,0.0,0.0,0.0,0.0,0.0,-0.0,0.0,0.0,0.0,0.0,0.0,0.0,0.0
1031,51.55833602230996,51.60833602491766,12372,12384,0.0,-1.0,0.0,0.0,0.0,0.0,0.0,0.0,0.0,1.0,1.0,0.0,0.0,0.0,0.0,0.0,0.0,0.0
1032,51.60833602491766,51.658336027525365,12384,12396,0.0,-1.0,0.0,0.0,0.0,0.0,0.0,0.0,0.0,1.0,1.0,0.0,0.0,0.0,0.0,0.0,0.0,0.0
1033,51.658336027525365,51.70833603013307,12396,12408,0.0,-1.0,0.0,0.0,0.0,0.0,0.0,0.0,0.0,1.0,-0.0,0.0,0.0,0.0,0.0,0.0,0.0,0.0
1034,51.70833603013307,51.75833603274077,12408,12420,0.0,-1.0,0.0,0.0,0.0,0.0,0.0,0.0,0.0,0.0,-0.0,0.0,0.0,0.0,0.0,0.0,0.0,0.0
1035,51.75833603274077,51.808336035348475,12420,12432,0.0,-0.0,0.0,0.0,0.0,0.0,-1.0,0.0,0.0,-1.0,-0.0,0.0,0.0,0.0,0.0,0.0,0.0,0.0
1036,51.808336035348475,51.85833603795618,12432,12444,0.0,-0.0,0.0,0.0,0.0,0.0,-1.0,0.0,0.0,-1.0,-0.0,0.0,0.0,0.0,0.0,0.0,0.0,0.0
1037,51.85833603795618,51.90833604056388,12444,12456,0.0,-0.0,0.0,0.0,0.0,0.0,-1.0,0.0,0.0,-1.0,-0.0,0.0,0.0,0.0,0.0,0.0,0.0,0.0
1038,51.90833604056388,51.958336043171585,12456,12468,0.0,-1.0,0.0,0.0,0.0,0.0,0.0,0.0,0.0,0.0,-0.0,0.0,1.0,0.0,0.0,0.0,0.0,0.0
1039,51.958336043171585,52.00833604577929,12468,12480,0.0,-1.0,0.0,0.0,0.0,0.0,0.0,0.0,0.0,0.0,-0.0,0.0,1.0,0.0,0.0,0.0,0.0,0.0
1040,52.00833604577929,52.05833604838699,12480,12492,0.0,-1.0,0.0,0.0,0.0,0.0,0.0,0.0,0.0,0.0,-0.0,0.0,1.0,0.0,0.0,0.0,0.0,0.0
1041,52.05833604838699,52.108336050994694,12492,12504,0.0,-1.0,0.0,0.0,0.0,0.0,0.0,0.0,0.0,0.0,-0.0,0.0,0.0,0.0,0.0,0.0,0.0,0.0
1042,52.108336050994694,52.1583360536024,12504,12516,0.0,-1.0,0.0,0.0,0.0,0.0,0.0,0.0,0.0,0.0,-0.0,0.0,0.0,0.0,0.0,0.0,0.0,0.0
1043,52.1583360536024,52.2083360562101,12516,12528,0.0,-0.0,0.0,0.0,0.0,0.0,0.0,0.0,0.0,0.0,-0.0,0.0,0.0,0.0,0.0,0.0,0.0,0.0
1044,52.2083360562101,52.258336058817804,12528,12540,0.0,-0.0,0.0,0.0,0.0,0.0,0.0,0.0,0.0,0.0,-0.0,0.0,1.0,0.0,0.0,0.0,0.0,0.0
1045,52.258336058817804,52.30833606142551,12540,12552,0.0,-0.0,0.0,0.0,0.0,0.0,0.0,0.0,0.0,0.0,-0.0,0.0,1.0,0.0,0.0,0.0,0.0,0.0
1046,52.30833606142551,52.35833606403321,12552,12564,0.0,-0.0,0.0,0.0,0.0,0.0,0.0,0.0,0.0,0.0,-0.0,0.0,1.0,0.0,0.0,0.0,0.0,0.0
1047,52.35833606403321,52.40833606664091,12564,12576,0.0,-0.0,0.0,0.0,0.0,0.0,0.0,0.0,0.0,0.0,-0.0,0.0,1.0,0.0,0.0,0.0,0.0,0.0
1048,52.40833606664091,52.45833606924862,12576,12588,0.0,-0.0,0.0,0.0,0.0,0.0,0.0,0.0,0.0,0.0,-0.0,0.0,0.0,0.0,0.0,0.0,0.0,0.0
1049,52.45833606924862,52.50833607185632,12588,12600,0.0,-0.0,0.0,0.0,0.0,0.0,0.0,0.0,0.0,-1.0,-0.0,0.0,0.0,0.0,0.0,0.0,0.0,0.0
1050,52.50833607185632,52.55833607446402,12600,12612,0.0,-0.0,0.0,-1.0,0.0,0.0,0.0,0.0,0.0,-1.0,-0.0,0.0,0.0,0.0,0.0,0.0,0.0,0.0
1051,52.55833607446402,52.608336077071726,12612,12624,0.0,-0.0,0.0,-1.0,0.0,0.0,0.0,0.0,0.0,-1.0,-0.0,0.0,0.0,0.0,0.0,0.0,0.0,0.0
1052,52.608336077071726,52.65833607967943,12624,12636,0.0,-0.0,0.0,-1.0,0.0,0.0,0.0,0.0,0.0,-1.0,-0.0,0.0,0.0,0.0,0.0,0.0,0.0,0.0
1053,52.65833607967943,52.70833608228713,12636,12648,0.0,-0.0,0.0,0.0,0.0,0.0,0.0,0.0,0.0,0.0,-0.0,0.0,0.0,0.0,0.0,0.0,0.0,0.0
1054,52.70833608228713,52.758336084894836,12648,12660,0.0,-0.0,0.0,0.0,0.0,0.0,0.0,0.0,0.0,0.0,-0.0,0.0,0.0,0.0,0.0,0.0,0.0,0.0
1055,52.758336084894836,52.80833608750254,12660,12672,0.0,-0.0,0.0,0.0,0.0,0.0,0.0,0.0,0.0,0.0,-0.0,0.0,0.0,0.0,0.0,0.0,0.0,0.0
1056,52.80833608750254,52.85833609011024,12672,12684,0.0,-0.0,0.0,0.0,0.0,0.0,0.0,0.0,0.0,0.0,-0.0,0.0,0.0,0.0,0.0,0.0,0.0,0.0
1057,52.85833609011024,52.908336092717946,12684,12696,0.0,-0.0,0.0,1.0,0.0,0.0,0.0,0.0,0.0,0.0,-0.0,0.0,0.0,0.0,0.0,0.0,0.0,0.0
1058,52.908336092717946,52.95833609532565,12696,12708,0.0,-0.0,0.0,1.0,0.0,0.0,0.0,0.0,0.0,0.0,-0.0,0.0,0.0,0.0,0.0,0.0,0.0,0.0
1059,52.95833609532565,53.00833609793335,12708,12720,0.0,-0.0,0.0,1.0,0.0,0.0,0.0,0.0,0.0,0.0,-0.0,0.0,0.0,0.0,0.0,0.0,0.0,0.0
1060,53.00833609793335,53.058336100541055,12720,12732,0.0,-0.0,0.0,0.0,0.0,0.0,0.0,0.0,0.0,0.0,-1.0,0.0,0.0,0.0,0.0,0.0,0.0,0.0
1061,53.058336100541055,53.10833610314876,12732,12744,0.0,-0.0,0.0,0.0,0.0,0.0,1.0,0.0,0.0,0.0,-1.0,0.0,0.0,0.0,0.0,0.0,0.0,0.0
1062,53.10833610314876,53.15833610575646,12744,12756,0.0,-0.0,0.0,0.0,0.0,0.0,1.0,0.0,0.0,0.0,-0.0,0.0,0.0,0.0,0.0,0.0,0.0,0.0
1063,53.15833610575646,53.208336108364165,12756,12768,0.0,-0.0,0.0,0.0,0.0,0.0,1.0,0.0,0.0,-1.0,-0.0,0.0,0.0,0.0,0.0,0.0,0.0,0.0
1064,53.208336108364165,53.25833611097187,12768,12780,0.0,-0.0,0.0,0.0,0.0,0.0,1.0,0.0,0.0,-1.0,-0.0,0.0,0.0,0.0,0.0,0.0,0.0,0.0
1065,53.25833611097187,53.30833611357957,12780,12792,0.0,-0.0,0.0,0.0,0.0,0.0,1.0,0.0,0.0,-1.0,1.0,0.0,0.0,0.0,0.0,0.0,0.0,0.0
1066,53.30833611357957,53.358336116187274,12792,12804,0.0,-0.0,0.0,0.0,0.0,0.0,0.0,0.0,0.0,0.0,1.0,0.0,0.0,0.0,0.0,0.0,0.0,0.0
1067,53.358336116187274,53.40833611879498,12804,12816,0.0,-0.0,0.0,0.0,0.0,0.0,0.0,0.0,0.0,0.0,1.0,0.0,0.0,0.0,0.0,0.0,0.0,0.0
1068,53.40833611879498,53.45833612140268,12816,12828,0.0,-0.0,0.0,0.0,0.0,0.0,0.0,0.0,0.0,0.0,-0.0,0.0,0.0,0.0,0.0,0.0,0.0,0.0
1069,53.45833612140268,53.508336124010384,12828,12840,0.0,-0.0,0.0,0.0,0.0,0.0,0.0,0.0,0.0,0.0,-1.0,0.0,0.0,0.0,0.0,0.0,0.0,0.0
1070,53.508336124010384,53.55833612661809,12840,12852,0.0,-0.0,0.0,0.0,0.0,0.0,0.0,0.0,0.0,0.0,1.0,0.0,0.0,0.0,0.0,0.0,0.0,0.0
1071,53.55833612661809,53.60833612922579,12852,12864,0.0,-0.0,0.0,0.0,0.0,0.0,0.0,0.0,0.0,0.0,1.0,0.0,0.0,0.0,0.0,0.0,0.0,0.0
1072,53.60833612922579,53.658336131833494,12864,12876,0.0,-0.0,0.0,0.0,0.0,0.0,0.0,0.0,0.0,-1.0,1.0,0.0,0.0,0.0,0.0,0.0,0.0,0.0
1073,53.658336131833494,53.7083361344412,12876,12888,0.0,-1.0,0.0,0.0,0.0,0.0,0.0,0.0,0.0,-1.0,1.0,0.0,0.0,0.0,0.0,0.0,0.0,0.0
1074,53.7083361344412,53.7583361370489,12888,12900,-1.0,-0.0,0.0,0.0,0.0,0.0,0.0,0.0,0.0,1.0,1.0,0.0,0.0,0.0,0.0,0.0,0.0,0.0
1075,53.7583361370489,53.8083361396566,12900,12912,-1.0,-0.0,0.0,0.0,0.0,0.0,0.0,0.0,0.0,1.0,-0.0,0.0,0.0,0.0,0.0,0.0,0.0,0.0
1076,53.8083361396566,53.85833614226431,12912,12924,-1.0,-0.0,0.0,0.0,0.0,0.0,0.0,0.0,0.0,1.0,-0.0,0.0,0.0,0.0,0.0,0.0,0.0,0.0
1077,53.85833614226431,53.90833614487201,12924,12936,-1.0,-0.0,0.0,0.0,0.0,0.0,0.0,0.0,0.0,0.0,-0.0,0.0,0.0,0.0,0.0,0.0,0.0,0.0
1078,53.90833614487201,53.95833614747971,12936,12948,-1.0,-0.0,0.0,0.0,0.0,0.0,0.0,0.0,0.0,0.0,-0.0,0.0,0.0,0.0,0.0,0.0,0.0,0.0
1079,53.95833614747971,54.008336150087416,12948,12960,-1.0,-0.0,0.0,0.0,0.0,0.0,0.0,0.0,0.0,0.0,-0.0,0.0,0.0,0.0,0.0,0.0,0.0,0.0
1080,54.008336150087416,54.05833615269512,12960,12972,-1.0,-0.0,0.0,0.0,0.0,0.0,0.0,0.0,0.0,0.0,-0.0,0.0,0.0,0.0,0.0,0.0,0.0,0.0
1081,54.05833615269512,54.10833615530282,12972,12984,-1.0,-0.0,0.0,0.0,0.0,0.0,0.0,0.0,0.0,0.0,-0.0,0.0,0.0,0.0,0.0,0.0,0.0,0.0
1082,54.10833615530282,54.158336157910526,12984,12996,-1.0,-0.0,0.0,0.0,0.0,0.0,0.0,0.0,0.0,0.0,-0.0,0.0,0.0,0.0,0.0,0.0,0.0,0.0
1083,54.158336157910526,54.20833616051823,12996,13008,-1.0,-0.0,0.0,0.0,0.0,0.0,0.0,0.0,0.0,0.0,-0.0,0.0,0.0,0.0,0.0,0.0,0.0,0.0
1084,54.20833616051823,54.25833616312593,13008,13020,0.0,1.0,0.0,0.0,0.0,0.0,0.0,0.0,0.0,0.0,-0.0,0.0,0.0,0.0,0.0,0.0,0.0,0.0
1085,54.25833616312593,54.308336165733635,13020,13032,0.0,1.0,0.0,0.0,0.0,0.0,0.0,0.0,0.0,0.0,-0.0,0.0,0.0,0.0,0.0,0.0,0.0,0.0
1086,54.308336165733635,54.35833616834134,13032,13044,0.0,1.0,0.0,0.0,0.0,0.0,0.0,0.0,0.0,0.0,-0.0,0.0,0.0,0.0,0.0,0.0,0.0,0.0
1087,54.35833616834134,54.40833617094904,13044,13056,0.0,1.0,0.0,0.0,0.0,0.0,0.0,0.0,0.0,0.0,-0.0,0.0,0.0,0.0,0.0,0.0,0.0,0.0
1088,54.40833617094904,54.458336173556745,13056,13068,0.0,1.0,0.0,0.0,0.0,0.0,0.0,0.0,0.0,0.0,-1.0,0.0,0.0,0.0,0.0,0.0,0.0,0.0
1089,54.458336173556745,54.50833617616445,13068,13080,0.0,1.0,0.0,0.0,0.0,0.0,0.0,0.0,0.0,1.0,-0.0,0.0,0.0,0.0,0.0,0.0,0.0,0.0
1090,54.50833617616445,54.55833617877215,13080,13092,0.0,1.0,0.0,0.0,0.0,0.0,0.0,0.0,0.0,1.0,-0.0,0.0,0.0,0.0,0.0,0.0,0.0,0.0
1091,54.55833617877215,54.608336181379855,13092,13104,0.0,1.0,0.0,0.0,0.0,0.0,0.0,0.0,0.0,0.0,-0.0,0.0,0.0,0.0,0.0,0.0,0.0,0.0
1092,54.608336181379855,54.65833618398756,13104,13116,0.0,1.0,0.0,0.0,0.0,0.0,0.0,0.0,0.0,-1.0,-0.0,0.0,0.0,0.0,0.0,0.0,0.0,0.0
1093,54.65833618398756,54.70833618659526,13116,13128,0.0,1.0,0.0,0.0,0.0,0.0,0.0,0.0,0.0,-1.0,-0.0,0.0,0.0,0.0,0.0,0.0,0.0,0.0
1094,54.70833618659526,54.758336189202964,13128,13140,0.0,-0.0,0.0,0.0,0.0,0.0,0.0,0.0,0.0,-1.0,-0.0,0.0,0.0,0.0,0.0,0.0,0.0,0.0
1095,54.758336189202964,54.80833619181067,13140,13152,0.0,-0.0,0.0,-1.0,0.0,0.0,0.0,0.0,0.0,-1.0,-0.0,0.0,0.0,0.0,0.0,0.0,0.0,0.0
1096,54.80833619181067,54.85833619441837,13152,13164,0.0,-0.0,0.0,0.0,0.0,0.0,0.0,0.0,0.0,0.0,-0.0,0.0,0.0,0.0,0.0,0.0,0.0,0.0
1097,54.85833619441837,54.908336197026074,13164,13176,0.0,-0.0,0.0,0.0,0.0,0.0,0.0,0.0,0.0,-1.0,-1.0,0.0,0.0,0.0,0.0,0.0,0.0,0.0
1098,54.908336197026074,54.95833619963378,13176,13188,0.0,-0.0,0.0,-1.0,0.0,0.0,0.0,0.0,0.0,-1.0,-1.0,0.0,0.0,0.0,0.0,0.0,0.0,0.0
1099,54.95833619963378,55.00833620224148,13188,13200,0.0,-0.0,0.0,0.0,0.0,0.0,0.0,0.0,0.0,0.0,-0.0,0.0,1.0,0.0,0.0,0.0,0.0,0.0
1100,55.00833620224148,55.058336204849184,13200,13212,0.0,-0.0,0.0,0.0,0.0,0.0,0.0,0.0,0.0,0.0,-0.0,0.0,1.0,0.0,0.0,0.0,0.0,0.0
1101,55.058336204849184,55.10833620745689,13212,13224,0.0,-0.0,0.0,0.0,0.0,0.0,0.0,0.0,0.0,0.0,-0.0,0.0,1.0,0.0,0.0,0.0,0.0,0.0
1102,55.10833620745689,55.15833621006459,13224,13236,0.0,-0.0,0.0,0.0,0.0,0.0,0.0,0.0,0.0,0.0,-0.0,0.0,1.0,0.0,0.0,0.0,0.0,0.0
1103,55.15833621006459,55.20833621267229,13236,13248,0.0,-1.0,0.0,0.0,0.0,0.0,0.0,0.0,0.0,0.0,-0.0,0.0,1.0,0.0,0.0,0.0,0.0,0.0
1104,55.20833621267229,55.258336215279996,13248,13260,0.0,-1.0,0.0,0.0,0.0,0.0,0.0,0.0,0.0,-1.0,-1.0,0.0,0.0,0.0,0.0,0.0,0.0,0.0
1105,55.258336215279996,55.3083362178877,13260,13272,0.0,-1.0,0.0,0.0,0.0,0.0,0.0,0.0,0.0,-1.0,-1.0,0.0,0.0,0.0,0.0,0.0,0.0,0.0
1106,55.3083362178877,55.3583362204954,13272,13284,0.0,-1.0,0.0,0.0,0.0,0.0,0.0,0.0,0.0,-1.0,-1.0,0.0,0.0,0.0,0.0,0.0,0.0,0.0
1107,55.3583362204954,55.408336223103106,13284,13296,0.0,-1.0,0.0,0.0,0.0,0.0,0.0,0.0,0.0,-1.0,-1.0,0.0,0.0,0.0,0.0,0.0,0.0,0.0
1108,55.408336223103106,55.45833622571081,13296,13308,0.0,-1.0,0.0,0.0,0.0,0.0,0.0,0.0,0.0,-1.0,-1.0,0.0,0.0,0.0,0.0,0.0,0.0,0.0
1109,55.45833622571081,55.50833622831851,13308,13320,0.0,-1.0,0.0,0.0,0.0,0.0,0.0,0.0,0.0,-1.0,-1.0,0.0,0.0,0.0,0.0,0.0,0.0,0.0
1110,55.50833622831851,55.558336230926216,13320,13332,0.0,-1.0,0.0,0.0,0.0,0.0,0.0,0.0,0.0,1.0,-0.0,0.0,0.0,0.0,0.0,0.0,0.0,0.0
1111,55.558336230926216,55.60833623353392,13332,13344,0.0,-1.0,0.0,0.0,0.0,0.0,0.0,0.0,0.0,1.0,-0.0,0.0,0.0,0.0,0.0,0.0,0.0,0.0
1112,55.60833623353392,55.65833623614162,13344,13356,0.0,-0.0,0.0,0.0,0.0,0.0,0.0,0.0,0.0,1.0,-0.0,0.0,0.0,0.0,0.0,0.0,0.0,0.0
1113,55.65833623614162,55.708336238749325,13356,13368,0.0,-0.0,0.0,0.0,0.0,0.0,0.0,0.0,0.0,1.0,-0.0,0.0,0.0,0.0,0.0,0.0,0.0,0.0
1114,55.708336238749325,55.75833624135703,13368,13380,0.0,-0.0,0.0,0.0,0.0,0.0,0.0,0.0,0.0,1.0,-0.0,0.0,0.0,0.0,0.0,0.0,0.0,0.0
1115,55.75833624135703,55.80833624396473,13380,13392,0.0,-0.0,0.0,0.0,0.0,0.0,0.0,0.0,0.0,0.0,-0.0,0.0,0.0,0.0,0.0,0.0,0.0,0.0
1116,55.80833624396473,55.858336246572435,13392,13404,0.0,-0.0,0.0,0.0,0.0,0.0,0.0,0.0,0.0,0.0,-1.0,0.0,0.0,0.0,0.0,0.0,0.0,0.0
1117,55.858336246572435,55.90833624918014,13404,13416,0.0,-0.0,0.0,0.0,0.0,0.0,0.0,0.0,0.0,1.0,-0.0,0.0,0.0,0.0,0.0,0.0,0.0,0.0
1118,55.90833624918014,55.95833625178784,13416,13428,0.0,-0.0,0.0,0.0,0.0,0.0,0.0,0.0,0.0,1.0,-0.0,0.0,0.0,0.0,0.0,0.0,0.0,0.0
1119,55.95833625178784,56.008336254395545,13428,13440,0.0,-0.0,0.0,0.0,0.0,0.0,0.0,0.0,0.0,1.0,-0.0,0.0,0.0,0.0,0.0,0.0,0.0,0.0
1120,56.008336254395545,56.05833625700325,13440,13452,0.0,-0.0,0.0,0.0,0.0,0.0,0.0,0.0,0.0,1.0,-0.0,0.0,0.0,0.0,0.0,0.0,0.0,0.0
1121,56.05833625700325,56.10833625961095,13452,13464,0.0,-0.0,0.0,0.0,0.0,0.0,0.0,0.0,0.0,1.0,-0.0,0.0,0.0,0.0,0.0,0.0,0.0,0.0
1122,56.10833625961095,56.158336262218654,13464,13476,0.0,-0.0,0.0,0.0,0.0,0.0,0.0,0.0,0.0,1.0,-0.0,0.0,0.0,0.0,0.0,0.0,0.0,0.0
1123,56.158336262218654,56.20833626482636,13476,13488,0.0,-0.0,0.0,0.0,0.0,0.0,0.0,0.0,0.0,1.0,-0.0,0.0,0.0,0.0,0.0,0.0,0.0,0.0
1124,56.20833626482636,56.25833626743406,13488,13500,0.0,-0.0,0.0,0.0,0.0,0.0,0.0,0.0,0.0,1.0,-0.0,0.0,0.0,0.0,0.0,0.0,0.0,0.0
1125,56.25833626743406,56.308336270041764,13500,13512,0.0,-0.0,0.0,0.0,0.0,0.0,0.0,0.0,0.0,1.0,-0.0,0.0,0.0,0.0,0.0,0.0,0.0,0.0
1126,56.308336270041764,56.35833627264947,13512,13524,0.0,-0.0,0.0,0.0,0.0,0.0,0.0,0.0,0.0,0.0,-0.0,0.0,0.0,0.0,0.0,0.0,0.0,0.0
1127,56.35833627264947,56.40833627525717,13524,13536,0.0,-0.0,0.0,0.0,0.0,0.0,0.0,0.0,0.0,-1.0,-1.0,0.0,0.0,0.0,0.0,0.0,0.0,0.0
1128,56.40833627525717,56.45833627786487,13536,13548,0.0,-0.0,0.0,0.0,0.0,0.0,0.0,0.0,0.0,0.0,-1.0,0.0,0.0,0.0,0.0,0.0,0.0,0.0
1129,56.45833627786487,56.50833628047258,13548,13560,0.0,-0.0,0.0,0.0,0.0,0.0,0.0,0.0,0.0,-1.0,1.0,0.0,0.0,0.0,0.0,0.0,0.0,0.0
1130,56.50833628047258,56.55833628308028,13560,13572,0.0,-0.0,0.0,0.0,0.0,0.0,0.0,0.0,0.0,-1.0,1.0,0.0,0.0,0.0,0.0,0.0,0.0,0.0
1131,56.55833628308028,56.60833628568798,13572,13584,0.0,-0.0,0.0,0.0,0.0,0.0,0.0,0.0,0.0,-1.0,-0.0,0.0,0.0,0.0,0.0,0.0,0.0,0.0
1132,56.60833628568798,56.658336288295686,13584,13596,0.0,-0.0,0.0,0.0,0.0,0.0,0.0,0.0,0.0,-1.0,-0.0,0.0,0.0,0.0,0.0,0.0,0.0,0.0
1133,56.658336288295686,56.70833629090339,13596,13608,0.0,-0.0,0.0,0.0,0.0,0.0,0.0,0.0,0.0,-1.0,-0.0,0.0,0.0,0.0,0.0,0.0,0.0,0.0
1134,56.70833629090339,56.75833629351109,13608,13620,0.0,-0.0,0.0,0.0,0.0,0.0,0.0,0.0,0.0,0.0,-0.0,0.0,0.0,0.0,0.0,0.0,0.0,0.0
1135,56.75833629351109,56.808336296118796,13620,13632,0.0,-0.0,0.0,0.0,0.0,0.0,0.0,0.0,0.0,0.0,-0.0,0.0,0.0,0.0,0.0,0.0,0.0,0.0
1136,56.808336296118796,56.8583362987265,13632,13644,0.0,-0.0,0.0,0.0,0.0,0.0,0.0,0.0,0.0,0.0,-0.0,0.0,0.0,0.0,0.0,0.0,0.0,0.0
1137,56.8583362987265,56.9083363013342,13644,13656,0.0,-0.0,0.0,0.0,0.0,0.0,0.0,0.0,0.0,0.0,-0.0,0.0,0.0,0.0,0.0,0.0,0.0,0.0
1138,56.9083363013342,56.958336303941905,13656,13668,0.0,-0.0,0.0,0.0,0.0,0.0,0.0,0.0,0.0,0.0,-0.0,0.0,0.0,0.0,0.0,0.0,0.0,0.0
1139,56.958336303941905,57.00833630654961,13668,13680,0.0,-0.0,0.0,0.0,0.0,0.0,0.0,0.0,0.0,0.0,-0.0,0.0,0.0,0.0,0.0,0.0,0.0,0.0
1140,57.00833630654961,57.05833630915731,13680,13692,0.0,-0.0,0.0,0.0,0.0,0.0,0.0,0.0,0.0,0.0,-0.0,0.0,0.0,0.0,0.0,0.0,0.0,0.0
1141,57.05833630915731,57.108336311765015,13692,13704,0.0,-0.0,0.0,0.0,0.0,0.0,0.0,0.0,0.0,0.0,-0.0,0.0,0.0,0.0,0.0,0.0,0.0,0.0
