sample,control_substep,physics_tick,robot_0.lift,robot_0.arm,robot_0.yaw,robot_0.pitch,robot_0.roll,robot_0.grip_pos,robot_0.base_fwd,robot_0.base_strafe,robot_0.base_turn,robot_1.lift,robot_1.arm,robot_1.yaw,robot_1.pitch,robot_1.roll,robot_1.grip_pos,robot_1.base_fwd,robot_1.base_strafe,robot_1.base_turn
0,0,0,0.0,0.0,0.0,0.0,0.0,0.5,0.0,0.0,0.0,0.0,0.0,0.0,0.0,0.0,0.5,0.0,0.0,0.0
0,1,4,0.0,0.0,0.0,0.0,0.0,0.5,0.0,0.0,0.0,0.0,0.0,0.0,0.0,0.0,0.5,0.0,0.0,0.0
0,2,8,0.0,0.0,0.0,0.0,0.0,0.5,0.0,0.0,0.0,0.0,0.0,0.0,0.0,0.0,0.5,0.0,0.0,0.0
1,0,12,0.0,0.0,0.0,0.0,0.0,0.5,0.0,0.0,0.0,0.0,0.0,0.0,0.0,0.0,0.5,0.0,0.0,0.0
1,1,16,0.0,0.0,0.0,0.0,0.0,0.5,0.0,0.0,0.0,0.0,0.0,0.0,0.0,0.0,0.5,0.0,0.0,0.0
1,2,20,0.0,0.0,0.0,0.0,0.0,0.5,0.0,0.0,0.0,0.0,0.0,0.0,0.0,0.0,0.5,0.0,0.0,0.0
2,0,24,0.0,0.0,0.0,0.0,0.0,0.5,0.0,0.0,0.0,0.0,0.0,0.0,0.0,0.0,0.5,0.0,0.0,0.0
2,1,28,0.0,0.0,0.0,0.0,0.0,0.5,0.0,0.0,0.0,0.0,0.0,0.0,0.0,0.0,0.5,0.0,0.0,0.0
2,2,32,0.0,0.0,0.0,0.0,0.0,0.5,0.0,0.0,0.0,0.0,0.0,0.0,0.0,0.0,0.5,0.0,0.0,0.0
3,0,36,0.0,0.0,0.0,0.0,0.0,0.5,0.0,0.0,0.0,0.0,0.0,0.0,0.0,0.0,0.5,0.0,0.0,0.0
3,1,40,0.0,0.0,0.0,0.0,0.0,0.5,0.0,0.0,0.0,0.0,0.0,0.0,0.0,0.0,0.5,0.0,0.0,0.0
3,2,44,0.0,0.0,0.0,0.0,0.0,0.5,0.0,0.0,0.0,0.0,0.0,0.0,0.0,0.0,0.5,0.0,0.0,0.0
4,0,48,0.0,0.0,0.0,0.0,0.0,0.5,0.022,0.022,0.0,0.0,0.0,0.0,0.0,0.0,0.5,0.0,0.0,0.0
4,1,52,0.0,0.0,0.0,0.0,0.0,0.5,0.044,0.044,0.0,0.0,0.0,0.0,0.0,0.0,0.5,0.0,0.0,0.0
4,2,56,0.0,0.0,0.0,0.0,0.0,0.5,0.066,0.066,0.0,0.0,0.0,0.0,0.0,0.0,0.5,0.0,0.0,0.0
5,0,60,0.0,0.0,0.0,0.0,0.0,0.5,0.088,0.088,0.0,0.0,0.0,0.0,0.0,0.0,0.5,0.0,0.0,0.0
5,1,64,0.0,0.0,0.0,0.0,0.0,0.5,0.11,0.11,0.0,0.0,0.0,0.0,0.0,0.0,0.5,0.0,0.0,0.0
5,2,68,0.0,0.0,0.0,0.0,0.0,0.5,0.132,0.132,0.0,0.0,0.0,0.0,0.0,0.0,0.5,0.0,0.0,0.0
6,0,72,0.0,0.0,0.0,0.0,0.0,0.5,0.154,0.154,0.0,0.0,0.0,0.0,0.0,0.0,0.5,0.0,0.0,0.0
6,1,76,0.0,0.0,0.0,0.0,0.0,0.5,0.176,0.176,0.0,0.0,0.0,0.0,0.0,0.0,0.5,0.0,0.0,0.0
6,2,80,0.0,0.0,0.0,0.0,0.0,0.5,0.198,0.198,0.0,0.0,0.0,0.0,0.0,0.0,0.5,0.0,0.0,0.0
7,0,84,0.0,0.0,0.0,0.0,0.0,0.5,0.22,0.22,0.0,0.0,0.0,0.0,0.0,0.0,0.5,0.0,0.0,0.0
7,1,88,0.0,0.0,0.0,0.0,0.0,0.5,0.242,0.242,0.0,0.0,0.0,0.0,0.0,0.0,0.5,0.0,0.0,0.0
7,2,92,0.0,0.0,0.0,0.0,0.0,0.5,0.264,0.264,0.0,0.0,0.0,0.0,0.0,0.0,0.5,0.0,0.0,0.0
8,0,96,0.0,0.0,0.0,0.0,0.0,0.5,0.286,0.286,0.0,0.0,0.0,0.0,0.0,0.0,0.5,0.0,0.0,0.0
8,1,100,0.0,0.0,0.0,0.0,0.0,0.5,0.308,0.308,0.0,0.0,0.0,0.0,0.0,0.0,0.5,0.0,0.0,0.0
8,2,104,0.0,0.0,0.0,0.0,0.0,0.5,0.33,0.33,0.0,0.0,0.0,0.0,0.0,0.0,0.5,0.0,0.0,0.0
9,0,108,0.0,0.0,0.0,0.0,0.0,0.5,0.352,0.352,0.0,0.0,0.0,0.0,0.0,0.0,0.5,0.0,0.0,0.0
9,1,112,0.0,0.0,0.0,0.0,0.0,0.5,0.374,0.374,0.0,0.0,0.0,0.0,0.0,0.0,0.5,0.0,0.0,0.0
9,2,116,0.0,0.0,0.0,0.0,0.0,0.5,0.396,0.396,0.0,0.0,0.0,0.0,0.0,0.0,0.5,0.0,0.0,0.0
10,0,120,0.0,0.0,0.0,0.0,0.0,0.5,0.418,0.418,0.0,0.0,0.0,0.0,0.0,0.0,0.5,0.0,0.0,0.0
10,1,124,0.0,0.0,0.0,0.0,0.0,0.5,0.44,0.44,0.0,0.0,0.0,0.0,0.0,0.0,0.5,0.0,0.0,0.0
10,2,128,0.0,0.0,0.0,0.0,0.0,0.5,0.462,0.462,0.0,0.0,0.0,0.0,0.0,0.0,0.5,0.0,0.0,0.0
11,0,132,0.0,0.0,0.0,0.0,0.0,0.5,0.484,0.484,0.0,0.0,0.0,0.0,0.0,0.0,0.5,0.0,0.0,0.0
11,1,136,0.0,0.0,0.0,0.0,0.0,0.5,0.506,0.506,0.0,0.0,0.0,0.0,0.0,0.0,0.5,0.0,0.0,0.0
11,2,140,0.0,0.0,0.0,0.0,0.0,0.5,0.528,0.528,0.0,0.0,0.0,0.0,0.0,0.0,0.5,0.0,0.0,0.0
12,0,144,0.0,0.0,0.0,0.0,0.0,0.5,0.506,0.55,0.0,0.0,0.0,0.0,0.0,0.0,0.5,0.0,0.0,0.0
12,1,148,0.0,0.0,0.0,0.0,0.0,0.5,0.484,0.572,0.0,0.0,0.0,0.0,0.0,0.0,0.5,0.0,0.0,0.0
12,2,152,0.0,0.0,0.0,0.0,0.0,0.5,0.462,0.594,0.0,0.0,0.0,0.0,0.0,0.0,0.5,0.0,0.0,0.0
13,0,156,0.0,0.0,0.0,0.0,0.0,0.5,0.44,0.616,0.0,0.0,0.0,0.0,0.0,0.0,0.5,0.0,0.0,0.0
13,1,160,0.0,0.0,0.0,0.0,0.0,0.5,0.418,0.616,0.0,0.0,0.0,0.0,0.0,0.0,0.5,0.0,0.0,0.0
13,2,164,0.0,0.0,0.0,0.0,0.0,0.5,0.396,0.616,0.0,0.0,0.0,0.0,0.0,0.0,0.5,0.0,0.0,0.0
14,0,168,0.0,0.0,0.0,0.0,0.0,0.5,0.374,0.616,0.0,0.0,0.0,0.0,0.0,0.0,0.5,0.0,0.0,0.0
14,1,172,0.0,0.0,0.0,0.0,0.0,0.5,0.352,0.616,0.0,0.0,0.0,0.0,0.0,0.0,0.5,0.0,0.0,0.0
14,2,176,0.0,0.0,0.0,0.0,0.0,0.5,0.33,0.616,0.0,0.0,0.0,0.0,0.0,0.0,0.5,0.0,0.0,0.0
15,0,180,0.0,0.0,0.0,0.0,0.0,0.5,0.308,0.616,0.0,0.0,0.0,0.0,0.0,0.0,0.5,0.022,0.022,0.0
15,1,184,0.0,0.0,0.0,0.0,0.0,0.5,0.286,0.616,0.0,0.0,0.0,0.0,0.0,0.0,0.5,0.044,0.044,0.0
15,2,188,0.0,0.0,0.0,0.0,0.0,0.5,0.264,0.616,0.0,0.0,0.0,0.0,0.0,0.0,0.5,0.066,0.066,0.0
16,0,192,0.0,0.0,0.0,0.0,0.0,0.5,0.242,0.616,0.0,0.0,0.0,0.0,0.0,0.0,0.5,0.088,0.088,0.0
16,1,196,0.0,0.0,0.0,0.0,0.0,0.5,0.22,0.616,0.0,0.0,0.0,0.0,0.0,0.0,0.5,0.11,0.11,0.0
16,2,200,0.0,0.0,0.0,0.0,0.0,0.5,0.198,0.616,0.0,0.0,0.0,0.0,0.0,0.0,0.5,0.132,0.132,0.0
17,0,204,0.0,0.0,0.0,0.0,0.0,0.5,0.176,0.616,0.0,0.0,0.0,0.0,0.0,0.0,0.5,0.154,0.154,0.0
17,1,208,0.0,0.0,0.0,0.0,0.0,0.5,0.154,0.616,0.0,0.0,0.0,0.0,0.0,0.0,0.5,0.176,0.176,0.0
17,2,212,0.0,0.0,0.0,0.0,0.0,0.5,0.132,0.616,0.0,0.0,0.0,0.0,0.0,0.0,0.5,0.198,0.198,0.0
18,0,216,0.0,0.0,0.0,0.0,0.0,0.5,0.154,0.616,0.0,0.0,0.0,0.0,0.0,0.0,0.5,0.22,0.22,0.0
18,1,220,0.0,0.0,0.0,0.0,0.0,0.5,0.176,0.616,0.0,0.0,0.0,0.0,0.0,0.0,0.5,0.242,0.242,0.0
18,2,224,0.0,0.0,0.0,0.0,0.0,0.5,0.198,0.616,0.0,0.0,0.0,0.0,0.0,0.0,0.5,0.264,0.264,0.0
19,0,228,0.0,0.0,0.0,0.0,0.0,0.5,0.22,0.616,0.0,0.0,0.0,0.0,0.0,0.0,0.5,0.286,0.286,0.0
19,1,232,0.0,0.0,0.0,0.0,0.0,0.5,0.242,0.616,0.0,0.0,0.0,0.0,0.0,0.0,0.5,0.308,0.308,0.0
19,2,236,0.0,0.0,0.0,0.0,0.0,0.5,0.264,0.616,0.0,0.0,0.0,0.0,0.0,0.0,0.5,0.33,0.33,0.0
20,0,240,0.0,0.0,0.0,0.0,0.0,0.5,0.286,0.616,0.0,0.0,0.0,0.0,0.0,0.0,0.5,0.352,0.352,0.0
20,1,244,0.0,0.0,0.0,0.0,0.0,0.5,0.308,0.616,0.0,0.0,0.0,0.0,0.0,0.0,0.5,0.374,0.374,0.0
20,2,248,0.0,0.0,0.0,0.0,0.0,0.5,0.33,0.616,0.0,0.0,0.0,0.0,0.0,0.0,0.5,0.396,0.396,0.0
21,0,252,0.0,0.0,0.0,0.0,0.0,0.5,0.352,0.616,0.0,0.0,0.0,0.0,0.0,0.0,0.5,0.418,0.418,0.0
21,1,256,0.0,0.0,0.0,0.0,0.0,0.5,0.374,0.616,0.0,0.0,0.0,0.0,0.0,0.0,0.5,0.44,0.44,0.0
21,2,260,0.0,0.0,0.0,0.0,0.0,0.5,0.396,0.616,0.0,0.0,0.0,0.0,0.0,0.0,0.5,0.462,0.462,0.0
22,0,264,0.0,0.0,0.0,0.0,0.0,0.5,0.418,0.616,0.0,0.0,0.0,0.0,0.0,0.0,0.5,0.484,0.484,0.0
22,1,268,0.0,0.0,0.0,0.0,0.0,0.5,0.44,0.616,0.0,0.0,0.0,0.0,0.0,0.0,0.5,0.506,0.506,0.0
22,2,272,0.0,0.0,0.0,0.0,0.0,0.5,0.462,0.616,0.0,0.0,0.0,0.0,0.0,0.0,0.5,0.528,0.528,0.0
23,0,276,0.0,0.0,0.0,0.0,0.0,0.5,0.484,0.616,0.0,0.0,0.0,0.0,0.0,0.0,0.5,0.55,0.55,0.0
23,1,280,0.0,0.0,0.0,0.0,0.0,0.5,0.506,0.616,0.0,0.0,0.0,0.0,0.0,0.0,0.5,0.572,0.572,0.0
23,2,284,0.0,0.0,0.0,0.0,0.0,0.5,0.528,0.616,0.0,0.0,0.0,0.0,0.0,0.0,0.5,0.594,0.594,0.0
24,0,288,0.0,0.0,0.0,0.0,0.0,0.5,0.55,0.616,0.0,0.0,0.0,0.0,0.0,0.0,0.5,0.616,0.616,0.0
24,1,292,0.0,0.0,0.0,0.0,0.0,0.5,0.572,0.616,0.0,0.0,0.0,0.0,0.0,0.0,0.5,0.616,0.616,0.0
24,2,296,0.0,0.0,0.0,0.0,0.0,0.5,0.594,0.616,0.0,0.0,0.0,0.0,0.0,0.0,0.5,0.616,0.616,0.0
25,0,300,0.0,0.0,0.0,0.0,0.0,0.5,0.616,0.616,0.0,0.0,0.0,0.0,0.0,0.0,0.5,0.616,0.616,0.0
25,1,304,0.0,0.0,0.0,0.0,0.0,0.5,0.616,0.616,0.0,0.0,0.0,0.0,0.0,0.0,0.5,0.616,0.616,0.0
25,2,308,0.0,0.0,0.0,0.0,0.0,0.5,0.616,0.616,0.0,0.0,0.0,0.0,0.0,0.0,0.5,0.616,0.616,0.0
26,0,312,0.0,0.0,0.0,0.0,0.0,0.5,0.616,0.616,0.0,0.0,0.0,0.0,0.0,0.0,0.5,0.616,0.616,0.0
26,1,316,0.0,0.0,0.0,0.0,0.0,0.5,0.616,0.616,0.0,0.0,0.0,0.0,0.0,0.0,0.5,0.616,0.616,0.0
26,2,320,0.0,0.0,0.0,0.0,0.0,0.5,0.616,0.616,0.0,0.0,0.0,0.0,0.0,0.0,0.5,0.616,0.616,0.0
27,0,324,0.0,0.0,0.0,0.0,0.0,0.5,0.594,0.616,0.0,0.0,0.0,0.0,0.0,0.0,0.5,0.594,0.594,0.0
27,1,328,0.0,0.0,0.0,0.0,0.0,0.5,0.572,0.616,0.0,0.0,0.0,0.0,0.0,0.0,0.5,0.572,0.572,0.0
27,2,332,0.0,0.0,0.0,0.0,0.0,0.5,0.55,0.616,0.0,0.0,0.0,0.0,0.0,0.0,0.5,0.55,0.55,0.0
28,0,336,0.0,0.0,0.0,0.0,0.0,0.5,0.528,0.616,0.0,0.0,0.0,0.0,0.0,0.0,0.5,0.528,0.528,0.0
28,1,340,0.0,0.0,0.0,0.0,0.0,0.5,0.506,0.616,0.0,0.0,0.0,0.0,0.0,0.0,0.5,0.506,0.506,0.0
28,2,344,0.0,0.0,0.0,0.0,0.0,0.5,0.484,0.616,0.0,0.0,0.0,0.0,0.0,0.0,0.5,0.484,0.484,0.0
29,0,348,0.0,0.0,0.0,0.0,0.0,0.5,0.462,0.616,0.0,0.0,0.0,0.0,0.0,0.0,0.5,0.462,0.462,0.0
29,1,352,0.0,0.0,0.0,0.0,0.0,0.5,0.44,0.616,0.0,0.0,0.0,0.0,0.0,0.0,0.5,0.44,0.44,0.0
29,2,356,0.0,0.0,0.0,0.0,0.0,0.5,0.418,0.616,0.0,0.0,0.0,0.0,0.0,0.0,0.5,0.418,0.418,0.0
30,0,360,0.0,0.0,0.0,0.0,0.0,0.5,0.396,0.616,0.0,0.0,0.0,0.0,0.0,0.0,0.5,0.396,0.396,0.0
30,1,364,0.0,0.0,0.0,0.0,0.0,0.5,0.374,0.616,0.0,0.0,0.0,0.0,0.0,0.0,0.5,0.374,0.374,0.0
30,2,368,0.0,0.0,0.0,0.0,0.0,0.5,0.352,0.616,0.0,0.0,0.0,0.0,0.0,0.0,0.5,0.352,0.352,0.0
31,0,372,0.0,0.0,0.0,0.0,0.0,0.5,0.33,0.616,0.0,0.0,0.0,0.0,0.0,0.0,0.5,0.33,0.33,0.0
31,1,376,0.0,0.0,0.0,0.0,0.0,0.5,0.308,0.616,0.0,0.0,0.0,0.0,0.0,0.0,0.5,0.308,0.308,0.0
31,2,380,0.0,0.0,0.0,0.0,0.0,0.5,0.286,0.616,0.0,0.0,0.0,0.0,0.0,0.0,0.5,0.286,0.286,0.0
32,0,384,0.0,0.0,0.0,0.0,0.0,0.5,0.264,0.616,0.0,0.0,0.0,0.0,0.0,0.0,0.5,0.264,0.264,0.0
32,1,388,0.0,0.0,0.0,0.0,0.0,0.5,0.242,0.616,0.0,0.0,0.0,0.0,0.0,0.0,0.5,0.242,0.242,0.0
32,2,392,0.0,0.0,0.0,0.0,0.0,0.5,0.22,0.616,0.0,0.0,0.0,0.0,0.0,0.0,0.5,0.22,0.22,0.0
33,0,396,0.0,0.0,0.0,0.0,0.0,0.5,0.198,0.616,0.0,0.0,0.0,0.0,0.0,0.0,0.5,0.198,0.198,0.0
33,1,400,0.0,0.0,0.0,0.0,0.0,0.5,0.176,0.616,0.0,0.0,0.0,0.0,0.0,0.0,0.5,0.176,0.176,0.0
33,2,404,0.0,0.0,0.0,0.0,0.0,0.5,0.154,0.616,0.0,0.0,0.0,0.0,0.0,0.0,0.5,0.154,0.154,0.0
34,0,408,0.0,0.0,0.0,0.0,0.0,0.5,0.132,0.616,0.0,0.0,0.0,0.0,0.0,0.0,0.5,0.132,0.132,0.0
34,1,412,0.0,0.0,0.0,0.0,0.0,0.5,0.11,0.616,0.0,0.0,0.0,0.0,0.0,0.0,0.5,0.11,0.11,0.0
34,2,416,0.0,0.0,0.0,0.0,0.0,0.5,0.088,0.616,0.0,0.0,0.0,0.0,0.0,0.0,0.5,0.088,0.088,0.0
35,0,420,0.0,0.0,0.0,0.0,0.0,0.5,0.066,0.616,0.0,0.0,0.0,0.0,0.0,0.0,0.5,0.066,0.066,0.0
35,1,424,0.0,0.0,0.0,0.0,0.0,0.5,0.044,0.616,0.0,0.0,0.0,0.0,0.0,0.0,0.5,0.044,0.044,0.0
35,2,428,0.0,0.0,0.0,0.0,0.0,0.5,0.022,0.616,0.0,0.0,0.0,0.0,0.0,0.0,0.5,0.022,0.022,0.0
36,0,432,0.0,0.0,0.0,0.0,0.0,0.5,0.0,0.616,0.0,0.0,0.0,0.0,0.0,0.0,0.5,0.0,0.0,0.0
36,1,436,0.0,0.0,0.0,0.0,0.0,0.5,0.0,0.616,0.0,0.0,0.0,0.0,0.0,0.0,0.5,0.0,0.0,0.0
36,2,440,0.0,0.0,0.0,0.0,0.0,0.5,0.0,0.616,0.0,0.0,0.0,0.0,0.0,0.0,0.5,0.0,0.0,0.0
37,0,444,0.0,0.0,0.0,0.0,0.0,0.5,0.0,0.616,0.0,0.0,0.0,0.0,0.0,0.0,0.5,0.0,0.0,0.0
37,1,448,0.0,0.0,0.0,0.0,0.0,0.5,0.0,0.616,0.0,0.0,0.0,0.0,0.0,0.0,0.5,0.0,0.0,0.0
37,2,452,0.0,0.0,0.0,0.0,0.0,0.5,0.0,0.616,0.0,0.0,0.0,0.0,0.0,0.0,0.5,0.0,0.0,0.0
38,0,456,0.0,0.0,0.0,0.0,0.0,0.5,0.0,0.616,0.0,0.0,0.0,0.0,0.0,0.0,0.5,0.0,0.0,0.0
38,1,460,0.0,0.0,0.0,0.0,0.0,0.5,0.0,0.616,0.0,0.0,0.0,0.0,0.0,0.0,0.5,0.0,0.0,0.0
38,2,464,0.0,0.0,0.0,0.0,0.0,0.5,0.0,0.616,0.0,0.0,0.0,0.0,0.0,0.0,0.5,0.0,0.0,0.0
39,0,468,0.0,0.0,0.0,0.0,0.0,0.5,0.0,0.616,0.0,0.0,0.0,0.0,0.0,0.0,0.5,0.0,0.0,0.0
39,1,472,0.0,0.0,0.0,0.0,0.0,0.5,0.0,0.616,0.0,0.0,0.0,0.0,0.0,0.0,0.5,0.0,0.0,0.0
39,2,476,0.0,0.0,0.0,0.0,0.0,0.5,0.0,0.616,0.0,0.0,0.0,0.0,0.0,0.0,0.5,0.0,0.0,0.0
40,0,480,0.0,0.0,0.0,0.0,0.0,0.5,-0.022,0.616,0.0,0.0,0.0,0.0,0.0,0.0,0.5,0.0,0.0,0.0
40,1,484,0.0,0.0,0.0,0.0,0.0,0.5,-0.044,0.616,0.0,0.0,0.0,0.0,0.0,0.0,0.5,0.0,0.0,0.0
40,2,488,0.0,0.0,0.0,0.0,0.0,0.5,-0.066,0.616,0.0,0.0,0.0,0.0,0.0,0.0,0.5,0.0,0.0,0.0
41,0,492,0.0,0.0,0.0,0.0,0.0,0.5,-0.088,0.616,0.0,0.0,0.0,0.0,0.0,0.0,0.5,0.0,0.0,0.0
41,1,496,0.0,0.0,0.0,0.0,0.0,0.5,-0.11,0.616,0.0,0.0,0.0,0.0,0.0,0.0,0.5,0.0,0.0,0.0
41,2,500,0.0,0.0,0.0,0.0,0.0,0.5,-0.132,0.616,0.0,0.0,0.0,0.0,0.0,0.0,0.5,0.0,0.0,0.0
42,0,504,0.0,0.0,0.0,0.0,0.0,0.5,-0.154,0.616,0.0,0.0,0.0,0.0,0.0,0.0,0.5,0.0,0.0,0.0
42,1,508,0.0,0.0,0.0,0.0,0.0,0.5,-0.176,0.616,0.0,0.0,0.0,0.0,0.0,0.0,0.5,0.0,0.0,0.0
42,2,512,0.0,0.0,0.0,0.0,0.0,0.5,-0.198,0.616,0.0,0.0,0.0,0.0,0.0,0.0,0.5,0.0,0.0,0.0
43,0,516,0.0,0.0,0.0,0.0,0.0,0.5,-0.22,0.616,0.0,0.0,0.0,0.0,0.0,0.0,0.5,0.0,0.0,0.0
43,1,520,0.0,0.0,0.0,0.0,0.0,0.5,-0.242,0.616,0.0,0.0,0.0,0.0,0.0,0.0,0.5,0.0,0.0,0.0
43,2,524,0.0,0.0,0.0,0.0,0.0,0.5,-0.264,0.616,0.0,0.0,0.0,0.0,0.0,0.0,0.5,0.0,0.0,0.0
44,0,528,0.025666667,0.0,0.0,0.0,0.0,0.5,-0.242,0.594,0.0,0.0,0.0,0.0,0.0,0.0,0.5,0.0,0.0,0.0
44,1,532,0.051333334,0.0,0.0,0.0,0.0,0.5,-0.22,0.572,0.0,0.0,0.0,0.0,0.0,0.0,0.5,0.0,0.0,0.0
44,2,536,0.077,0.0,0.0,0.0,0.0,0.5,-0.198,0.55,0.0,0.0,0.0,0.0,0.0,0.0,0.5,0.0,0.0,0.0
45,0,540,0.10266667,0.0,0.0,0.0,0.0,0.5,-0.176,0.528,0.0,0.0,0.0,0.0,0.0,0.0,0.5,0.0,0.0,0.0
45,1,544,0.12833333,0.0,0.0,0.0,0.0,0.5,-0.154,0.506,0.0,0.0,0.0,0.0,0.0,0.0,0.5,0.0,0.0,0.0
45,2,548,0.154,0.0,0.0,0.0,0.0,0.5,-0.132,0.484,0.0,0.0,0.0,0.0,0.0,0.0,0.5,0.0,0.0,0.0
46,0,552,0.17966667,0.0,0.0,0.0,0.0,0.5,-0.11,0.462,0.0,0.0,0.0,0.0,0.0,0.0,0.5,0.0,0.0,0.0
46,1,556,0.20533334,0.0,0.0,0.0,0.0,0.5,-0.088,0.44,0.0,0.0,0.0,0.0,0.0,0.0,0.5,0.0,0.0,0.0
46,2,560,0.231,0.0,0.0,0.0,0.0,0.5,-0.066,0.418,0.0,0.0,0.0,0.0,0.0,0.0,0.5,0.0,0.0,0.0
47,0,564,0.25666666,0.0,0.0,0.0,0.0,0.5,-0.044,0.396,0.0,0.0,0.0,0.0,0.0,0.0,0.5,0.0,0.0,0.0
47,1,568,0.28233334,0.0,0.0,0.0,0.0,0.5,-0.022,0.374,0.0,0.0,0.0,0.0,0.0,0.0,0.5,0.0,0.0,0.0
47,2,572,0.308,0.0,0.0,0.0,0.0,0.5,0.0,0.352,0.0,0.0,0.0,0.0,0.0,0.0,0.5,0.0,0.0,0.0
48,0,576,0.33366665,0.0,0.0,0.0,0.0,0.5,0.0,0.33,0.0,0.0,0.0,0.0,0.0,0.0,0.5,0.0,0.0,0.0
48,1,580,0.35933334,0.0,0.0,0.0,0.0,0.5,0.0,0.308,0.0,0.0,0.0,0.0,0.0,0.0,0.5,0.0,0.0,0.0
48,2,584,0.385,0.0,0.0,0.0,0.0,0.5,0.0,0.286,0.0,0.0,0.0,0.0,0.0,0.0,0.5,0.0,0.0,0.0
49,0,588,0.41066667,0.0,0.0,0.0,0.0,0.5,0.0,0.264,0.0,0.0,0.0,0.0,0.0,0.0,0.5,0.0,0.0,0.0
49,1,592,0.43633333,0.0,0.0,0.0,0.0,0.5,0.0,0.242,0.0,0.0,0.0,0.0,0.0,0.0,0.5,0.0,0.0,0.0
49,2,596,0.462,0.0,0.0,0.0,0.0,0.5,0.0,0.22,0.0,0.0,0.0,0.0,0.0,0.0,0.5,0.0,0.0,0.0
50,0,600,0.48766667,0.0,0.0,0.0,0.0,0.5,0.0,0.198,0.0,0.0,0.0,0.0,0.0,0.0,0.5,0.0,0.0,0.0
50,1,604,0.5133333,0.0,0.0,0.0,0.0,0.5,0.0,0.176,0.0,0.0,0.0,0.0,0.0,0.0,0.5,0.0,0.0,0.0
50,2,608,0.539,0.0,0.0,0.0,0.0,0.5,0.0,0.154,0.0,0.0,0.0,0.0,0.0,0.0,0.5,0.0,0.0,0.0
51,0,612,0.5646667,0.0,0.0,0.0,0.0,0.5,0.0,0.132,0.0,0.0,0.0,0.0,0.0,0.0,0.5,0.0,0.0,0.0
51,1,616,0.59033334,0.0,0.0,0.0,0.0,0.5,0.0,0.11,0.0,0.0,0.0,0.0,0.0,0.0,0.5,0.0,0.0,0.0
51,2,620,0.616,0.0,0.0,0.0,0.0,0.5,0.0,0.088,0.0,0.0,0.0,0.0,0.0,0.0,0.5,0.0,0.0,0.0
52,0,624,0.64166665,0.0,0.0,0.0,0.0,0.5,0.0,0.066,0.0,0.0,0.0,0.0,0.0,0.0,0.5,0.0,0.0,0.0
52,1,628,0.6673333,0.0,0.0,0.0,0.0,0.5,0.0,0.044,0.0,0.0,0.0,0.0,0.0,0.0,0.5,0.0,0.0,0.0
52,2,632,0.693,0.0,0.0,0.0,0.0,0.5,0.0,0.022,0.0,0.0,0.0,0.0,0.0,0.0,0.5,0.0,0.0,0.0
53,0,636,0.7186667,0.0,0.0,0.0,0.0,0.5,0.0,0.0,0.0,0.0,0.0,0.0,0.0,0.0,0.5,0.0,0.0,0.0
53,1,640,0.7443333,0.0,0.0,0.0,0.0,0.5,0.0,0.0,0.0,0.0,0.0,0.0,0.0,0.0,0.5,0.0,0.0,0.0
53,2,644,0.77,0.0,0.0,0.0,0.0,0.5,0.0,0.0,0.0,0.0,0.0,0.0,0.0,0.0,0.5,0.0,0.0,0.0
54,0,648,0.7956667,0.0,0.0,0.0,0.0,0.5,0.0,0.0,0.0,0.0,0.0,0.0,0.0,0.0,0.5,0.0,0.0,0.0
54,1,652,0.82133335,0.0,0.0,0.0,0.0,0.5,0.0,0.0,0.0,0.0,0.0,0.0,0.0,0.0,0.5,0.0,0.0,0.0
54,2,656,0.847,0.0,0.0,0.0,0.0,0.5,0.0,0.0,0.0,0.0,0.0,0.0,0.0,0.0,0.5,0.0,0.0,0.0
55,0,660,0.87266666,0.0,0.0,0.0,0.0,0.5,0.0,0.0,0.0,0.0,0.0,0.0,0.0,0.0,0.5,0.0,0.0,0.0
55,1,664,0.8983333,0.0,0.0,0.0,0.0,0.5,0.0,0.0,0.0,0.0,0.0,0.0,0.0,0.0,0.5,0.0,0.0,0.0
55,2,668,0.924,0.0,0.0,0.0,0.0,0.5,0.0,0.0,0.0,0.0,0.0,0.0,0.0,0.0,0.5,0.0,0.0,0.0
56,0,672,0.9496667,0.0,0.0,0.0,0.0,0.5,0.0,0.0,0.0,0.0,0.0,0.0,0.0,0.0,0.5,0.0,0.022,0.0
56,1,676,0.97533333,0.0,0.0,0.0,0.0,0.5,0.0,0.0,0.0,0.0,0.0,0.0,0.0,0.0,0.5,0.0,0.044,0.0
56,2,680,1.001,0.0,0.0,0.0,0.0,0.5,0.0,0.0,0.0,0.0,0.0,0.0,0.0,0.0,0.5,0.0,0.066,0.0
57,0,684,1.0266666,0.0,0.0,0.0,0.0,0.5,0.0,0.0,0.0,0.0,0.0,0.0,0.0,0.0,0.5,0.0,0.088,0.0
57,1,688,1.0523334,0.0,0.0,0.0,0.0,0.5,0.0,0.0,0.0,0.0,0.0,0.0,0.0,0.0,0.5,0.0,0.11,0.0
57,2,692,1.078,0.0,0.0,0.0,0.0,0.5,0.0,0.0,0.0,0.0,0.0,0.0,0.0,0.0,0.5,0.0,0.132,0.0
58,0,696,1.1036667,0.0,0.0,0.0,0.0,0.5,0.0,0.0,0.0,0.0,0.0,0.0,0.0,0.0,0.5,0.0,0.154,0.0
58,1,700,1.1293334,0.0,0.0,0.0,0.0,0.5,0.0,0.0,0.0,0.0,0.0,0.0,0.0,0.0,0.5,0.0,0.176,0.0
58,2,704,1.155,0.0,0.0,0.0,0.0,0.5,0.0,0.0,0.0,0.0,0.0,0.0,0.0,0.0,0.5,0.0,0.198,0.0
59,0,708,1.1806667,0.0,0.0,0.0,0.0,0.5,0.0,0.0,0.0,0.0,0.0,0.0,0.0,0.0,0.5,0.0,0.22,0.0
59,1,712,1.2,0.0,0.0,0.0,0.0,0.5,0.0,0.0,0.0,0.0,0.0,0.0,0.0,0.0,0.5,0.0,0.242,0.0
59,2,716,1.2,0.0,0.0,0.0,0.0,0.5,0.0,0.0,0.0,0.0,0.0,0.0,0.0,0.0,0.5,0.0,0.264,0.0
60,0,720,1.2,0.0,0.0,0.0,0.0,0.5,0.0,0.0,0.0,0.0,0.0,0.0,0.0,0.0,0.5,0.0,0.286,0.0
60,1,724,1.2,0.0,0.0,0.0,0.0,0.5,0.0,0.0,0.0,0.0,0.0,0.0,0.0,0.0,0.5,0.0,0.308,0.0
60,2,728,1.2,0.0,0.0,0.0,0.0,0.5,0.0,0.0,0.0,0.0,0.0,0.0,0.0,0.0,0.5,0.0,0.33,0.0
61,0,732,1.2,0.0,0.0,0.0,0.0,0.5,0.0,0.0,0.0,0.0,0.0,0.0,0.0,0.0,0.5,0.0,0.352,0.0
61,1,736,1.2,0.0,0.0,0.0,0.0,0.5,0.0,0.0,0.0,0.0,0.0,0.0,0.0,0.0,0.5,0.0,0.374,0.0
61,2,740,1.2,0.0,0.0,0.0,0.0,0.5,0.0,0.0,0.0,0.0,0.0,0.0,0.0,0.0,0.5,0.0,0.396,0.0
62,0,744,1.2,0.0,0.0,0.0,0.0,0.5,0.0,0.0,0.0,0.0,0.0,0.0,0.0,0.0,0.5,0.0,0.418,0.0
62,1,748,1.2,0.0,0.0,0.0,0.0,0.5,0.0,0.0,0.0,0.0,0.0,0.0,0.0,0.0,0.5,0.0,0.44,0.0
62,2,752,1.2,0.0,0.0,0.0,0.0,0.5,0.0,0.0,0.0,0.0,0.0,0.0,0.0,0.0,0.5,0.0,0.462,0.0
63,0,756,1.2,0.0,0.0,0.0,0.0,0.5,0.0,0.0,0.0,0.0,0.0,0.0,0.0,0.0,0.5,0.0,0.484,0.0
63,1,760,1.2,0.0,0.0,0.0,0.0,0.5,0.0,0.0,0.0,0.0,0.0,0.0,0.0,0.0,0.5,0.0,0.506,0.0
63,2,764,1.2,0.0,0.0,0.0,0.0,0.5,0.0,0.0,0.0,0.0,0.0,0.0,0.0,0.0,0.5,0.0,0.528,0.0
64,0,768,1.2,0.0,0.0,0.0,0.0,0.5,0.0,0.0,0.0,0.0,0.0,0.0,0.0,0.0,0.5,0.0,0.55,0.0
64,1,772,1.2,0.0,0.0,0.0,0.0,0.5,0.0,0.0,0.0,0.0,0.0,0.0,0.0,0.0,0.5,0.0,0.572,0.0
64,2,776,1.2,0.0,0.0,0.0,0.0,0.5,0.0,0.0,0.0,0.0,0.0,0.0,0.0,0.0,0.5,0.0,0.594,0.0
65,0,780,1.2,0.0,0.0,0.0,0.0,0.5,0.0,0.0,0.0,0.0,0.0,0.0,0.0,0.0,0.5,0.0,0.616,0.0
65,1,784,1.2,0.0,0.0,0.0,0.0,0.5,0.0,0.0,0.0,0.0,0.0,0.0,0.0,0.0,0.5,0.0,0.616,0.0
65,2,788,1.2,0.0,0.0,0.0,0.0,0.5,0.0,0.0,0.0,0.0,0.0,0.0,0.0,0.0,0.5,0.0,0.616,0.0
66,0,792,1.2,0.0,0.0,0.0,0.0,0.5,0.0,0.0,0.0,0.0,0.0,0.0,0.0,0.0,0.5,0.0,0.616,0.0
66,1,796,1.2,0.0,0.0,0.0,0.0,0.5,0.0,0.0,0.0,0.0,0.0,0.0,0.0,0.0,0.5,0.0,0.616,0.0
66,2,800,1.2,0.0,0.0,0.0,0.0,0.5,0.0,0.0,0.0,0.0,0.0,0.0,0.0,0.0,0.5,0.0,0.616,0.0
67,0,804,1.2,0.0,0.0,0.0,0.0,0.5,0.0,0.0,0.0,0.0,0.0,0.0,0.0,0.0,0.5,0.0,0.616,0.0
67,1,808,1.2,0.0,0.0,0.0,0.0,0.5,0.0,0.0,0.0,0.0,0.0,0.0,0.0,0.0,0.5,0.0,0.616,0.0
67,2,812,1.2,0.0,0.0,0.0,0.0,0.5,0.0,0.0,0.0,0.0,0.0,0.0,0.0,0.0,0.5,0.0,0.616,0.0
68,0,816,1.2,0.0,0.0,0.0,0.0,0.5,0.0,0.0,0.0,0.0,0.0,0.0,0.0,0.0,0.5,0.0,0.616,0.0
68,1,820,1.2,0.0,0.0,0.0,0.0,0.5,0.0,0.0,0.0,0.0,0.0,0.0,0.0,0.0,0.5,0.0,0.616,0.0
68,2,824,1.2,0.0,0.0,0.0,0.0,0.5,0.0,0.0,0.0,0.0,0.0,0.0,0.0,0.0,0.5,0.0,0.616,0.0
69,0,828,1.2,0.0,0.0,0.0,0.0,0.5,0.0,0.022,0.0,0.0,0.0,0.0,0.0,0.0,0.5,0.0,0.616,0.0
69,1,832,1.2,0.0,0.0,0.0,0.0,0.5,0.0,0.044,0.0,0.0,0.0,0.0,0.0,0.0,0.5,0.0,0.616,0.0
69,2,836,1.2,0.0,0.0,0.0,0.0,0.5,0.0,0.066,0.0,0.0,0.0,0.0,0.0,0.0,0.5,0.0,0.616,0.0
70,0,840,1.2,0.0,0.0,0.0,0.0,0.5,0.0,0.088,0.0,0.0,0.0,0.0,0.0,0.0,0.5,0.0,0.616,0.0
70,1,844,1.2,0.0,0.0,0.0,0.0,0.5,0.0,0.11,0.0,0.0,0.0,0.0,0.0,0.0,0.5,0.0,0.616,0.0
70,2,848,1.2,0.0,0.0,0.0,0.0,0.5,0.0,0.132,0.0,0.0,0.0,0.0,0.0,0.0,0.5,0.0,0.616,0.0
71,0,852,1.2,0.0,0.0,0.0,0.0,0.5,0.0,0.154,0.0,0.0,0.0,0.0,0.0,0.0,0.5,0.0,0.616,0.0
71,1,856,1.2,0.0,0.0,0.0,0.0,0.5,0.0,0.176,0.0,0.0,0.0,0.0,0.0,0.0,0.5,0.0,0.616,0.0
71,2,860,1.2,0.0,0.0,0.0,0.0,0.5,0.0,0.198,0.0,0.0,0.0,0.0,0.0,0.0,0.5,0.0,0.616,0.0
72,0,864,1.2,0.0,0.0,0.0,0.0,0.5,0.0,0.22,0.0,0.0,0.0,0.0,0.0,0.0,0.5,0.0,0.616,0.0
72,1,868,1.2,0.0,0.0,0.0,0.0,0.5,0.0,0.242,0.0,0.0,0.0,0.0,0.0,0.0,0.5,0.0,0.616,0.0
72,2,872,1.2,0.0,0.0,0.0,0.0,0.5,0.0,0.264,0.0,0.0,0.0,0.0,0.0,0.0,0.5,0.0,0.616,0.0
73,0,876,1.2,0.0,0.0,0.0,0.0,0.5,0.0,0.286,0.0,0.0,0.0,0.0,0.0,0.0,0.5,0.0,0.616,0.0
73,1,880,1.2,0.0,0.0,0.0,0.0,0.5,0.0,0.308,0.0,0.0,0.0,0.0,0.0,0.0,0.5,0.0,0.616,0.0
73,2,884,1.2,0.0,0.0,0.0,0.0,0.5,0.0,0.33,0.0,0.0,0.0,0.0,0.0,0.0,0.5,0.0,0.616,0.0
74,0,888,1.2,0.0,0.0,0.0,0.0,0.5,0.0,0.352,0.0,0.0,0.0,0.0,0.0,0.0,0.5,0.0,0.616,0.0
74,1,892,1.2,0.0,0.0,0.0,0.0,0.5,0.0,0.374,0.0,0.0,0.0,0.0,0.0,0.0,0.5,0.0,0.616,0.0
74,2,896,1.2,0.0,0.0,0.0,0.0,0.5,0.0,0.396,0.0,0.0,0.0,0.0,0.0,0.0,0.5,0.0,0.616,0.0
75,0,900,1.2,0.0,0.0,0.0,0.0,0.5,0.0,0.418,0.0,0.0,0.0,0.0,0.0,0.0,0.5,0.0,0.616,0.0
75,1,904,1.2,0.0,0.0,0.0,0.0,0.5,0.0,0.44,0.0,0.0,0.0,0.0,0.0,0.0,0.5,0.0,0.616,0.0
75,2,908,1.2,0.0,0.0,0.0,0.0,0.5,0.0,0.462,0.0,0.0,0.0,0.0,0.0,0.0,0.5,0.0,0.616,0.0
76,0,912,1.2,0.0,0.0,0.0,0.0,0.5,0.0,0.484,0.0,0.0,0.0,0.0,0.0,0.0,0.5,0.0,0.616,0.0
76,1,916,1.2,0.0,0.0,0.0,0.0,0.5,0.0,0.506,0.0,0.0,0.0,0.0,0.0,0.0,0.5,0.0,0.616,0.0
76,2,920,1.2,0.0,0.0,0.0,0.0,0.5,0.0,0.528,0.0,0.0,0.0,0.0,0.0,0.0,0.5,0.0,0.616,0.0
77,0,924,1.2,0.0,0.0,0.0,0.0,0.5,0.0,0.55,0.0,0.0,0.0,0.0,0.0,0.0,0.5,0.0,0.616,0.0
77,1,928,1.2,0.0,0.0,0.0,0.0,0.5,0.0,0.572,0.0,0.0,0.0,0.0,0.0,0.0,0.5,0.0,0.616,0.0
77,2,932,1.2,0.0,0.0,0.0,0.0,0.5,0.0,0.594,0.0,0.0,0.0,0.0,0.0,0.0,0.5,0.0,0.616,0.0
78,0,936,1.2,0.0,0.0,0.0,0.0,0.5,0.0,0.616,0.0,0.025666667,0.0,0.0,0.0,0.0,0.5,0.0,0.616,0.0
78,1,940,1.2,0.0,0.0,0.0,0.0,0.5,0.0,0.616,0.0,0.051333334,0.0,0.0,0.0,0.0,0.5,0.0,0.616,0.0
78,2,944,1.2,0.0,0.0,0.0,0.0,0.5,0.0,0.616,0.0,0.077,0.0,0.0,0.0,0.0,0.5,0.0,0.616,0.0
79,0,948,1.2,0.0,0.0,0.0,0.0,0.5,0.0,0.616,0.0,0.10266667,0.0,0.0,0.0,0.0,0.5,0.0,0.616,0.0
79,1,952,1.2,0.0,0.0,0.0,0.0,0.5,0.0,0.616,0.0,0.12833333,0.0,0.0,0.0,0.0,0.5,0.0,0.616,0.0
79,2,956,1.2,0.0,0.0,0.0,0.0,0.5,0.0,0.616,0.0,0.154,0.0,0.0,0.0,0.0,0.5,0.0,0.616,0.0
80,0,960,1.2,0.0,0.0,0.0,0.0,0.5,0.0,0.616,0.0,0.17966667,0.0,0.0,0.0,0.0,0.5,0.0,0.616,0.0
80,1,964,1.2,0.0,0.0,0.0,0.0,0.5,0.0,0.616,0.0,0.20533334,0.0,0.0,0.0,0.0,0.5,0.0,0.616,0.0
80,2,968,1.2,0.0,0.0,0.0,0.0,0.5,0.0,0.616,0.0,0.231,0.0,0.0,0.0,0.0,0.5,0.0,0.616,0.0
81,0,972,1.2,0.0,0.0,0.0,0.0,0.5,0.0,0.616,0.0,0.25666666,0.0,0.0,0.0,0.0,0.5,0.0,0.616,0.0
81,1,976,1.2,0.0,0.0,0.0,0.0,0.5,0.0,0.616,0.0,0.28233334,0.0,0.0,0.0,0.0,0.5,0.0,0.616,0.0
81,2,980,1.2,0.0,0.0,0.0,0.0,0.5,0.0,0.616,0.0,0.308,0.0,0.0,0.0,0.0,0.5,0.0,0.616,0.0
82,0,984,1.2,0.0,0.0,0.0,0.0,0.5,0.0,0.616,0.0,0.308,0.0,0.0,0.0,0.0,0.5,0.0,0.616,0.0
82,1,988,1.2,0.0,0.0,0.0,0.0,0.5,0.0,0.616,0.0,0.308,0.0,0.0,0.0,0.0,0.5,0.0,0.616,0.0
82,2,992,1.2,0.0,0.0,0.0,0.0,0.5,0.0,0.616,0.0,0.308,0.0,0.0,0.0,0.0,0.5,0.0,0.616,0.0
83,0,996,1.2,0.0,0.0,0.0,0.0,0.5,0.0,0.616,0.0,0.33366665,0.0,0.0,0.0,0.0,0.5,0.0,0.616,0.0
83,1,1000,1.2,0.0,0.0,0.0,0.0,0.5,0.0,0.616,0.0,0.35933334,0.0,0.0,0.0,0.0,0.5,0.0,0.616,0.0
83,2,1004,1.2,0.0,0.0,0.0,0.0,0.5,0.0,0.616,0.0,0.385,0.0,0.0,0.0,0.0,0.5,0.0,0.616,0.0
84,0,1008,1.2,0.0,0.0,0.0,0.0,0.5,0.0,0.616,0.0,0.41066667,0.0,0.0,0.0,0.0,0.5,0.0,0.616,0.0
84,1,1012,1.2,0.0,0.0,0.0,0.0,0.5,0.0,0.616,0.0,0.43633333,0.0,0.0,0.0,0.0,0.5,0.0,0.616,0.0
84,2,1016,1.2,0.0,0.0,0.0,0.0,0.5,0.0,0.616,0.0,0.462,0.0,0.0,0.0,0.0,0.5,0.0,0.616,0.0
85,0,1020,1.2,0.0,0.0,0.0,0.0,0.5,0.0,0.616,0.0,0.48766667,0.0,0.0,0.0,0.0,0.5,0.0,0.616,0.0
85,1,1024,1.2,0.0,0.0,0.0,0.0,0.5,0.0,0.616,0.0,0.5133333,0.0,0.0,0.0,0.0,0.5,0.0,0.616,0.0
85,2,1028,1.2,0.0,0.0,0.0,0.0,0.5,0.0,0.616,0.0,0.539,0.0,0.0,0.0,0.0,0.5,0.0,0.616,0.0
86,0,1032,1.2,0.0,0.0,0.0,0.0,0.5,0.0,0.616,0.0,0.5646667,0.0,0.0,0.0,0.0,0.5,0.0,0.616,0.0
86,1,1036,1.2,0.0,0.0,0.0,0.0,0.5,0.0,0.616,0.0,0.59033334,0.0,0.0,0.0,0.0,0.5,0.0,0.616,0.0
86,2,1040,1.2,0.0,0.0,0.0,0.0,0.5,0.0,0.616,0.0,0.616,0.0,0.0,0.0,0.0,0.5,0.0,0.616,0.0
87,0,1044,1.2,0.0,0.0,0.0,0.0,0.5,0.0,0.616,0.0,0.64166665,0.0,0.0,0.0,0.0,0.5,0.0,0.616,0.0
87,1,1048,1.2,0.0,0.0,0.0,0.0,0.5,0.0,0.616,0.0,0.6673333,0.0,0.0,0.0,0.0,0.5,0.0,0.616,0.0
87,2,1052,1.2,0.0,0.0,0.0,0.0,0.5,0.0,0.616,0.0,0.693,0.0,0.0,0.0,0.0,0.5,0.0,0.616,0.0
88,0,1056,1.2,0.0,0.0,0.0,0.0,0.5,0.0,0.616,0.0,0.693,0.0,0.0,0.0,0.0,0.5,0.0,0.616,0.0
88,1,1060,1.2,0.0,0.0,0.0,0.0,0.5,0.0,0.616,0.0,0.693,0.0,0.0,0.0,0.0,0.5,0.0,0.616,0.0
88,2,1064,1.2,0.0,0.0,0.0,0.0,0.5,0.0,0.616,0.0,0.693,0.0,0.0,0.0,0.0,0.5,0.0,0.616,0.0
89,0,1068,1.2,0.0,0.0,0.0,0.0,0.5,0.0,0.616,0.0,0.693,0.0,0.0,0.0,0.0,0.5,0.0,0.616,0.0
89,1,1072,1.2,0.0,0.0,0.0,0.0,0.5,0.0,0.616,0.0,0.693,0.0,0.0,0.0,0.0,0.5,0.0,0.616,0.0
89,2,1076,1.2,0.0,0.0,0.0,0.0,0.5,0.0,0.616,0.0,0.693,0.0,0.0,0.0,0.0,0.5,0.0,0.616,0.0
90,0,1080,1.2,0.0,0.0,0.0,0.0,0.5,0.0,0.616,0.0,0.693,0.0,0.0,0.0,0.0,0.5,0.0,0.616,0.0
90,1,1084,1.2,0.0,0.0,0.0,0.0,0.5,0.0,0.616,0.0,0.693,0.0,0.0,0.0,0.0,0.5,0.0,0.616,0.0
90,2,1088,1.2,0.0,0.0,0.0,0.0,0.5,0.0,0.616,0.0,0.693,0.0,0.0,0.0,0.0,0.5,0.0,0.616,0.0
91,0,1092,1.2,0.0,0.0,0.0,0.0,0.5,0.0,0.616,0.0,0.693,0.0,0.0,0.0,0.0,0.5,0.0,0.616,0.0
91,1,1096,1.2,0.0,0.0,0.0,0.0,0.5,0.0,0.616,0.0,0.693,0.0,0.0,0.0,0.0,0.5,0.0,0.616,0.0
91,2,1100,1.2,0.0,0.0,0.0,0.0,0.5,0.0,0.616,0.0,0.693,0.0,0.0,0.0,0.0,0.5,0.0,0.616,0.0
92,0,1104,1.2,0.0,0.0,0.0,0.0,0.5,0.0,0.616,0.0,0.693,0.0,0.0,0.0,0.0,0.5,0.0,0.616,0.0
92,1,1108,1.2,0.0,0.0,0.0,0.0,0.5,0.0,0.616,0.0,0.693,0.0,0.0,0.0,0.0,0.5,0.0,0.616,0.0
92,2,1112,1.2,0.0,0.0,0.0,0.0,0.5,0.0,0.616,0.0,0.693,0.0,0.0,0.0,0.0,0.5,0.0,0.616,0.0
93,0,1116,1.2,0.0,0.0,0.0,0.0,0.5,0.0,0.616,0.0,0.693,0.0,0.0,0.0,0.0,0.5,0.0,0.616,0.0
93,1,1120,1.2,0.0,0.0,0.0,0.0,0.5,0.0,0.616,0.0,0.693,0.0,0.0,0.0,0.0,0.5,0.0,0.616,0.0
93,2,1124,1.2,0.0,0.0,0.0,0.0,0.5,0.0,0.616,0.0,0.693,0.0,0.0,0.0,0.0,0.5,0.0,0.616,0.0
94,0,1128,1.2,0.0,0.0,0.0,0.0,0.5,0.0,0.616,0.0,0.693,0.0,0.0,0.0,0.0,0.5,0.0,0.616,0.0
94,1,1132,1.2,0.0,0.0,0.0,0.0,0.5,0.0,0.616,0.0,0.693,0.0,0.0,0.0,0.0,0.5,0.0,0.616,0.0
94,2,1136,1.2,0.0,0.0,0.0,0.0,0.5,0.0,0.616,0.0,0.693,0.0,0.0,0.0,0.0,0.5,0.0,0.616,0.0
95,0,1140,1.2,0.0,0.0,0.0,0.0,0.5,0.0,0.616,0.0,0.693,0.0,0.0,0.0,0.0,0.5,0.0,0.616,0.0
95,1,1144,1.2,0.0,0.0,0.0,0.0,0.5,0.0,0.616,0.0,0.693,0.0,0.0,0.0,0.0,0.5,0.0,0.616,0.0
95,2,1148,1.2,0.0,0.0,0.0,0.0,0.5,0.0,0.616,0.0,0.693,0.0,0.0,0.0,0.0,0.5,0.0,0.616,0.0
96,0,1152,1.2,0.0,0.0,0.0,0.0,0.5,0.0,0.616,0.0,0.693,0.0,0.0,0.0,0.0,0.5,0.0,0.616,0.0
96,1,1156,1.2,0.0,0.0,0.0,0.0,0.5,0.0,0.616,0.0,0.693,0.0,0.0,0.0,0.0,0.5,0.0,0.616,0.0
96,2,1160,1.2,0.0,0.0,0.0,0.0,0.5,0.0,0.616,0.0,0.693,0.0,0.0,0.0,0.0,0.5,0.0,0.616,0.0
97,0,1164,1.2,0.0,0.0,0.0,0.0,0.5,0.0,0.616,0.0,0.693,0.0,0.0,0.0,0.0,0.5,0.0,0.616,0.0
97,1,1168,1.2,0.0,0.0,0.0,0.0,0.5,0.0,0.616,0.0,0.693,0.0,0.0,0.0,0.0,0.5,0.0,0.616,0.0
97,2,1172,1.2,0.0,0.0,0.0,0.0,0.5,0.0,0.616,0.0,0.693,0.0,0.0,0.0,0.0,0.5,0.0,0.616,0.0
98,0,1176,1.2,0.0,0.0,0.0,0.0,0.5,0.0,0.616,0.0,0.693,0.0,0.0,0.0,0.0,0.5,0.0,0.616,0.0
98,1,1180,1.2,0.0,0.0,0.0,0.0,0.5,0.0,0.616,0.0,0.693,0.0,0.0,0.0,0.0,0.5,0.0,0.616,0.0
98,2,1184,1.2,0.0,0.0,0.0,0.0,0.5,0.0,0.616,0.0,0.693,0.0,0.0,0.0,0.0,0.5,0.0,0.616,0.0
99,0,1188,1.2,0.0,0.0,0.0,0.0,0.5,0.0,0.616,0.0,0.693,0.0,0.0,0.0,0.0,0.5,0.0,0.616,0.0
99,1,1192,1.2,0.0,0.0,0.0,0.0,0.5,0.0,0.616,0.0,0.693,0.0,0.0,0.0,0.0,0.5,0.0,0.616,0.0
99,2,1196,1.2,0.0,0.0,0.0,0.0,0.5,0.0,0.616,0.0,0.693,0.0,0.0,0.0,0.0,0.5,0.0,0.616,0.0
100,0,1200,1.2,0.0,0.0,0.0,0.0,0.5,0.0,0.616,0.0,0.693,0.0,0.0,0.0,0.0,0.5,0.0,0.616,0.0
100,1,1204,1.2,0.0,0.0,0.0,0.0,0.5,0.0,0.616,0.0,0.693,0.0,0.0,0.0,0.0,0.5,0.0,0.616,0.0
100,2,1208,1.2,0.0,0.0,0.0,0.0,0.5,0.0,0.616,0.0,0.693,0.0,0.0,0.0,0.0,0.5,0.0,0.616,0.0
101,0,1212,1.2,0.0,0.0,0.0,0.0,0.5,0.0,0.616,0.0,0.693,0.0,0.0,0.0,0.0,0.5,0.0,0.616,0.0
101,1,1216,1.2,0.0,0.0,0.0,0.0,0.5,0.0,0.616,0.0,0.693,0.0,0.0,0.0,0.0,0.5,0.0,0.616,0.0
101,2,1220,1.2,0.0,0.0,0.0,0.0,0.5,0.0,0.616,0.0,0.693,0.0,0.0,0.0,0.0,0.5,0.0,0.616,0.0
102,0,1224,1.2,0.0,0.0,0.0,0.0,0.5,0.0,0.616,0.0,0.693,0.0,0.0,0.0,0.0,0.5,0.0,0.616,0.0
102,1,1228,1.2,0.0,0.0,0.0,0.0,0.5,0.0,0.616,0.0,0.693,0.0,0.0,0.0,0.0,0.5,0.0,0.616,0.0
102,2,1232,1.2,0.0,0.0,0.0,0.0,0.5,0.0,0.616,0.0,0.693,0.0,0.0,0.0,0.0,0.5,0.0,0.616,0.0
103,0,1236,1.2,0.0,0.0,0.0,0.0,0.5,0.0,0.616,0.0,0.693,0.0,0.0,0.0,0.0,0.5,0.0,0.616,0.0
103,1,1240,1.2,0.0,0.0,0.0,0.0,0.5,0.0,0.616,0.0,0.693,0.0,0.0,0.0,0.0,0.5,0.0,0.616,0.0
103,2,1244,1.2,0.0,0.0,0.0,0.0,0.5,0.0,0.616,0.0,0.693,0.0,0.0,0.0,0.0,0.5,0.0,0.616,0.0
104,0,1248,1.2,0.0,0.0,0.0,0.0,0.5,0.0,0.616,0.0,0.693,0.0,0.0,0.0,0.0,0.5,0.0,0.616,0.0
104,1,1252,1.2,0.0,0.0,0.0,0.0,0.5,0.0,0.616,0.0,0.693,0.0,0.0,0.0,0.0,0.5,0.0,0.616,0.0
104,2,1256,1.2,0.0,0.0,0.0,0.0,0.5,0.0,0.616,0.0,0.693,0.0,0.0,0.0,0.0,0.5,0.0,0.616,0.0
105,0,1260,1.2,0.0,0.0,0.0,0.0,0.5,0.022,0.616,0.0,0.693,0.0,0.0,0.0,0.0,0.5,0.0,0.616,0.0
105,1,1264,1.2,0.0,0.0,0.0,0.0,0.5,0.044,0.616,0.0,0.693,0.0,0.0,0.0,0.0,0.5,0.0,0.616,0.0
105,2,1268,1.2,0.0,0.0,0.0,0.0,0.5,0.066,0.616,0.0,0.693,0.0,0.0,0.0,0.0,0.5,0.0,0.616,0.0
106,0,1272,1.2,0.0,0.0,0.0,0.0,0.5,0.088,0.616,0.0,0.693,0.0,0.0,0.0,0.0,0.5,0.0,0.616,0.0
106,1,1276,1.2,0.0,0.0,0.0,0.0,0.5,0.11,0.616,0.0,0.693,0.0,0.0,0.0,0.0,0.5,0.0,0.616,0.0
106,2,1280,1.2,0.0,0.0,0.0,0.0,0.5,0.132,0.616,0.0,0.693,0.0,0.0,0.0,0.0,0.5,0.0,0.616,0.0
107,0,1284,1.2,0.0,0.0,0.0,0.0,0.5,0.154,0.616,0.0,0.693,0.0,0.0,0.0,0.0,0.5,0.0,0.616,0.0
107,1,1288,1.2,0.0,0.0,0.0,0.0,0.5,0.176,0.616,0.0,0.693,0.0,0.0,0.0,0.0,0.5,0.0,0.616,0.0
107,2,1292,1.2,0.0,0.0,0.0,0.0,0.5,0.198,0.616,0.0,0.693,0.0,0.0,0.0,0.0,0.5,0.0,0.616,0.0
108,0,1296,1.2,0.0,0.0,0.0,0.0,0.5,0.22,0.616,0.0,0.693,0.0,0.0,0.0,0.0,0.5,0.0,0.616,0.0
108,1,1300,1.2,0.0,0.0,0.0,0.0,0.5,0.242,0.616,0.0,0.693,0.0,0.0,0.0,0.0,0.5,0.0,0.616,0.0
108,2,1304,1.2,0.0,0.0,0.0,0.0,0.5,0.264,0.616,0.0,0.693,0.0,0.0,0.0,0.0,0.5,0.0,0.616,0.0
109,0,1308,1.2,0.0,0.0,0.0,0.0,0.5,0.286,0.616,0.0,0.693,0.0,0.0,0.0,0.0,0.5,0.0,0.616,0.0
109,1,1312,1.2,0.0,0.0,0.0,0.0,0.5,0.308,0.616,0.0,0.693,0.0,0.0,0.0,0.0,0.5,0.0,0.616,0.0
109,2,1316,1.2,0.0,0.0,0.0,0.0,0.5,0.33,0.616,0.0,0.693,0.0,0.0,0.0,0.0,0.5,0.0,0.616,0.0
110,0,1320,1.2,0.0,0.0,0.0,0.0,0.5,0.352,0.616,0.0,0.693,0.0,0.0,0.0,0.0,0.5,0.0,0.616,0.0
110,1,1324,1.2,0.0,0.0,0.0,0.0,0.5,0.374,0.616,0.0,0.693,0.0,0.0,0.0,0.0,0.5,0.0,0.616,0.0
110,2,1328,1.2,0.0,0.0,0.0,0.0,0.5,0.396,0.616,0.0,0.693,0.0,0.0,0.0,0.0,0.5,0.0,0.616,0.0
111,0,1332,1.2,0.0,0.0,0.0,0.0,0.5,0.418,0.616,0.0,0.693,0.0,0.0,0.0,0.0,0.5,0.0,0.616,0.0
111,1,1336,1.2,0.0,0.0,0.0,0.0,0.5,0.44,0.616,0.0,0.693,0.0,0.0,0.0,0.0,0.5,0.0,0.616,0.0
111,2,1340,1.2,0.0,0.0,0.0,0.0,0.5,0.462,0.616,0.0,0.693,0.0,0.0,0.0,0.0,0.5,0.0,0.616,0.0
112,0,1344,1.2,0.0,0.0,0.0,0.0,0.5,0.44,0.616,0.0,0.693,0.0,0.0,0.0,0.0,0.5,0.0,0.616,0.0
112,1,1348,1.2,0.0,0.0,0.0,0.0,0.5,0.418,0.616,0.0,0.693,0.0,0.0,0.0,0.0,0.5,0.0,0.616,0.0
112,2,1352,1.2,0.0,0.0,0.0,0.0,0.5,0.396,0.616,0.0,0.693,0.0,0.0,0.0,0.0,0.5,0.0,0.616,0.0
113,0,1356,1.2,0.0,0.0,0.0,0.0,0.5,0.374,0.616,0.0,0.693,0.0,0.0,0.0,0.0,0.5,0.0,0.616,0.0
113,1,1360,1.2,0.0,0.0,0.0,0.0,0.5,0.352,0.616,0.0,0.693,0.0,0.0,0.0,0.0,0.5,0.0,0.616,0.0
113,2,1364,1.2,0.0,0.0,0.0,0.0,0.5,0.33,0.616,0.0,0.693,0.0,0.0,0.0,0.0,0.5,0.0,0.616,0.0
114,0,1368,1.2,0.0,0.0,0.0,0.0,0.5,0.308,0.616,0.0,0.693,0.0,0.0,0.0,0.0,0.5,0.0,0.616,0.0
114,1,1372,1.2,0.0,0.0,0.0,0.0,0.5,0.286,0.616,0.0,0.693,0.0,0.0,0.0,0.0,0.5,0.0,0.616,0.0
114,2,1376,1.2,0.0,0.0,0.0,0.0,0.5,0.264,0.616,0.0,0.693,0.0,0.0,0.0,0.0,0.5,0.0,0.616,0.0
115,0,1380,1.2,0.0,0.0,0.0,0.0,0.5,0.242,0.616,0.0,0.693,0.0,0.0,0.0,0.0,0.5,0.0,0.616,0.0
115,1,1384,1.2,0.0,0.0,0.0,0.0,0.5,0.22,0.616,0.0,0.693,0.0,0.0,0.0,0.0,0.5,0.0,0.616,0.0
115,2,1388,1.2,0.0,0.0,0.0,0.0,0.5,0.198,0.616,0.0,0.693,0.0,0.0,0.0,0.0,0.5,0.0,0.616,0.0
116,0,1392,1.2,0.0,0.0,0.0,0.0,0.5,0.176,0.616,0.0,0.693,0.0,0.0,0.0,0.0,0.5,0.0,0.616,0.0
116,1,1396,1.2,0.0,0.0,0.0,0.0,0.5,0.154,0.616,0.0,0.693,0.0,0.0,0.0,0.0,0.5,0.0,0.616,0.0
116,2,1400,1.2,0.0,0.0,0.0,0.0,0.5,0.132,0.616,0.0,0.693,0.0,0.0,0.0,0.0,0.5,0.0,0.616,0.0
117,0,1404,1.2,0.0,0.0,0.0,0.0,0.5,0.11,0.616,0.0,0.693,0.0,0.0,0.0,0.0,0.5,0.0,0.616,0.0
117,1,1408,1.2,0.0,0.0,0.0,0.0,0.5,0.088,0.616,0.0,0.693,0.0,0.0,0.0,0.0,0.5,0.0,0.616,0.0
117,2,1412,1.2,0.0,0.0,0.0,0.0,0.5,0.066,0.616,0.0,0.693,0.0,0.0,0.0,0.0,0.5,0.0,0.616,0.0
118,0,1416,1.2,0.0,0.0,0.0,0.0,0.5,0.044,0.616,0.0,0.693,0.0,0.0,0.0,0.0,0.5,0.0,0.616,0.0
118,1,1420,1.2,0.0,0.0,0.0,0.0,0.5,0.022,0.616,0.0,0.693,0.0,0.0,0.0,0.0,0.5,0.0,0.616,0.0
118,2,1424,1.2,0.0,0.0,0.0,0.0,0.5,0.0,0.616,0.0,0.693,0.0,0.0,0.0,0.0,0.5,0.0,0.616,0.0
119,0,1428,1.2,0.0,0.0,0.0,0.0,0.5,0.0,0.616,0.0,0.693,0.0,0.0,0.0,0.0,0.5,0.0,0.616,0.0
119,1,1432,1.2,0.0,0.0,0.0,0.0,0.5,0.0,0.616,0.0,0.693,0.0,0.0,0.0,0.0,0.5,0.0,0.616,0.0
119,2,1436,1.2,0.0,0.0,0.0,0.0,0.5,0.0,0.616,0.0,0.693,0.0,0.0,0.0,0.0,0.5,0.0,0.616,0.0
120,0,1440,1.2,0.0,0.0,0.0,0.0,0.5,0.022,0.616,0.0,0.693,0.0,0.0,0.0,0.0,0.5,0.0,0.616,0.0
120,1,1444,1.2,0.0,0.0,0.0,0.0,0.5,0.044,0.616,0.0,0.693,0.0,0.0,0.0,0.0,0.5,0.0,0.616,0.0
120,2,1448,1.2,0.0,0.0,0.0,0.0,0.5,0.066,0.616,0.0,0.693,0.0,0.0,0.0,0.0,0.5,0.0,0.616,0.0
121,0,1452,1.2,0.0,0.0,0.0,0.0,0.5,0.088,0.616,0.0,0.693,0.0,0.0,0.0,0.0,0.5,0.0,0.616,0.0
121,1,1456,1.2,0.0,0.0,0.0,0.0,0.5,0.11,0.616,0.0,0.693,0.0,0.0,0.0,0.0,0.5,0.0,0.616,0.0
121,2,1460,1.2,0.0,0.0,0.0,0.0,0.5,0.132,0.616,0.0,0.693,0.0,0.0,0.0,0.0,0.5,0.0,0.616,0.0
122,0,1464,1.2,0.0,0.0,0.0,0.0,0.5,0.154,0.616,0.0,0.693,0.0,0.0,0.0,0.0,0.5,0.0,0.616,0.0
122,1,1468,1.2,0.0,0.0,0.0,0.0,0.5,0.176,0.616,0.0,0.693,0.0,0.0,0.0,0.0,0.5,0.0,0.616,0.0
122,2,1472,1.2,0.0,0.0,0.0,0.0,0.5,0.198,0.616,0.0,0.693,0.0,0.0,0.0,0.0,0.5,0.0,0.616,0.0
123,0,1476,1.2,0.0,0.0,0.0,0.0,0.5,0.22,0.616,0.0,0.693,0.0,0.0,0.0,0.0,0.5,0.0,0.616,0.0
123,1,1480,1.2,0.0,0.0,0.0,0.0,0.5,0.242,0.616,0.0,0.693,0.0,0.0,0.0,0.0,0.5,0.0,0.616,0.0
123,2,1484,1.2,0.0,0.0,0.0,0.0,0.5,0.264,0.616,0.0,0.693,0.0,0.0,0.0,0.0,0.5,0.0,0.616,0.0
124,0,1488,1.2,0.0,0.0,0.0,0.0,0.5,0.286,0.616,0.0,0.693,0.0,0.0,0.0,0.0,0.5,0.0,0.616,0.0
124,1,1492,1.2,0.0,0.0,0.0,0.0,0.5,0.308,0.616,0.0,0.693,0.0,0.0,0.0,0.0,0.5,0.0,0.616,0.0
124,2,1496,1.2,0.0,0.0,0.0,0.0,0.5,0.33,0.616,0.0,0.693,0.0,0.0,0.0,0.0,0.5,0.0,0.616,0.0
125,0,1500,1.2,0.0,0.0,0.0,0.0,0.5,0.352,0.616,0.0,0.693,0.0,0.0,0.0,0.0,0.5,0.0,0.616,0.0
125,1,1504,1.2,0.0,0.0,0.0,0.0,0.5,0.374,0.616,0.0,0.693,0.0,0.0,0.0,0.0,0.5,0.0,0.616,0.0
125,2,1508,1.2,0.0,0.0,0.0,0.0,0.5,0.396,0.616,0.0,0.693,0.0,0.0,0.0,0.0,0.5,0.0,0.616,0.0
126,0,1512,1.2,0.0,0.0,0.0,0.0,0.5,0.418,0.594,0.0,0.693,0.0,0.0,0.0,0.0,0.5,0.0,0.616,0.0
126,1,1516,1.2,0.0,0.0,0.0,0.0,0.5,0.44,0.572,0.0,0.693,0.0,0.0,0.0,0.0,0.5,0.0,0.616,0.0
126,2,1520,1.2,0.0,0.0,0.0,0.0,0.5,0.462,0.55,0.0,0.693,0.0,0.0,0.0,0.0,0.5,0.0,0.616,0.0
127,0,1524,1.2,0.0,0.0,0.0,0.0,0.5,0.44,0.528,0.0,0.693,0.0,0.0,0.0,0.0,0.5,0.0,0.616,0.0
127,1,1528,1.2,0.0,0.0,0.0,0.0,0.5,0.418,0.506,0.0,0.693,0.0,0.0,0.0,0.0,0.5,0.0,0.616,0.0
127,2,1532,1.2,0.0,0.0,0.0,0.0,0.5,0.396,0.484,0.0,0.693,0.0,0.0,0.0,0.0,0.5,0.0,0.616,0.0
128,0,1536,1.2,0.0,0.0,0.0,0.0,0.5,0.374,0.506,0.0,0.693,0.0,0.0,0.0,0.0,0.5,0.0,0.616,0.0
128,1,1540,1.2,0.0,0.0,0.0,0.0,0.5,0.352,0.528,0.0,0.693,0.0,0.0,0.0,0.0,0.5,0.0,0.616,0.0
128,2,1544,1.2,0.0,0.0,0.0,0.0,0.5,0.33,0.55,0.0,0.693,0.0,0.0,0.0,0.0,0.5,0.0,0.616,0.0
129,0,1548,1.2,0.0,0.0,0.0,0.0,0.5,0.308,0.572,0.0,0.693,0.0,0.0,0.0,0.0,0.5,0.0,0.616,0.0
129,1,1552,1.2,0.0,0.0,0.0,0.0,0.5,0.286,0.594,0.0,0.693,0.0,0.0,0.0,0.0,0.5,0.0,0.616,0.0
129,2,1556,1.2,0.0,0.0,0.0,0.0,0.5,0.264,0.616,0.0,0.693,0.0,0.0,0.0,0.0,0.5,0.0,0.616,0.0
130,0,1560,1.2,0.0,0.0,0.0,0.0,0.5,0.242,0.616,0.0,0.693,0.0,0.0,0.0,0.0,0.5,0.0,0.616,0.0
130,1,1564,1.2,0.0,0.0,0.0,0.0,0.5,0.22,0.616,0.0,0.693,0.0,0.0,0.0,0.0,0.5,0.0,0.616,0.0
130,2,1568,1.2,0.0,0.0,0.0,0.0,0.5,0.198,0.616,0.0,0.693,0.0,0.0,0.0,0.0,0.5,0.0,0.616,0.0
131,0,1572,1.2,0.0,0.0,0.0,0.0,0.5,0.176,0.616,0.0,0.693,0.0,0.0,0.0,0.0,0.5,0.022,0.616,0.0
131,1,1576,1.2,0.0,0.0,0.0,0.0,0.5,0.154,0.616,0.0,0.693,0.0,0.0,0.0,0.0,0.5,0.044,0.616,0.0
131,2,1580,1.2,0.0,0.0,0.0,0.0,0.5,0.132,0.616,0.0,0.693,0.0,0.0,0.0,0.0,0.5,0.066,0.616,0.0
132,0,1584,1.2,0.0,0.0,0.0,0.0,0.5,0.11,0.616,0.0,0.693,0.0,0.0,0.0,0.0,0.5,0.088,0.616,0.0
132,1,1588,1.2,0.0,0.0,0.0,0.0,0.5,0.088,0.616,0.0,0.693,0.0,0.0,0.0,0.0,0.5,0.11,0.616,0.0
132,2,1592,1.2,0.0,0.0,0.0,0.0,0.5,0.066,0.616,0.0,0.693,0.0,0.0,0.0,0.0,0.5,0.132,0.616,0.0
133,0,1596,1.2,0.0,0.0,0.0,0.0,0.5,0.044,0.616,0.0,0.693,0.0,0.0,0.0,0.0,0.5,0.154,0.616,0.0
133,1,1600,1.2,0.0,0.0,0.0,0.0,0.5,0.022,0.616,0.0,0.693,0.0,0.0,0.0,0.0,0.5,0.176,0.616,0.0
133,2,1604,1.2,0.0,0.0,0.0,0.0,0.5,0.0,0.616,0.0,0.693,0.0,0.0,0.0,0.0,0.5,0.198,0.616,0.0
134,0,1608,1.2,0.0,0.0,0.0,0.0,0.5,0.0,0.616,0.0,0.693,0.0,0.0,0.0,0.0,0.5,0.22,0.616,0.0
134,1,1612,1.2,0.0,0.0,0.0,0.0,0.5,0.0,0.616,0.0,0.693,0.0,0.0,0.0,0.0,0.5,0.242,0.616,0.0
134,2,1616,1.2,0.0,0.0,0.0,0.0,0.5,0.0,0.616,0.0,0.693,0.0,0.0,0.0,0.0,0.5,0.264,0.616,0.0
135,0,1620,1.2,0.0,0.0,0.0,0.0,0.5,0.0,0.594,0.0,0.693,0.0,0.0,0.0,0.0,0.5,0.286,0.594,0.0
135,1,1624,1.2,0.0,0.0,0.0,0.0,0.5,0.0,0.572,0.0,0.693,0.0,0.0,0.0,0.0,0.5,0.308,0.572,0.0
135,2,1628,1.2,0.0,0.0,0.0,0.0,0.5,0.0,0.55,0.0,0.693,0.0,0.0,0.0,0.0,0.5,0.33,0.55,0.0
136,0,1632,1.2,0.0,0.0,0.0,0.0,0.5,0.0,0.528,0.0,0.693,0.0,0.0,0.0,0.0,0.5,0.352,0.528,0.0
136,1,1636,1.2,0.0,0.0,0.0,0.0,0.5,0.0,0.506,0.0,0.693,0.0,0.0,0.0,0.0,0.5,0.374,0.506,0.0
136,2,1640,1.2,0.0,0.0,0.0,0.0,0.5,0.0,0.484,0.0,0.693,0.0,0.0,0.0,0.0,0.5,0.396,0.484,0.0
137,0,1644,1.2,0.0,0.0,0.0,0.0,0.5,0.0,0.462,0.0,0.693,0.0,0.0,0.0,0.0,0.5,0.418,0.462,0.0
137,1,1648,1.2,0.0,0.0,0.0,0.0,0.5,0.0,0.44,0.0,0.693,0.0,0.0,0.0,0.0,0.5,0.44,0.44,0.0
137,2,1652,1.2,0.0,0.0,0.0,0.0,0.5,0.0,0.418,0.0,0.693,0.0,0.0,0.0,0.0,0.5,0.462,0.418,0.0
138,0,1656,1.2,0.0,0.0,0.0,0.0,0.5,0.0,0.396,0.0,0.693,0.0,0.0,0.0,0.0,0.5,0.484,0.396,0.0
138,1,1660,1.2,0.0,0.0,0.0,0.0,0.5,0.0,0.374,0.0,0.693,0.0,0.0,0.0,0.0,0.5,0.506,0.374,0.0
138,2,1664,1.2,0.0,0.0,0.0,0.0,0.5,0.0,0.352,0.0,0.693,0.0,0.0,0.0,0.0,0.5,0.528,0.352,0.0
139,0,1668,1.2,0.0,0.0,0.0,0.0,0.5,0.022,0.33,0.0,0.693,0.0,0.0,0.0,0.0,0.5,0.55,0.33,0.0
139,1,1672,1.2,0.0,0.0,0.0,0.0,0.5,0.044,0.308,0.0,0.693,0.0,0.0,0.0,0.0,0.5,0.572,0.308,0.0
139,2,1676,1.2,0.0,0.0,0.0,0.0,0.5,0.066,0.286,0.0,0.693,0.0,0.0,0.0,0.0,0.5,0.594,0.286,0.0
140,0,1680,1.2,0.0,0.0,0.0,0.0,0.5,0.088,0.264,0.0,0.693,0.0,0.0,0.0,0.0,0.5,0.616,0.264,0.0
140,1,1684,1.2,0.0,0.0,0.0,0.0,0.5,0.11,0.242,0.0,0.693,0.0,0.0,0.0,0.0,0.5,0.616,0.242,0.0
140,2,1688,1.2,0.0,0.0,0.0,0.0,0.5,0.132,0.22,0.0,0.693,0.0,0.0,0.0,0.0,0.5,0.616,0.22,0.0
141,0,1692,1.2,0.0,0.0,0.0,0.0,0.5,0.154,0.198,0.0,0.693,0.0,0.0,0.0,0.0,0.5,0.616,0.242,0.0
141,1,1696,1.2,0.0,0.0,0.0,0.0,0.5,0.176,0.176,0.0,0.693,0.0,0.0,0.0,0.0,0.5,0.616,0.264,0.0
141,2,1700,1.2,0.0,0.0,0.0,0.0,0.5,0.198,0.154,0.0,0.693,0.0,0.0,0.0,0.0,0.5,0.616,0.286,0.0
142,0,1704,1.2,0.0,0.0,0.0,0.0,0.5,0.22,0.132,0.0,0.693,0.0,0.0,0.0,0.0,0.5,0.616,0.308,0.0
142,1,1708,1.2,0.0,0.0,0.0,0.0,0.5,0.242,0.11,0.0,0.693,0.0,0.0,0.0,0.0,0.5,0.616,0.33,0.0
142,2,1712,1.2,0.0,0.0,0.0,0.0,0.5,0.264,0.088,0.0,0.693,0.0,0.0,0.0,0.0,0.5,0.616,0.352,0.0
143,0,1716,1.2,0.0,0.0,0.0,0.0,0.5,0.286,0.066,0.0,0.693,0.0,0.0,0.0,0.0,0.5,0.616,0.374,0.0
143,1,1720,1.2,0.0,0.0,0.0,0.0,0.5,0.308,0.044,0.0,0.693,0.0,0.0,0.0,0.0,0.5,0.616,0.396,0.0
143,2,1724,1.2,0.0,0.0,0.0,0.0,0.5,0.33,0.022,0.0,0.693,0.0,0.0,0.0,0.0,0.5,0.616,0.418,0.0
144,0,1728,1.2,0.0,0.0,0.0,0.0,0.5,0.352,-2.9837244e-16,0.0,0.693,0.0,0.0,0.0,0.0,0.5,0.616,0.44,0.0
144,1,1732,1.2,0.0,0.0,0.0,0.0,0.5,0.374,-0.022,0.0,0.693,0.0,0.0,0.0,0.0,0.5,0.616,0.462,0.0
144,2,1736,1.2,0.0,0.0,0.0,0.0,0.5,0.396,-0.044,0.0,0.693,0.0,0.0,0.0,0.0,0.5,0.616,0.484,0.0
145,0,1740,1.2,0.0,0.0,0.0,0.0,0.5,0.418,-0.066,0.0,0.693,0.0,0.0,0.0,0.0,0.5,0.616,0.506,0.0
145,1,1744,1.2,0.0,0.0,0.0,0.0,0.5,0.44,-0.088,0.0,0.693,0.0,0.0,0.0,0.0,0.5,0.616,0.528,0.0
145,2,1748,1.2,0.0,0.0,0.0,0.0,0.5,0.462,-0.11,0.0,0.693,0.0,0.0,0.0,0.0,0.5,0.616,0.55,0.0
146,0,1752,1.2,0.0,0.0,0.0,0.0,0.5,0.484,-0.132,0.0,0.693,0.0,0.0,0.0,0.0,0.5,0.616,0.572,0.0
146,1,1756,1.2,0.0,0.0,0.0,0.0,0.5,0.506,-0.154,0.0,0.693,0.0,0.0,0.0,0.0,0.5,0.616,0.594,0.0
146,2,1760,1.2,0.0,0.0,0.0,0.0,0.5,0.528,-0.176,0.0,0.693,0.0,0.0,0.0,0.0,0.5,0.616,0.616,0.0
147,0,1764,1.2,0.0,0.0,0.0,0.0,0.5,0.55,-0.198,0.0,0.693,0.0,0.0,0.0,0.0,0.5,0.616,0.616,0.0
147,1,1768,1.2,0.0,0.0,0.0,0.0,0.5,0.572,-0.22,0.0,0.693,0.0,0.0,0.0,0.0,0.5,0.616,0.616,0.0
147,2,1772,1.2,0.0,0.0,0.0,0.0,0.5,0.594,-0.242,0.0,0.693,0.0,0.0,0.0,0.0,0.5,0.616,0.616,0.0
148,0,1776,1.2,0.0,0.0,0.0,0.0,0.5,0.616,-0.264,0.0,0.693,0.0,0.0,0.0,0.0,0.5,0.616,0.616,0.0
148,1,1780,1.2,0.0,0.0,0.0,0.0,0.5,0.616,-0.286,0.0,0.693,0.0,0.0,0.0,0.0,0.5,0.616,0.616,0.0
148,2,1784,1.2,0.0,0.0,0.0,0.0,0.5,0.616,-0.308,0.0,0.693,0.0,0.0,0.0,0.0,0.5,0.616,0.616,0.0
149,0,1788,1.2,0.0,0.0,0.0,0.0,0.5,0.594,-0.33,0.0,0.693,0.0,0.0,0.0,0.0,0.5,0.616,0.616,0.0
149,1,1792,1.2,0.0,0.0,0.0,0.0,0.5,0.572,-0.352,0.0,0.693,0.0,0.0,0.0,0.0,0.5,0.616,0.616,0.0
149,2,1796,1.2,0.0,0.0,0.0,0.0,0.5,0.55,-0.374,0.0,0.693,0.0,0.0,0.0,0.0,0.5,0.616,0.616,0.0
150,0,1800,1.2,0.0,0.0,0.0,0.0,0.5,0.528,-0.396,0.0,0.693,0.0,0.0,0.0,0.0,0.5,0.616,0.616,0.0
150,1,1804,1.2,0.0,0.0,0.0,0.0,0.5,0.506,-0.418,0.0,0.693,0.0,0.0,0.0,0.0,0.5,0.616,0.616,0.0
150,2,1808,1.2,0.0,0.0,0.0,0.0,0.5,0.484,-0.44,0.0,0.693,0.0,0.0,0.0,0.0,0.5,0.616,0.616,0.0
151,0,1812,1.2,0.0,0.0,0.0,0.0,0.5,0.462,-0.462,0.0,0.693,0.0,0.0,0.0,0.0,0.5,0.616,0.616,0.0
151,1,1816,1.2,0.0,0.0,0.0,0.0,0.5,0.44,-0.484,0.0,0.693,0.0,0.0,0.0,0.0,0.5,0.616,0.616,0.0
151,2,1820,1.2,0.0,0.0,0.0,0.0,0.5,0.418,-0.506,0.0,0.693,0.0,0.0,0.0,0.0,0.5,0.616,0.616,0.0
152,0,1824,1.2,0.0,0.0,0.0,0.0,0.5,0.396,-0.528,0.0,0.693,0.0,0.0,0.0,0.0,0.5,0.616,0.616,0.0
152,1,1828,1.2,0.0,0.0,0.0,0.0,0.5,0.374,-0.55,0.0,0.693,0.0,0.0,0.0,0.0,0.5,0.616,0.616,0.0
152,2,1832,1.2,0.0,0.0,0.0,0.0,0.5,0.352,-0.572,0.0,0.693,0.0,0.0,0.0,0.0,0.5,0.616,0.616,0.0
153,0,1836,1.2,0.0,0.0,0.0,0.0,0.5,0.33,-0.594,0.0,0.693,0.0,0.0,0.0,0.0,0.5,0.616,0.616,0.0
153,1,1840,1.2,0.0,0.0,0.0,0.0,0.5,0.308,-0.616,0.0,0.693,0.0,0.0,0.0,0.0,0.5,0.616,0.616,0.0
153,2,1844,1.2,0.0,0.0,0.0,0.0,0.5,0.286,-0.616,0.0,0.693,0.0,0.0,0.0,0.0,0.5,0.616,0.616,0.0
154,0,1848,1.2,0.0,0.0,0.0,0.0,0.5,0.264,-0.594,0.0,0.693,0.0,0.0,0.0,0.0,0.5,0.616,0.616,0.0
154,1,1852,1.2,0.0,0.0,0.0,0.0,0.5,0.242,-0.572,0.0,0.693,0.0,0.0,0.0,0.0,0.5,0.616,0.616,0.0
154,2,1856,1.2,0.0,0.0,0.0,0.0,0.5,0.22,-0.55,0.0,0.693,0.0,0.0,0.0,0.0,0.5,0.616,0.616,0.0
155,0,1860,1.2,0.0,0.0,0.0,0.0,0.5,0.198,-0.528,0.0,0.693,0.0,0.0,0.0,0.0,0.5,0.616,0.616,0.0
155,1,1864,1.2,0.0,0.0,0.0,0.0,0.5,0.176,-0.506,0.0,0.693,0.0,0.0,0.0,0.0,0.5,0.616,0.616,0.0
155,2,1868,1.2,0.0,0.0,0.0,0.0,0.5,0.154,-0.484,0.0,0.693,0.0,0.0,0.0,0.0,0.5,0.616,0.616,0.0
156,0,1872,1.2,0.0,0.0,0.0,0.0,0.5,0.132,-0.462,0.0,0.693,0.0,0.0,0.0,0.0,0.5,0.616,0.616,0.0
156,1,1876,1.2,0.0,0.0,0.0,0.0,0.5,0.11,-0.44,0.0,0.693,0.0,0.0,0.0,0.0,0.5,0.616,0.616,0.0
156,2,1880,1.2,0.0,0.0,0.0,0.0,0.5,0.088,-0.418,0.0,0.693,0.0,0.0,0.0,0.0,0.5,0.616,0.616,0.0
157,0,1884,1.2,0.0,0.0,0.0,0.0,0.5,0.066,-0.396,0.0,0.693,0.0,0.0,0.0,0.0,0.5,0.616,0.594,0.0
157,1,1888,1.2,0.0,0.0,0.0,0.0,0.5,0.044,-0.374,0.0,0.693,0.0,0.0,0.0,0.0,0.5,0.616,0.572,0.0
157,2,1892,1.2,0.0,0.0,0.0,0.0,0.5,0.022,-0.352,0.0,0.693,0.0,0.0,0.0,0.0,0.5,0.616,0.55,0.0
158,0,1896,1.2,0.0,0.0,0.0,0.0,0.5,0.0,-0.33,0.0,0.693,0.0,0.0,0.0,0.0,0.5,0.616,0.528,0.0
158,1,1900,1.2,0.0,0.0,0.0,0.0,0.5,0.0,-0.308,0.0,0.693,0.0,0.0,0.0,0.0,0.5,0.616,0.506,0.0
158,2,1904,1.2,0.0,0.0,0.0,0.0,0.5,0.0,-0.286,0.0,0.693,0.0,0.0,0.0,0.0,0.5,0.616,0.484,0.0
159,0,1908,1.2,0.0,0.0,0.0,0.0,0.5,-0.022,-0.264,0.0,0.693,0.0,0.0,0.0,0.0,0.5,0.594,0.462,-0.07333333
159,1,1912,1.2,0.0,0.0,0.0,0.0,0.5,-0.044,-0.242,0.0,0.693,0.0,0.0,0.0,0.0,0.5,0.572,0.44,-0.14666666
159,2,1916,1.2,0.0,0.0,0.0,0.0,0.5,-0.066,-0.22,0.0,0.693,0.0,0.0,0.0,0.0,0.5,0.55,0.418,-0.22
160,0,1920,1.2,0.0,0.0,0.0,0.0,0.5,-0.088,-0.198,0.0,0.693,0.0,0.0,0.0,0.0,0.5,0.528,0.396,-0.29333332
160,1,1924,1.2,0.0,0.0,0.0,0.0,0.5,-0.11,-0.176,0.0,0.693,0.0,0.0,0.0,0.0,0.5,0.506,0.374,-0.36666667
160,2,1928,1.2,0.0,0.0,0.0,0.0,0.5,-0.132,-0.154,0.0,0.693,0.0,0.0,0.0,0.0,0.5,0.484,0.352,-0.44
161,0,1932,1.2,0.0,0.0,0.0,0.0,0.5,-0.11,-0.176,0.0,0.693,0.0,0.0,0.0,0.0,0.5,0.462,0.33,-0.5133333
161,1,1936,1.2,0.0,0.0,0.0,0.0,0.5,-0.088,-0.198,0.0,0.693,0.0,0.0,0.0,0.0,0.5,0.44,0.308,-0.58666664
161,2,1940,1.2,0.0,0.0,0.0,0.0,0.5,-0.066,-0.22,0.0,0.693,0.0,0.0,0.0,0.0,0.5,0.418,0.286,-0.66
162,0,1944,1.2,0.0,0.0,0.0,0.0,0.5,-0.088,-0.198,0.0,0.693,0.0,0.0,0.0,0.0,0.5,0.396,0.264,-0.73333335
162,1,1948,1.2,0.0,0.0,0.0,0.0,0.5,-0.11,-0.176,0.0,0.693,0.0,0.0,0.0,0.0,0.5,0.374,0.242,-0.8066667
162,2,1952,1.2,0.0,0.0,0.0,0.0,0.5,-0.132,-0.154,0.0,0.693,0.0,0.0,0.0,0.0,0.5,0.352,0.22,-0.88
163,0,1956,1.2,0.0,0.0,0.0,0.0,0.5,-0.154,-0.132,0.0,0.693,0.0,0.0,0.0,0.0,0.5,0.33,0.198,-0.9533333
163,1,1960,1.2,0.0,0.0,0.0,0.0,0.5,-0.176,-0.11,0.0,0.693,0.0,0.0,0.0,0.0,0.5,0.308,0.176,-1.0266666
163,2,1964,1.2,0.0,0.0,0.0,0.0,0.5,-0.198,-0.088,0.0,0.693,0.0,0.0,0.0,0.0,0.5,0.286,0.154,-1.1
164,0,1968,1.2,0.0,0.0,0.0,0.0,0.5,-0.176,-0.066,0.0,0.693,0.0,0.0,0.0,0.0,0.5,0.264,0.132,-1.1733333
164,1,1972,1.2,0.0,0.0,0.0,0.0,0.5,-0.154,-0.044,0.0,0.693,0.0,0.0,0.0,0.0,0.5,0.242,0.11,-1.2466667
164,2,1976,1.2,0.0,0.0,0.0,0.0,0.5,-0.132,-0.022,0.0,0.693,0.0,0.0,0.0,0.0,0.5,0.22,0.088,-1.32
165,0,1980,1.2,0.0,0.0,0.0,0.0,0.5,-0.154,0.0,0.0,0.693,0.0,0.0,0.0,0.0,0.5,0.198,0.066,-1.3933333
165,1,1984,1.2,0.0,0.0,0.0,0.0,0.5,-0.176,0.0,0.0,0.693,0.0,0.0,0.0,0.0,0.5,0.176,0.044,-1.4666667
165,2,1988,1.2,0.0,0.0,0.0,0.0,0.5,-0.198,0.0,0.0,0.693,0.0,0.0,0.0,0.0,0.5,0.154,0.022,-1.54
166,0,1992,1.2,0.0,0.0,0.0,0.0,0.5,-0.176,0.0,0.0,0.693,0.0,0.0,0.0,0.0,0.5,0.132,0.0,-1.6133333
166,1,1996,1.2,0.0,0.0,0.0,0.0,0.5,-0.154,0.0,0.0,0.693,0.0,0.0,0.0,0.0,0.5,0.11,0.0,-1.6866666
166,2,2000,1.2,0.0,0.0,0.0,0.0,0.5,-0.132,0.0,0.0,0.693,0.0,0.0,0.0,0.0,0.5,0.088,0.0,-1.76
167,0,2004,1.2,0.0,0.0,0.0,0.0,0.5,-0.11,0.0,0.07333333,0.693,0.0,0.0,0.0,0.0,0.5,0.066,0.0,-1.8333334
167,1,2008,1.2,0.0,0.0,0.0,0.0,0.5,-0.088,0.0,0.14666666,0.693,0.0,0.0,0.0,0.0,0.5,0.044,0.0,-1.9066666
167,2,2012,1.2,0.0,0.0,0.0,0.0,0.5,-0.066,0.0,0.22,0.693,0.0,0.0,0.0,0.0,0.5,0.022,0.0,-1.98
168,0,2016,1.2,0.0,0.0,0.0,0.0,0.5,-0.044,0.0,0.29333332,0.693,0.0,0.0,0.0,0.0,0.5,0.0,0.0,-2.0533333
168,1,2020,1.2,0.0,0.0,0.0,0.0,0.5,-0.022,0.0,0.36666667,0.693,0.0,0.0,0.0,0.0,0.5,0.0,0.0,-2.1266668
168,2,2024,1.2,0.0,0.0,0.0,0.0,0.5,0.0,0.0,0.44,0.693,0.0,0.0,0.0,0.0,0.5,0.0,0.0,-2.2
169,0,2028,1.2,0.0,0.0,0.0,0.0,0.5,0.0,0.0,0.5133333,0.693,0.0,0.0,0.0,0.0,0.5,0.0,0.0,-2.2733333
169,1,2032,1.2,0.0,0.0,0.0,0.0,0.5,0.0,0.0,0.58666664,0.693,0.0,0.0,0.0,0.0,0.5,0.0,0.0,-2.3466666
169,2,2036,1.2,0.0,0.0,0.0,0.0,0.5,0.0,0.0,0.66,0.693,0.0,0.0,0.0,0.0,0.5,0.0,0.0,-2.42
170,0,2040,1.2,0.0,0.0,0.0,0.0,0.5,0.0,0.0,0.73333335,0.693,0.0,0.0,0.0,0.0,0.5,0.0,0.0,-2.4933333
170,1,2044,1.2,0.0,0.0,0.0,0.0,0.5,0.0,0.0,0.8066667,0.693,0.0,0.0,0.0,0.0,0.5,0.0,0.0,-2.5666666
170,2,2048,1.2,0.0,0.0,0.0,0.0,0.5,0.0,0.0,0.88,0.693,0.0,0.0,0.0,0.0,0.5,0.0,0.0,-2.64
171,0,2052,1.2,0.0,0.0,0.0,0.0,0.5,0.0,0.0,0.9533333,0.693,0.0,0.0,0.0,0.0,0.5,0.0,0.0,-2.5666666
171,1,2056,1.2,0.0,0.0,0.0,0.0,0.5,0.0,0.0,1.0266666,0.693,0.0,0.0,0.0,0.0,0.5,0.0,0.0,-2.4933333
171,2,2060,1.2,0.0,0.0,0.0,0.0,0.5,0.0,0.0,1.1,0.693,0.0,0.0,0.0,0.0,0.5,0.0,0.0,-2.42
172,0,2064,1.2,0.0,0.0,0.0,0.0,0.5,0.0,0.0,1.1733333,0.693,0.0,0.0,0.0,0.0,0.5,0.0,0.0,-2.3466666
172,1,2068,1.2,0.0,0.0,0.0,0.0,0.5,0.0,0.0,1.2466667,0.693,0.0,0.0,0.0,0.0,0.5,0.0,0.0,-2.2733333
172,2,2072,1.2,0.0,0.0,0.0,0.0,0.5,0.0,0.0,1.32,0.693,0.0,0.0,0.0,0.0,0.5,0.0,0.0,-2.2
173,0,2076,1.2,0.0,0.0,0.0,0.0,0.5,0.0,0.0,1.2466667,0.693,0.0,0.0,0.0,0.0,0.5,0.0,0.0,-2.1266668
173,1,2080,1.2,0.0,0.0,0.0,0.0,0.5,0.0,0.0,1.1733333,0.693,0.0,0.0,0.0,0.0,0.5,0.0,0.0,-2.0533333
173,2,2084,1.2,0.0,0.0,0.0,0.0,0.5,0.0,0.0,1.1,0.693,0.0,0.0,0.0,0.0,0.5,0.0,0.0,-1.98
174,0,2088,1.2,0.0,0.0,0.0,0.0,0.5,0.0,0.0,1.0266666,0.693,0.0,0.0,0.0,0.0,0.5,0.0,0.0,-1.9066666
174,1,2092,1.2,0.0,0.0,0.0,0.0,0.5,0.0,0.0,0.9533333,0.693,0.0,0.0,0.0,0.0,0.5,0.0,0.0,-1.8333334
174,2,2096,1.2,0.0,0.0,0.0,0.0,0.5,0.0,0.0,0.88,0.693,0.0,0.0,0.0,0.0,0.5,0.0,0.0,-1.76
175,0,2100,1.2,0.0,0.0,0.0,0.0,0.5,0.0,0.0,0.9533333,0.693,0.0,0.0,0.0,0.0,0.5,0.0,0.0,-1.6866666
175,1,2104,1.2,0.0,0.0,0.0,0.0,0.5,0.0,0.0,1.0266666,0.693,0.0,0.0,0.0,0.0,0.5,0.0,0.0,-1.6133333
175,2,2108,1.2,0.0,0.0,0.0,0.0,0.5,0.0,0.0,1.1,0.693,0.0,0.0,0.0,0.0,0.5,0.0,0.0,-1.54
176,0,2112,1.2,0.0,0.0,0.0,0.0,0.5,0.0,0.0,1.1733333,0.693,0.0,0.0,0.0,0.0,0.5,0.0,0.0,-1.4666667
176,1,2116,1.2,0.0,0.0,0.0,0.0,0.5,0.0,0.0,1.2466667,0.693,0.0,0.0,0.0,0.0,0.5,0.0,0.0,-1.3933333
176,2,2120,1.2,0.0,0.0,0.0,0.0,0.5,0.0,0.0,1.32,0.693,0.0,0.0,0.0,0.0,0.5,0.0,0.0,-1.32
177,0,2124,1.2,0.0,0.0,0.0,0.0,0.5,0.0,0.0,1.3933333,0.693,0.0,0.0,0.0,0.0,0.5,0.0,0.0,-1.2466667
177,1,2128,1.2,0.0,0.0,0.0,0.0,0.5,0.0,0.0,1.4666667,0.693,0.0,0.0,0.0,0.0,0.5,0.0,0.0,-1.1733333
177,2,2132,1.2,0.0,0.0,0.0,0.0,0.5,0.0,0.0,1.54,0.693,0.0,0.0,0.0,0.0,0.5,0.0,0.0,-1.1
178,0,2136,1.2,0.0,0.0,0.0,0.0,0.5,0.0,0.0,1.6133333,0.693,0.0,0.0,0.0,0.0,0.5,0.0,0.0,-1.0266666
178,1,2140,1.2,0.0,0.0,0.0,0.0,0.5,0.0,0.0,1.6866666,0.693,0.0,0.0,0.0,0.0,0.5,0.0,0.0,-0.9533333
178,2,2144,1.2,0.0,0.0,0.0,0.0,0.5,0.0,0.0,1.76,0.693,0.0,0.0,0.0,0.0,0.5,0.0,0.0,-0.88
179,0,2148,1.2,0.0,0.0,0.0,0.0,0.5,0.0,0.0,1.6866666,0.693,0.0,0.0,0.0,0.0,0.5,0.0,0.0,-0.8066667
179,1,2152,1.2,0.0,0.0,0.0,0.0,0.5,0.0,0.0,1.6133333,0.693,0.0,0.0,0.0,0.0,0.5,0.0,0.0,-0.73333335
179,2,2156,1.2,0.0,0.0,0.0,0.0,0.5,0.0,0.0,1.54,0.693,0.0,0.0,0.0,0.0,0.5,0.0,0.0,-0.66
180,0,2160,1.2,0.0,0.0,0.0,0.0,0.5,0.0,0.0,1.4666667,0.693,0.0,0.0,0.0,0.0,0.5,0.0,0.0,-0.58666664
180,1,2164,1.2,0.0,0.0,0.0,0.0,0.5,0.0,0.0,1.3933333,0.693,0.0,0.0,0.0,0.0,0.5,0.0,0.0,-0.5133333
180,2,2168,1.2,0.0,0.0,0.0,0.0,0.5,0.0,0.0,1.32,0.693,0.0,0.0,0.0,0.0,0.5,0.0,0.0,-0.44
181,0,2172,1.2,0.0,0.0,0.0,0.0,0.5,0.0,0.0,1.2466667,0.693,0.0,0.0,0.0,0.0,0.5,0.0,0.0,-0.36666667
181,1,2176,1.2,0.0,0.0,0.0,0.0,0.5,0.0,0.0,1.1733333,0.693,0.0,0.0,0.0,0.0,0.5,0.0,0.0,-0.29333332
181,2,2180,1.2,0.0,0.0,0.0,0.0,0.5,0.0,0.0,1.1,0.693,0.0,0.0,0.0,0.0,0.5,0.0,0.0,-0.22
182,0,2184,1.2,0.0,0.0,0.0,0.0,0.5,0.0,0.0,1.0266666,0.693,0.0,0.0,0.0,0.0,0.5,0.0,0.0,-0.14666666
182,1,2188,1.2,0.0,0.0,0.0,0.0,0.5,0.0,0.0,0.9533333,0.693,0.0,0.0,0.0,0.0,0.5,0.0,0.0,-0.07333333
182,2,2192,1.2,0.0,0.0,0.0,0.0,0.5,0.0,0.0,0.88,0.693,0.0,0.0,0.0,0.0,0.5,0.0,0.0,0.0
183,0,2196,1.2,0.0,0.0,0.0,0.0,0.5,0.0,0.0,0.8066667,0.693,0.0,0.0,0.0,0.0,0.5,0.0,0.0,-0.07333333
183,1,2200,1.2,0.0,0.0,0.0,0.0,0.5,0.0,0.0,0.73333335,0.693,0.0,0.0,0.0,0.0,0.5,0.0,0.0,-0.14666666
183,2,2204,1.2,0.0,0.0,0.0,0.0,0.5,0.0,0.0,0.66,0.693,0.0,0.0,0.0,0.0,0.5,0.0,0.0,-0.22
184,0,2208,1.2,0.0,0.0,0.0,0.0,0.5,0.0,0.0,0.58666664,0.693,0.0,0.0,0.0,0.0,0.5,0.0,0.0,-0.29333332
184,1,2212,1.2,0.0,0.0,0.0,0.0,0.5,0.0,0.0,0.5133333,0.693,0.0,0.0,0.0,0.0,0.5,0.0,0.0,-0.36666667
184,2,2216,1.2,0.0,0.0,0.0,0.0,0.5,0.0,0.0,0.44,0.693,0.0,0.0,0.0,0.0,0.5,0.0,0.0,-0.44
185,0,2220,1.2,0.0,0.0,0.0,0.0,0.5,0.0,0.0,0.36666667,0.693,0.0,0.0,0.0,0.0,0.5,0.0,0.0,-0.36666667
185,1,2224,1.2,0.0,0.0,0.0,0.0,0.5,0.0,0.0,0.29333332,0.693,0.0,0.0,0.0,0.0,0.5,0.0,0.0,-0.29333332
185,2,2228,1.2,0.0,0.0,0.0,0.0,0.5,0.0,0.0,0.22,0.693,0.0,0.0,0.0,0.0,0.5,0.0,0.0,-0.22
186,0,2232,1.2,0.0,0.0,0.0,0.0,0.5,0.0,0.0,0.14666666,0.693,0.0,0.0,0.0,0.0,0.5,0.0,0.0,-0.14666666
186,1,2236,1.2,0.0,0.0,0.0,0.0,0.5,0.0,0.0,0.07333333,0.693,0.0,0.0,0.0,0.0,0.5,0.0,0.0,-0.07333333
186,2,2240,1.2,0.0,0.0,0.0,0.0,0.5,0.0,0.0,0.0,0.693,0.0,0.0,0.0,0.0,0.5,0.0,0.0,0.0
187,0,2244,1.2,0.0,0.0,0.0,0.0,0.5,0.0,0.0,0.0,0.693,0.0,0.0,0.0,0.0,0.5,0.0,0.0,0.0
187,1,2248,1.2,0.0,0.0,0.0,0.0,0.5,0.0,0.0,0.0,0.693,0.0,0.0,0.0,0.0,0.5,0.0,0.0,0.0
187,2,2252,1.2,0.0,0.0,0.0,0.0,0.5,0.0,0.0,0.0,0.693,0.0,0.0,0.0,0.0,0.5,0.0,0.0,0.0
188,0,2256,1.2,0.0,0.0,0.0,0.0,0.5,0.0,0.0,0.0,0.693,0.020166667,0.0,0.0,0.0,0.5,0.0,0.0,0.0
188,1,2260,1.2,0.0,0.0,0.0,0.0,0.5,0.0,0.0,0.0,0.693,0.040333334,0.0,0.0,0.0,0.5,0.0,0.0,0.0
188,2,2264,1.2,0.0,0.0,0.0,0.0,0.5,0.0,0.0,0.0,0.693,0.0605,0.0,0.0,0.0,0.5,0.0,0.0,0.0
189,0,2268,1.2,0.0,0.0,0.0,0.0,0.5,0.0,0.0,0.0,0.693,0.08066667,0.0,0.0,0.0,0.5,0.0,0.0,0.0
189,1,2272,1.2,0.0,0.0,0.0,0.0,0.5,0.0,0.0,0.0,0.693,0.100833334,0.0,0.0,0.0,0.5,0.0,0.0,0.0
189,2,2276,1.2,0.0,0.0,0.0,0.0,0.5,0.0,0.0,0.0,0.693,0.121,0.0,0.0,0.0,0.5,0.0,0.0,0.0
190,0,2280,1.2,0.0,0.0,0.0,0.0,0.5,0.0,0.0,0.0,0.693,0.14116667,0.0,0.0,0.0,0.5,0.0,0.0,0.0
190,1,2284,1.2,0.0,0.0,0.0,0.0,0.5,0.0,0.0,0.0,0.693,0.16133334,0.0,0.0,0.0,0.5,0.0,0.0,0.0
190,2,2288,1.2,0.0,0.0,0.0,0.0,0.5,0.0,0.0,0.0,0.693,0.1815,0.0,0.0,0.0,0.5,0.0,0.0,0.0
191,0,2292,1.2,0.0,0.0,0.0,0.0,0.5,0.0,0.0,0.0,0.693,0.20166667,0.0,0.0,0.0,0.5,0.0,0.0,0.0
191,1,2296,1.2,0.0,0.0,0.0,0.0,0.5,0.0,0.0,0.0,0.693,0.22183333,0.0,0.0,0.0,0.5,0.0,0.0,0.0
191,2,2300,1.2,0.0,0.0,0.0,0.0,0.5,0.0,0.0,0.0,0.693,0.242,0.0,0.0,0.0,0.5,0.0,0.0,0.0
192,0,2304,1.2,0.0,0.0,0.0,0.0,0.5,0.0,0.0,0.0,0.693,0.242,0.0,0.0,0.0,0.5,0.0,0.0,0.0
192,1,2308,1.2,0.0,0.0,0.0,0.0,0.5,0.0,0.0,0.0,0.693,0.242,0.0,0.0,0.0,0.5,0.0,0.0,0.0
192,2,2312,1.2,0.0,0.0,0.0,0.0,0.5,0.0,0.0,0.0,0.693,0.242,0.0,0.0,0.0,0.5,0.0,0.0,0.0
193,0,2316,1.2,0.0,0.0,0.0,0.0,0.5,0.0,0.0,0.0,0.693,0.242,0.0,0.0,0.0,0.5,0.0,0.0,0.0
193,1,2320,1.2,0.0,0.0,0.0,0.0,0.5,0.0,0.0,0.0,0.693,0.242,0.0,0.0,0.0,0.5,0.0,0.0,0.0
193,2,2324,1.2,0.0,0.0,0.0,0.0,0.5,0.0,0.0,0.0,0.693,0.242,0.0,0.0,0.0,0.5,0.0,0.0,0.0
194,0,2328,1.2,0.0,0.0,0.0,0.0,0.5,0.0,0.0,0.0,0.693,0.242,0.0,0.0,0.0,0.5,0.0,0.0,0.0
194,1,2332,1.2,0.0,0.0,0.0,0.0,0.5,0.0,0.0,0.0,0.693,0.242,0.0,0.0,0.0,0.5,0.0,0.0,0.0
194,2,2336,1.2,0.0,0.0,0.0,0.0,0.5,0.0,0.0,0.0,0.693,0.242,0.0,0.0,0.0,0.5,0.0,0.0,0.0
195,0,2340,1.2,0.0,0.0,0.0,0.0,0.5,0.0,0.0,0.07333333,0.693,0.242,0.0,0.0,0.0,0.5,0.0,0.0,0.0
195,1,2344,1.2,0.0,0.0,0.0,0.0,0.5,0.0,0.0,0.14666666,0.693,0.242,0.0,0.0,0.0,0.5,0.0,0.0,0.0
195,2,2348,1.2,0.0,0.0,0.0,0.0,0.5,0.0,0.0,0.22,0.693,0.242,0.0,0.0,0.0,0.5,0.0,0.0,0.0
196,0,2352,1.2,0.0,0.0,0.0,0.0,0.5,0.0,0.0,0.29333332,0.693,0.242,0.0,0.09166667,0.0,0.5,0.0,0.0,0.0
196,1,2356,1.2,0.0,0.0,0.0,0.0,0.5,0.0,0.0,0.36666667,0.693,0.242,0.0,0.18333334,0.0,0.5,0.0,0.0,0.0
196,2,2360,1.2,0.0,0.0,0.0,0.0,0.5,0.0,0.0,0.44,0.693,0.242,0.0,0.275,0.0,0.5,0.0,0.0,0.0
197,0,2364,1.2,0.0,0.0,0.0,0.0,0.5,0.0,0.0,0.5133333,0.693,0.242,0.0,0.36666667,0.0,0.5,0.0,0.0,0.0
197,1,2368,1.2,0.0,0.0,0.0,0.0,0.5,0.0,0.0,0.58666664,0.693,0.242,0.0,0.45833334,0.0,0.5,0.0,0.0,0.0
197,2,2372,1.2,0.0,0.0,0.0,0.0,0.5,0.0,0.0,0.66,0.693,0.242,0.0,0.55,0.0,0.5,0.0,0.0,0.0
198,0,2376,1.2,0.0,0.0,0.0,0.0,0.5,0.0,0.0,0.73333335,0.693,0.242,0.0,0.64166665,0.0,0.5,0.0,0.0,0.0
198,1,2380,1.2,0.0,0.0,0.0,0.0,0.5,0.0,0.0,0.8066667,0.693,0.242,0.0,0.73333335,0.0,0.5,0.0,0.0,0.0
198,2,2384,1.2,0.0,0.0,0.0,0.0,0.5,0.0,0.0,0.88,0.693,0.242,0.0,0.825,0.0,0.5,0.0,0.0,0.0
199,0,2388,1.2,0.0,0.0,0.0,0.0,0.5,0.0,0.0,0.9533333,0.693,0.242,0.0,0.825,0.0,0.5,0.0,0.0,0.0
199,1,2392,1.2,0.0,0.0,0.0,0.0,0.5,0.0,0.0,1.0266666,0.693,0.242,0.0,0.825,0.0,0.5,0.0,0.0,0.0
199,2,2396,1.2,0.0,0.0,0.0,0.0,0.5,0.0,0.0,1.1,0.693,0.242,0.0,0.825,0.0,0.5,0.0,0.0,0.0
200,0,2400,1.2,0.0,0.0,0.0,0.0,0.5,0.0,0.0,1.0266666,0.693,0.242,0.0,0.825,0.0,0.5,0.0,0.0,0.0
200,1,2404,1.2,0.0,0.0,0.0,0.0,0.5,0.0,0.0,0.9533333,0.693,0.242,0.0,0.825,0.0,0.5,0.0,0.0,0.0
200,2,2408,1.2,0.0,0.0,0.0,0.0,0.5,0.0,0.0,0.88,0.693,0.242,0.0,0.825,0.0,0.5,0.0,0.0,0.0
201,0,2412,1.2,0.0,0.0,0.0,0.0,0.5,0.0,0.0,0.8066667,0.693,0.242,0.0,0.825,0.0,0.5,0.0,0.0,0.0
201,1,2416,1.2,0.0,0.0,0.0,0.0,0.5,0.0,0.0,0.73333335,0.693,0.242,0.0,0.825,0.0,0.5,0.0,0.0,0.0
201,2,2420,1.2,0.0,0.0,0.0,0.0,0.5,0.0,0.0,0.66,0.693,0.242,0.0,0.825,0.0,0.5,0.0,0.0,0.0
202,0,2424,1.2,0.0,0.0,0.0,0.0,0.5,0.0,0.0,0.58666664,0.693,0.242,0.0,0.825,0.0,0.5,0.0,0.0,0.0
202,1,2428,1.2,0.0,0.0,0.0,0.0,0.5,0.0,0.0,0.5133333,0.693,0.242,0.0,0.825,0.0,0.5,0.0,0.0,0.0
202,2,2432,1.2,0.0,0.0,0.0,0.0,0.5,0.0,0.0,0.44,0.693,0.242,0.0,0.825,0.0,0.5,0.0,0.0,0.0
203,0,2436,1.2,0.0,0.0,0.0,0.0,0.5,0.0,0.0,0.36666667,0.693,0.242,0.0,0.825,0.0,0.5,0.0,0.0,0.0
203,1,2440,1.2,0.0,0.0,0.0,0.0,0.5,0.0,0.0,0.29333332,0.693,0.242,0.0,0.825,0.0,0.5,0.0,0.0,0.0
203,2,2444,1.2,0.0,0.0,0.0,0.0,0.5,0.0,0.0,0.22,0.693,0.242,0.0,0.825,0.0,0.5,0.0,0.0,0.0
204,0,2448,1.2,0.0,0.0,0.0,0.0,0.5,0.0,0.0,0.14666666,0.693,0.26216668,0.0,0.825,0.0,0.5,0.0,0.0,0.0
204,1,2452,1.2,0.0,0.0,0.0,0.0,0.5,0.0,0.0,0.07333333,0.693,0.28233334,0.0,0.825,0.0,0.5,0.0,0.0,0.0
204,2,2456,1.2,0.0,0.0,0.0,0.0,0.5,0.0,0.0,0.0,0.693,0.3025,0.0,0.825,0.0,0.5,0.0,0.0,0.0
205,0,2460,1.2,0.0,0.0,0.0,0.0,0.5,0.0,0.0,0.0,0.693,0.3025,0.0,0.825,0.0,0.5,0.0,0.0,0.0
205,1,2464,1.2,0.0,0.0,0.0,0.0,0.5,0.0,0.0,0.0,0.693,0.3025,0.0,0.825,0.0,0.5,0.0,0.0,0.0
205,2,2468,1.2,0.0,0.0,0.0,0.0,0.5,0.0,0.0,0.0,0.693,0.3025,0.0,0.825,0.0,0.5,0.0,0.0,0.0
206,0,2472,1.2,0.0,0.0,0.0,0.0,0.5,0.0,0.0,0.0,0.693,0.3025,0.0,0.825,0.0,0.5,0.0,0.0,0.0
206,1,2476,1.2,0.0,0.0,0.0,0.0,0.5,0.0,0.0,0.0,0.693,0.3025,0.0,0.825,0.0,0.5,0.0,0.0,0.0
206,2,2480,1.2,0.0,0.0,0.0,0.0,0.5,0.0,0.0,0.0,0.693,0.3025,0.0,0.825,0.0,0.5,0.0,0.0,0.0
207,0,2484,1.2,0.0,0.0,0.0,0.0,0.5,0.0,0.0,0.0,0.693,0.3025,0.0,0.825,0.0,0.5,0.0,0.0,0.0
207,1,2488,1.2,0.0,0.0,0.0,0.0,0.5,0.0,0.0,0.0,0.693,0.3025,0.0,0.825,0.0,0.5,0.0,0.0,0.0
207,2,2492,1.2,0.0,0.0,0.0,0.0,0.5,0.0,0.0,0.0,0.693,0.3025,0.0,0.825,0.0,0.5,0.0,0.0,0.0
208,0,2496,1.2,0.0,0.0,0.0,0.0,0.5,0.0,0.0,0.0,0.693,0.3025,0.0,0.825,0.0,0.5,0.0,0.0,0.0
208,1,2500,1.2,0.0,0.0,0.0,0.0,0.5,0.0,0.0,0.0,0.693,0.3025,0.0,0.825,0.0,0.5,0.0,0.0,0.0
208,2,2504,1.2,0.0,0.0,0.0,0.0,0.5,0.0,0.0,0.0,0.693,0.3025,0.0,0.825,0.0,0.5,0.0,0.0,0.0
209,0,2508,1.2,0.0,0.0,0.0,0.0,0.5,0.0,0.0,0.0,0.693,0.3025,0.0,0.825,0.0,0.5,0.0,0.0,0.0
209,1,2512,1.2,0.0,0.0,0.0,0.0,0.5,0.0,0.0,0.0,0.693,0.3025,0.0,0.825,0.0,0.5,0.0,0.0,0.0
209,2,2516,1.2,0.0,0.0,0.0,0.0,0.5,0.0,0.0,0.0,0.693,0.3025,0.0,0.825,0.0,0.5,0.0,0.0,0.0
210,0,2520,1.2,0.0,0.0,0.0,0.0,0.5,0.0,0.0,0.0,0.693,0.3025,0.0,0.825,0.0,0.5,0.0,0.0,0.0
210,1,2524,1.2,0.0,0.0,0.0,0.0,0.5,0.0,0.0,0.0,0.693,0.3025,0.0,0.825,0.0,0.5,0.0,0.0,0.0
210,2,2528,1.2,0.0,0.0,0.0,0.0,0.5,0.0,0.0,0.0,0.693,0.3025,0.0,0.825,0.0,0.5,0.0,0.0,0.0
211,0,2532,1.2,0.0,0.0,0.0,0.0,0.5,0.0,0.0,0.0,0.6673333,0.3025,0.0,0.825,0.0,0.5,0.0,0.0,0.0
211,1,2536,1.2,0.0,0.0,0.0,0.0,0.5,0.0,0.0,0.0,0.64166665,0.3025,0.0,0.825,0.0,0.5,0.0,0.0,0.0
211,2,2540,1.2,0.0,0.0,0.0,0.0,0.5,0.0,0.0,0.0,0.616,0.3025,0.0,0.825,0.0,0.5,0.0,0.0,0.0
212,0,2544,1.2,0.0,0.0,0.0,0.0,0.5,0.0,0.0,0.0,0.616,0.3025,0.0,0.825,0.0,0.5,0.0,0.0,0.0
212,1,2548,1.2,0.0,0.0,0.0,0.0,0.5,0.0,0.0,0.0,0.616,0.3025,0.0,0.825,0.0,0.5,0.0,0.0,0.0
212,2,2552,1.2,0.0,0.0,0.0,0.0,0.5,0.0,0.0,0.0,0.616,0.3025,0.0,0.825,0.0,0.5,0.0,0.0,0.0
213,0,2556,1.2,0.0,0.0,0.0,0.0,0.5,0.0,0.0,0.0,0.616,0.3025,0.0,0.825,0.0,0.5,0.0,0.0,0.0
213,1,2560,1.2,0.0,0.0,0.0,0.0,0.5,0.0,0.0,0.0,0.616,0.3025,0.0,0.825,0.0,0.5,0.0,0.0,0.0
213,2,2564,1.2,0.0,0.0,0.0,0.0,0.5,0.0,0.0,0.0,0.616,0.3025,0.0,0.825,0.0,0.5,0.0,0.0,0.0
214,0,2568,1.2,0.0,0.0,0.0,0.0,0.5,0.0,0.0,0.0,0.616,0.3025,0.0,0.825,0.0,0.5,0.0,0.0,0.0
214,1,2572,1.2,0.0,0.0,0.0,0.0,0.5,0.0,0.0,0.0,0.616,0.3025,0.0,0.825,0.0,0.5,0.0,0.0,0.0
214,2,2576,1.2,0.0,0.0,0.0,0.0,0.5,0.0,0.0,0.0,0.616,0.3025,0.0,0.825,0.0,0.5,0.0,0.0,0.0
215,0,2580,1.2,0.0,0.0,0.0,0.0,0.5,0.0,0.0,0.0,0.616,0.3025,0.0,0.825,0.0,0.5,0.0,0.0,0.0
215,1,2584,1.2,0.0,0.0,0.0,0.0,0.5,0.0,0.0,0.0,0.616,0.3025,0.0,0.825,0.0,0.5,0.0,0.0,0.0
215,2,2588,1.2,0.0,0.0,0.0,0.0,0.5,0.0,0.0,0.0,0.616,0.3025,0.0,0.825,0.0,0.5,0.0,0.0,0.0
216,0,2592,1.2,0.0,0.0,0.0,0.0,0.5,0.0,0.0,0.07333333,0.616,0.3025,0.0,0.825,0.0,0.5,0.0,0.0,0.0
216,1,2596,1.2,0.0,0.0,0.0,0.0,0.5,0.0,0.0,0.14666666,0.616,0.3025,0.0,0.825,0.0,0.5,0.0,0.0,0.0
216,2,2600,1.2,0.0,0.0,0.0,0.0,0.5,0.0,0.0,0.22,0.616,0.3025,0.0,0.825,0.0,0.5,0.0,0.0,0.0
217,0,2604,1.2,0.0,0.0,0.0,0.0,0.5,0.0,0.0,0.29333332,0.616,0.3025,0.0,0.825,0.0,0.5,0.0,0.0,0.0
217,1,2608,1.2,0.0,0.0,0.0,0.0,0.5,0.0,0.0,0.36666667,0.616,0.3025,0.0,0.825,0.0,0.5,0.0,0.0,0.0
217,2,2612,1.2,0.0,0.0,0.0,0.0,0.5,0.0,0.0,0.44,0.616,0.3025,0.0,0.825,0.0,0.5,0.0,0.0,0.0
218,0,2616,1.2,0.0,0.0,0.0,0.0,0.5,0.0,0.0,0.5133333,0.616,0.3025,0.0,0.825,0.0,0.5,0.0,0.0,0.0
218,1,2620,1.2,0.0,0.0,0.0,0.0,0.5,0.0,0.0,0.58666664,0.616,0.3025,0.0,0.825,0.0,0.5,0.0,0.0,0.0
218,2,2624,1.2,0.0,0.0,0.0,0.0,0.5,0.0,0.0,0.66,0.616,0.3025,0.0,0.825,0.0,0.5,0.0,0.0,0.0
219,0,2628,1.2,0.0,0.0,0.0,0.0,0.5,0.0,0.0,0.73333335,0.616,0.3025,0.0,0.825,0.0,0.5,0.0,0.0,0.0
219,1,2632,1.2,0.0,0.0,0.0,0.0,0.5,0.0,0.0,0.8066667,0.616,0.3025,0.0,0.825,0.0,0.5,0.0,0.0,0.0
219,2,2636,1.2,0.0,0.0,0.0,0.0,0.5,0.0,0.0,0.88,0.616,0.3025,0.0,0.825,0.0,0.5,0.0,0.0,0.0
220,0,2640,1.2,0.0,0.0,0.0,0.0,0.5,0.0,0.0,0.9533333,0.616,0.3025,0.0,0.825,0.0,0.5,0.0,0.0,0.0
220,1,2644,1.2,0.0,0.0,0.0,0.0,0.5,0.0,0.0,1.0266666,0.616,0.3025,0.0,0.825,0.0,0.5,0.0,0.0,0.0
220,2,2648,1.2,0.0,0.0,0.0,0.0,0.5,0.0,0.0,1.1,0.616,0.3025,0.0,0.825,0.0,0.5,0.0,0.0,0.0
221,0,2652,1.2,0.0,0.0,0.0,0.0,0.5,0.0,0.0,1.0266666,0.616,0.3025,0.0,0.825,0.0,0.5,0.0,0.0,0.0
221,1,2656,1.2,0.0,0.0,0.0,0.0,0.5,0.0,0.0,0.9533333,0.616,0.3025,0.0,0.825,0.0,0.5,0.0,0.0,0.0
221,2,2660,1.2,0.0,0.0,0.0,0.0,0.5,0.0,0.0,0.88,0.616,0.3025,0.0,0.825,0.0,0.5,0.0,0.0,0.0
222,0,2664,1.2,0.0,0.0,0.0,0.0,0.5,0.0,0.0,0.8066667,0.616,0.3025,0.0,0.825,0.0,0.5,0.0,0.0,0.0
222,1,2668,1.2,0.0,0.0,0.0,0.0,0.5,0.0,0.0,0.73333335,0.616,0.3025,0.0,0.825,0.0,0.5,0.0,0.0,0.0
222,2,2672,1.2,0.0,0.0,0.0,0.0,0.5,0.0,0.0,0.66,0.616,0.3025,0.0,0.825,0.0,0.5,0.0,0.0,0.0
223,0,2676,1.2,0.0,0.0,0.0,0.0,0.5,0.0,0.0,0.58666664,0.616,0.3025,0.0,0.825,0.0,0.5,0.0,0.0,0.0
223,1,2680,1.2,0.0,0.0,0.0,0.0,0.5,0.0,0.0,0.5133333,0.616,0.3025,0.0,0.825,0.0,0.5,0.0,0.0,0.0
223,2,2684,1.2,0.0,0.0,0.0,0.0,0.5,0.0,0.0,0.44,0.616,0.3025,0.0,0.825,0.0,0.5,0.0,0.0,0.0
224,0,2688,1.2,0.0,0.0,0.0,0.0,0.5,0.0,0.0,0.36666667,0.616,0.3025,0.0,0.825,0.0,0.5,0.0,0.0,0.0
224,1,2692,1.2,0.0,0.0,0.0,0.0,0.5,0.0,0.0,0.29333332,0.616,0.3025,0.0,0.825,0.0,0.5,0.0,0.0,0.0
224,2,2696,1.2,0.0,0.0,0.0,0.0,0.5,0.0,0.0,0.22,0.616,0.3025,0.0,0.825,0.0,0.5,0.0,0.0,0.0
225,0,2700,1.2,0.0,0.0,0.0,0.0,0.5,0.0,0.0,0.14666666,0.64166665,0.3025,0.0,0.825,0.0,0.5,0.0,0.0,0.0
225,1,2704,1.2,0.0,0.0,0.0,0.0,0.5,0.0,0.0,0.07333333,0.6673333,0.3025,0.0,0.825,0.0,0.5,0.0,0.0,0.0
225,2,2708,1.2,0.0,0.0,0.0,0.0,0.5,0.0,0.0,0.0,0.693,0.3025,0.0,0.825,0.0,0.5,0.0,0.0,0.0
226,0,2712,1.2,0.0,0.0,0.0,0.0,0.5,0.0,0.0,0.0,0.693,0.3025,0.0,0.825,0.0,0.5,0.0,0.0,0.0
226,1,2716,1.2,0.0,0.0,0.0,0.0,0.5,0.0,0.0,0.0,0.693,0.3025,0.0,0.825,0.0,0.5,0.0,0.0,0.0
226,2,2720,1.2,0.0,0.0,0.0,0.0,0.5,0.0,0.0,0.0,0.693,0.3025,0.0,0.825,0.0,0.5,0.0,0.0,0.0
227,0,2724,1.2,0.0,0.0,0.0,0.0,0.5,0.0,0.0,0.0,0.693,0.3025,0.0,0.825,0.0,0.5,0.0,0.0,0.0
227,1,2728,1.2,0.0,0.0,0.0,0.0,0.5,0.0,0.0,0.0,0.693,0.3025,0.0,0.825,0.0,0.5,0.0,0.0,0.0
227,2,2732,1.2,0.0,0.0,0.0,0.0,0.5,0.0,0.0,0.0,0.693,0.3025,0.0,0.825,0.0,0.5,0.0,0.0,0.0
228,0,2736,1.2,0.0,0.0,0.0,0.0,0.5,0.0,0.0,0.0,0.693,0.3025,0.0,0.825,0.0,0.5,0.0,0.0,0.0
228,1,2740,1.2,0.0,0.0,0.0,0.0,0.5,0.0,0.0,0.0,0.693,0.3025,0.0,0.825,0.0,0.5,0.0,0.0,0.0
228,2,2744,1.2,0.0,0.0,0.0,0.0,0.5,0.0,0.0,0.0,0.693,0.3025,0.0,0.825,0.0,0.5,0.0,0.0,0.0
229,0,2748,1.2,0.0,0.0,0.0,0.0,0.5,0.0,0.0,0.0,0.693,0.3025,0.0,0.825,0.0,0.5,0.0,0.0,0.0
229,1,2752,1.2,0.0,0.0,0.0,0.0,0.5,0.0,0.0,0.0,0.693,0.3025,0.0,0.825,0.0,0.5,0.0,0.0,0.0
229,2,2756,1.2,0.0,0.0,0.0,0.0,0.5,0.0,0.0,0.0,0.693,0.3025,0.0,0.825,0.0,0.5,0.0,0.0,0.0
230,0,2760,1.2,0.0,0.0,0.0,0.0,0.5,0.0,0.0,0.0,0.693,0.3025,0.0,0.825,0.0,0.5,0.0,0.0,0.0
230,1,2764,1.2,0.0,0.0,0.0,0.0,0.5,0.0,0.0,0.0,0.693,0.3025,0.0,0.825,0.0,0.5,0.0,0.0,0.0
230,2,2768,1.2,0.0,0.0,0.0,0.0,0.5,0.0,0.0,0.0,0.693,0.3025,0.0,0.825,0.0,0.5,0.0,0.0,0.0
231,0,2772,1.2,0.0,0.0,0.0,0.0,0.5,0.0,0.0,0.0,0.693,0.3025,0.0,0.825,0.0,0.5,0.0,0.0,0.0
231,1,2776,1.2,0.0,0.0,0.0,0.0,0.5,0.0,0.0,0.0,0.693,0.3025,0.0,0.825,0.0,0.5,0.0,0.0,0.0
231,2,2780,1.2,0.0,0.0,0.0,0.0,0.5,0.0,0.0,0.0,0.693,0.3025,0.0,0.825,0.0,0.5,0.0,0.0,0.0
232,0,2784,1.2,0.0,0.0,0.0,0.0,0.5,0.0,0.0,0.0,0.693,0.3025,0.0,0.825,0.0,0.5,0.0,0.0,0.0
232,1,2788,1.2,0.0,0.0,0.0,0.0,0.5,0.0,0.0,0.0,0.693,0.3025,0.0,0.825,0.0,0.5,0.0,0.0,0.0
232,2,2792,1.2,0.0,0.0,0.0,0.0,0.5,0.0,0.0,0.0,0.693,0.3025,0.0,0.825,0.0,0.5,0.0,0.0,0.0
233,0,2796,1.2,0.0,0.0,0.0,0.0,0.5,0.0,0.0,0.0,0.693,0.3025,0.0,0.825,0.0,0.5,0.0,0.0,0.0
233,1,2800,1.2,0.0,0.0,0.0,0.0,0.5,0.0,0.0,0.0,0.693,0.3025,0.0,0.825,0.0,0.5,0.0,0.0,0.0
233,2,2804,1.2,0.0,0.0,0.0,0.0,0.5,0.0,0.0,0.0,0.693,0.3025,0.0,0.825,0.0,0.5,0.0,0.0,0.0
234,0,2808,1.2,0.0,0.0,0.0,0.0,0.5,0.0,0.0,0.0,0.693,0.3025,0.0,0.825,0.0,0.5,0.0,0.0,0.0
234,1,2812,1.2,0.0,0.0,0.0,0.0,0.5,0.0,0.0,0.0,0.693,0.3025,0.0,0.825,0.0,0.5,0.0,0.0,0.0
234,2,2816,1.2,0.0,0.0,0.0,0.0,0.5,0.0,0.0,0.0,0.693,0.3025,0.0,0.825,0.0,0.5,0.0,0.0,0.0
235,0,2820,1.2,0.0,0.0,0.0,0.0,0.5,0.0,0.0,0.0,0.693,0.3025,0.0,0.825,0.0,0.5,0.0,0.0,0.0
235,1,2824,1.2,0.0,0.0,0.0,0.0,0.5,0.0,0.0,0.0,0.693,0.3025,0.0,0.825,0.0,0.5,0.0,0.0,0.0
235,2,2828,1.2,0.0,0.0,0.0,0.0,0.5,0.0,0.0,0.0,0.693,0.3025,0.0,0.825,0.0,0.5,0.0,0.0,0.0
236,0,2832,1.2,0.0,0.0,0.0,0.0,0.5,0.0,0.0,0.0,0.693,0.32266667,0.0,0.825,0.0,0.5,0.0,0.0,0.0
236,1,2836,1.2,0.0,0.0,0.0,0.0,0.5,0.0,0.0,0.0,0.693,0.34283334,0.0,0.825,0.0,0.5,0.0,0.0,0.0
236,2,2840,1.2,0.0,0.0,0.0,0.0,0.5,0.0,0.0,0.0,0.693,0.363,0.0,0.825,0.0,0.5,0.0,0.0,0.0
237,0,2844,1.2,0.0,0.0,0.0,0.0,0.5,0.0,0.0,0.0,0.693,0.363,0.0,0.825,0.0,0.5,0.0,0.0,0.0
237,1,2848,1.2,0.0,0.0,0.0,0.0,0.5,0.0,0.0,0.0,0.693,0.363,0.0,0.825,0.0,0.5,0.0,0.0,0.0
237,2,2852,1.2,0.0,0.0,0.0,0.0,0.5,0.0,0.0,0.0,0.693,0.363,0.0,0.825,0.0,0.5,0.0,0.0,0.0
238,0,2856,1.2,0.0,0.0,0.0,0.0,0.5,0.0,0.0,0.0,0.693,0.363,0.0,0.825,0.0,0.5,0.0,0.0,0.0
238,1,2860,1.2,0.0,0.0,0.0,0.0,0.5,0.0,0.0,0.0,0.693,0.363,0.0,0.825,0.0,0.5,0.0,0.0,0.0
238,2,2864,1.2,0.0,0.0,0.0,0.0,0.5,0.0,0.0,0.0,0.693,0.363,0.0,0.825,0.0,0.5,0.0,0.0,0.0
239,0,2868,1.2,0.0,0.0,0.0,0.0,0.5,0.0,0.0,0.0,0.693,0.363,0.0,0.825,0.0,0.5,0.0,0.0,0.0
239,1,2872,1.2,0.0,0.0,0.0,0.0,0.5,0.0,0.0,0.0,0.693,0.363,0.0,0.825,0.0,0.5,0.0,0.0,0.0
239,2,2876,1.2,0.0,0.0,0.0,0.0,0.5,0.0,0.0,0.0,0.693,0.363,0.0,0.825,0.0,0.5,0.0,0.0,0.0
240,0,2880,1.1743333,0.0,0.0,0.0,0.0,0.5,0.0,0.0,0.0,0.693,0.363,0.0,0.825,0.0,0.5,0.0,0.0,0.0
240,1,2884,1.1486667,0.0,0.0,0.0,0.0,0.5,0.0,0.0,0.0,0.693,0.363,0.0,0.825,0.0,0.5,0.0,0.0,0.0
240,2,2888,1.123,0.0,0.0,0.0,0.0,0.5,0.0,0.0,0.0,0.693,0.363,0.0,0.825,0.0,0.5,0.0,0.0,0.0
241,0,2892,1.0973334,0.0,0.0,0.0,0.0,0.5,0.0,0.0,0.0,0.693,0.363,0.0,0.825,0.0,0.5,0.0,0.0,0.0
241,1,2896,1.0716667,0.0,0.0,0.0,0.0,0.5,0.0,0.0,0.0,0.693,0.363,0.0,0.825,0.0,0.5,0.0,0.0,0.0
241,2,2900,1.046,0.0,0.0,0.0,0.0,0.5,0.0,0.0,0.0,0.693,0.363,0.0,0.825,0.0,0.5,0.0,0.0,0.0
242,0,2904,1.0203334,0.0,0.0,0.0,0.0,0.5,0.0,0.0,0.0,0.693,0.363,0.0,0.825,0.0,0.5,0.0,0.0,0.0
242,1,2908,0.9946667,0.0,0.0,0.0,0.0,0.5,0.0,0.0,0.0,0.693,0.363,0.0,0.825,0.0,0.5,0.0,0.0,0.0
242,2,2912,0.96900004,0.0,0.0,0.0,0.0,0.5,0.0,0.0,0.0,0.693,0.363,0.0,0.825,0.0,0.5,0.0,0.0,0.0
243,0,2916,0.9433334,0.0,0.0,0.0,0.0,0.5,0.0,0.0,0.0,0.693,0.363,0.0,0.825,0.0,0.5,0.0,0.0,0.0
243,1,2920,0.91766673,0.0,0.0,0.0,0.0,0.5,0.0,0.0,0.0,0.693,0.363,0.0,0.825,0.0,0.5,0.0,0.0,0.0
243,2,2924,0.892,0.0,0.0,0.0,0.0,0.5,0.0,0.0,0.0,0.693,0.363,0.0,0.825,0.0,0.5,0.0,0.0,0.0
244,0,2928,0.892,0.0,0.0,0.0,0.0,0.5,0.0,0.0,0.0,0.6673333,0.363,0.0,0.825,0.0,0.5,0.0,0.0,0.0
244,1,2932,0.892,0.0,0.0,0.0,0.0,0.5,0.0,0.0,0.0,0.64166665,0.363,0.0,0.825,0.0,0.5,0.0,0.0,0.0
244,2,2936,0.892,0.0,0.0,0.0,0.0,0.5,0.0,0.0,0.0,0.616,0.363,0.0,0.825,0.0,0.5,0.0,0.0,0.0
245,0,2940,0.892,0.0,0.0,0.0,0.0,0.5,0.0,0.0,0.0,0.616,0.363,0.0,0.825,0.0,0.5,0.0,0.0,0.0
245,1,2944,0.892,0.0,0.0,0.0,0.0,0.5,0.0,0.0,0.0,0.616,0.363,0.0,0.825,0.0,0.5,0.0,0.0,0.0
245,2,2948,0.892,0.0,0.0,0.0,0.0,0.5,0.0,0.0,0.0,0.616,0.363,0.0,0.825,0.0,0.5,0.0,0.0,0.0
246,0,2952,0.892,0.0,0.0,0.0,0.0,0.5,0.0,0.0,0.0,0.616,0.363,0.0,0.825,0.0,0.5,0.0,0.0,0.0
246,1,2956,0.892,0.0,0.0,0.0,0.0,0.5,0.0,0.0,0.0,0.616,0.363,0.0,0.825,0.0,0.5,0.0,0.0,0.0
246,2,2960,0.892,0.0,0.0,0.0,0.0,0.5,0.0,0.0,0.0,0.616,0.363,0.0,0.825,0.0,0.5,0.0,0.0,0.0
247,0,2964,0.892,0.0,0.0,0.0,0.0,0.5,0.0,0.0,0.0,0.616,0.363,0.0,0.825,0.0,0.48345834,0.0,0.0,0.0
247,1,2968,0.892,0.0,0.0,0.0,0.0,0.5,0.0,0.0,0.0,0.616,0.363,0.0,0.825,0.0,0.46691668,0.0,0.0,0.0
247,2,2972,0.892,0.0,0.0,0.0,0.0,0.5,0.0,0.0,0.0,0.616,0.363,0.0,0.825,0.0,0.450375,0.0,0.0,0.0
248,0,2976,0.892,0.0,0.0,0.0,0.0,0.5,0.0,0.0,0.0,0.616,0.363,0.0,0.825,0.0,0.43383333,0.0,0.0,0.0
248,1,2980,0.892,0.0,0.0,0.0,0.0,0.5,0.0,0.0,0.0,0.616,0.363,0.0,0.825,0.0,0.41729167,0.0,0.0,0.0
248,2,2984,0.892,0.0,0.0,0.0,0.0,0.5,0.0,0.0,0.0,0.616,0.363,0.0,0.825,0.0,0.40075,0.0,0.0,0.0
249,0,2988,0.86633337,0.0,0.0,0.0,0.0,0.5,0.0,0.0,0.0,0.616,0.363,0.0,0.825,0.0,0.38420832,0.0,0.0,0.0
249,1,2992,0.8406667,0.0,0.0,0.0,0.0,0.5,0.0,0.0,0.0,0.616,0.363,0.0,0.825,0.0,0.36766666,0.0,0.0,0.0
249,2,2996,0.81500006,0.0,0.0,0.0,0.0,0.5,0.0,0.0,0.0,0.616,0.363,0.0,0.825,0.0,0.351125,0.0,0.0,0.0
250,0,3000,0.7893334,0.0,0.0,0.0,0.0,0.5,0.0,0.0,0.0,0.616,0.363,0.0,0.825,0.0,0.33458334,0.0,0.0,0.0
250,1,3004,0.7636667,0.0,0.0,0.0,0.0,0.5,0.0,0.0,0.0,0.616,0.363,0.0,0.825,0.0,0.31804165,0.0,0.0,0.0
250,2,3008,0.73800004,0.0,0.0,0.0,0.0,0.5,0.0,0.0,0.0,0.616,0.363,0.0,0.825,0.0,0.3015,0.0,0.0,0.0
251,0,3012,0.7123334,0.0,0.0,0.0,0.0,0.5,0.0,0.0,0.0,0.616,0.363,0.0,0.825,0.0,0.28495833,0.0,0.0,0.0
251,1,3016,0.6866667,0.0,0.0,0.0,0.0,0.5,0.0,0.0,0.0,0.616,0.363,0.0,0.825,0.0,0.26841667,0.0,0.0,0.0
251,2,3020,0.6610001,0.0,0.0,0.0,0.0,0.5,0.0,0.0,0.0,0.616,0.363,0.0,0.825,0.0,0.251875,0.0,0.0,0.0
252,0,3024,0.6610001,0.0,0.0,0.0,0.0,0.5,0.0,0.0,0.0,0.616,0.363,0.0,0.825,0.0,0.23533334,0.0,0.0,0.0
252,1,3028,0.6610001,0.0,0.0,0.0,0.0,0.5,0.0,0.0,0.0,0.616,0.363,0.0,0.825,0.0,0.21879166,0.0,0.0,0.0
252,2,3032,0.6610001,0.0,0.0,0.0,0.0,0.5,0.0,0.0,0.0,0.616,0.363,0.0,0.825,0.0,0.20225,0.0,0.0,0.0
253,0,3036,0.6610001,0.0,0.0,0.0,0.0,0.5,0.0,0.0,0.0,0.616,0.363,0.0,0.825,0.0,0.18570833,0.0,0.0,0.0
253,1,3040,0.6610001,0.0,0.0,0.0,0.0,0.5,0.0,0.0,0.0,0.616,0.363,0.0,0.825,0.0,0.16916667,0.0,0.0,0.0
253,2,3044,0.6610001,0.0,0.0,0.0,0.0,0.5,0.0,0.0,0.0,0.616,0.363,0.0,0.825,0.0,0.152625,0.0,0.0,0.0
254,0,3048,0.6610001,0.0,0.0,0.0,0.0,0.5,0.0,0.0,0.0,0.616,0.363,0.0,0.825,0.0,0.13608333,0.0,0.0,0.0
254,1,3052,0.6610001,0.0,0.0,0.0,0.0,0.5,0.0,0.0,0.0,0.616,0.363,0.0,0.825,0.0,0.11954167,0.0,0.0,0.0
254,2,3056,0.6610001,0.0,0.0,0.0,0.0,0.5,0.0,0.0,0.0,0.616,0.363,0.0,0.825,0.0,0.103,0.0,0.0,0.0
255,0,3060,0.6610001,0.0,0.0,0.0,0.0,0.5,0.0,0.0,0.0,0.616,0.363,0.0,0.825,0.0,0.103,0.0,0.0,0.0
255,1,3064,0.6610001,0.0,0.0,0.0,0.0,0.5,0.0,0.0,0.0,0.616,0.363,0.0,0.825,0.0,0.103,0.0,0.0,0.0
255,2,3068,0.6610001,0.0,0.0,0.0,0.0,0.5,0.0,0.0,0.0,0.616,0.363,0.0,0.825,0.0,0.103,0.0,0.0,0.0
256,0,3072,0.6610001,0.020166667,0.0,0.0,0.0,0.5,0.0,0.0,0.0,0.616,0.363,0.0,0.825,0.0,0.103,0.0,0.0,0.0
256,1,3076,0.6610001,0.040333334,0.0,0.0,0.0,0.5,0.0,0.0,0.0,0.616,0.363,0.0,0.825,0.0,0.103,0.0,0.0,0.0
256,2,3080,0.6610001,0.0605,0.0,0.0,0.0,0.5,0.0,0.0,0.0,0.616,0.363,0.0,0.825,0.0,0.103,0.0,0.0,0.0
257,0,3084,0.6610001,0.08066667,0.0,0.0,0.0,0.5,0.0,0.0,0.0,0.616,0.363,0.0,0.825,0.0,0.103,0.0,0.0,0.0
257,1,3088,0.6610001,0.100833334,0.0,0.0,0.0,0.5,0.0,0.0,0.0,0.616,0.363,0.0,0.825,0.0,0.103,0.0,0.0,0.0
257,2,3092,0.6610001,0.121,0.0,0.0,0.0,0.5,0.0,0.0,0.0,0.616,0.363,0.0,0.825,0.0,0.103,0.0,0.0,0.0
258,0,3096,0.6610001,0.14116667,0.0,0.0,0.0,0.5,0.0,0.0,0.0,0.616,0.363,0.0,0.825,0.0,0.103,0.0,0.0,0.0
258,1,3100,0.6610001,0.16133334,0.0,0.0,0.0,0.5,0.0,0.0,0.0,0.616,0.363,0.0,0.825,0.0,0.103,0.0,0.0,0.0
258,2,3104,0.6610001,0.1815,0.0,0.0,0.0,0.5,0.0,0.0,0.0,0.616,0.363,0.0,0.825,0.0,0.103,0.0,0.0,0.0
259,0,3108,0.6610001,0.20166667,0.0,0.0,0.0,0.5,0.0,0.0,0.0,0.616,0.363,0.0,0.825,0.0,0.103,0.0,0.0,0.0
259,1,3112,0.6610001,0.22183333,0.0,0.0,0.0,0.5,0.0,0.0,0.0,0.616,0.363,0.0,0.825,0.0,0.103,0.0,0.0,0.0
259,2,3116,0.6610001,0.242,0.0,0.0,0.0,0.5,0.0,0.0,0.0,0.616,0.363,0.0,0.825,0.0,0.103,0.0,0.0,0.0
260,0,3120,0.6610001,0.26216668,0.0,0.0,0.0,0.5,0.0,0.0,0.0,0.616,0.363,0.0,0.825,0.0,0.103,0.0,0.0,0.0
260,1,3124,0.6610001,0.28233334,0.0,0.0,0.0,0.5,0.0,0.0,0.0,0.616,0.363,0.0,0.825,0.0,0.103,0.0,0.0,0.0
260,2,3128,0.6610001,0.3025,0.0,0.0,0.0,0.5,0.0,0.0,0.0,0.616,0.363,0.0,0.825,0.0,0.103,0.0,0.0,0.0
261,0,3132,0.6610001,0.3025,0.0,0.09166667,0.0,0.5,0.0,0.0,0.0,0.616,0.363,0.0,0.825,0.0,0.103,0.0,0.0,0.0
261,1,3136,0.6610001,0.3025,0.0,0.18333334,0.0,0.5,0.0,0.0,0.0,0.616,0.363,0.0,0.825,0.0,0.103,0.0,0.0,0.0
261,2,3140,0.6610001,0.3025,0.0,0.275,0.0,0.5,0.0,0.0,0.0,0.616,0.363,0.0,0.825,0.0,0.103,0.0,0.0,0.0
262,0,3144,0.6610001,0.3025,0.0,0.36666667,0.0,0.5,0.0,0.0,0.0,0.616,0.363,0.0,0.825,0.0,0.103,0.0,0.0,0.0
262,1,3148,0.6610001,0.3025,0.0,0.45833334,0.0,0.5,0.0,0.0,0.0,0.616,0.363,0.0,0.825,0.0,0.103,0.0,0.0,0.0
262,2,3152,0.6610001,0.3025,0.0,0.55,0.0,0.5,0.0,0.0,0.0,0.616,0.363,0.0,0.825,0.0,0.103,0.0,0.0,0.0
263,0,3156,0.6610001,0.3025,0.0,0.64166665,0.0,0.5,0.0,0.0,0.0,0.616,0.363,0.0,0.825,0.0,0.103,0.0,0.0,0.0
263,1,3160,0.6610001,0.3025,0.0,0.73333335,0.0,0.5,0.0,0.0,0.0,0.616,0.363,0.0,0.825,0.0,0.103,0.0,0.0,0.0
263,2,3164,0.6610001,0.3025,0.0,0.825,0.0,0.5,0.0,0.0,0.0,0.616,0.363,0.0,0.825,0.0,0.103,0.0,0.0,0.0
264,0,3168,0.6610001,0.3025,0.0,0.825,0.0,0.5,0.0,0.0,0.0,0.616,0.363,0.0,0.825,0.0,0.103,0.0,0.0,0.0
264,1,3172,0.6610001,0.3025,0.0,0.825,0.0,0.5,0.0,0.0,0.0,0.616,0.363,0.0,0.825,0.0,0.103,0.0,0.0,0.0
264,2,3176,0.6610001,0.3025,0.0,0.825,0.0,0.5,0.0,0.0,0.0,0.616,0.363,0.0,0.825,0.0,0.103,0.0,0.0,0.0
265,0,3180,0.6610001,0.3025,0.0,0.9166667,0.0,0.5,0.0,0.0,0.0,0.616,0.363,0.0,0.825,0.0,0.103,0.0,0.0,0.0
265,1,3184,0.6610001,0.3025,0.0,1.0083333,0.0,0.5,0.0,0.0,0.0,0.616,0.363,0.0,0.825,0.0,0.103,0.0,0.0,0.0
265,2,3188,0.6610001,0.3025,0.0,1.1,0.0,0.5,0.0,0.0,0.0,0.616,0.363,0.0,0.825,0.0,0.103,0.0,0.0,0.0
266,0,3192,0.6610001,0.3025,0.0,1.1,0.0,0.5,0.0,0.0,0.0,0.616,0.363,0.0,0.825,0.0,0.103,0.0,0.0,0.0
266,1,3196,0.6610001,0.3025,0.0,1.1,0.0,0.5,0.0,0.0,0.0,0.616,0.363,0.0,0.825,0.0,0.103,0.0,0.0,0.0
266,2,3200,0.6610001,0.3025,0.0,1.1,0.0,0.5,0.0,0.0,0.0,0.616,0.363,0.0,0.825,0.0,0.103,0.0,0.0,0.0
267,0,3204,0.6610001,0.3025,0.0,1.1,0.0,0.5,0.0,0.0,0.0,0.616,0.363,0.0,0.825,0.0,0.103,0.0,0.0,0.0
267,1,3208,0.6610001,0.3025,0.0,1.1,0.0,0.5,0.0,0.0,0.0,0.616,0.363,0.0,0.825,0.0,0.103,0.0,0.0,0.0
267,2,3212,0.6610001,0.3025,0.0,1.1,0.0,0.5,0.0,0.0,0.0,0.616,0.363,0.0,0.825,0.0,0.103,0.0,0.0,0.0
268,0,3216,0.6610001,0.3025,0.0,1.1,0.0,0.5,0.0,0.0,0.0,0.616,0.363,0.0,0.825,0.0,0.103,0.0,0.0,0.0
268,1,3220,0.6610001,0.3025,0.0,1.1,0.0,0.5,0.0,0.0,0.0,0.616,0.363,0.0,0.825,0.0,0.103,0.0,0.0,0.0
268,2,3224,0.6610001,0.3025,0.0,1.1,0.0,0.5,0.0,0.0,0.0,0.616,0.363,0.0,0.825,0.0,0.103,0.0,0.0,0.0
269,0,3228,0.6610001,0.3025,0.0,1.1,0.0,0.5,0.0,0.0,0.0,0.616,0.363,0.0,0.825,0.0,0.103,0.0,0.0,0.0
269,1,3232,0.6610001,0.3025,0.0,1.1,0.0,0.5,0.0,0.0,0.0,0.616,0.363,0.0,0.825,0.0,0.103,0.0,0.0,0.0
269,2,3236,0.6610001,0.3025,0.0,1.1,0.0,0.5,0.0,0.0,0.0,0.616,0.363,0.0,0.825,0.0,0.103,0.0,0.0,0.0
270,0,3240,0.6610001,0.3025,0.0,1.1,0.0,0.5,0.0,0.0,0.0,0.616,0.363,0.0,0.825,0.0,0.103,0.0,0.0,0.0
270,1,3244,0.6610001,0.3025,0.0,1.1,0.0,0.5,0.0,0.0,0.0,0.616,0.363,0.0,0.825,0.0,0.103,0.0,0.0,0.0
270,2,3248,0.6610001,0.3025,0.0,1.1,0.0,0.5,0.0,0.0,0.0,0.616,0.363,0.0,0.825,0.0,0.103,0.0,0.0,0.0
271,0,3252,0.6610001,0.3025,0.0,1.1,0.0,0.5,0.0,0.0,0.0,0.616,0.363,0.0,0.825,0.0,0.103,0.0,0.0,0.0
271,1,3256,0.6610001,0.3025,0.0,1.1,0.0,0.5,0.0,0.0,0.0,0.616,0.363,0.0,0.825,0.0,0.103,0.0,0.0,0.0
271,2,3260,0.6610001,0.3025,0.0,1.1,0.0,0.5,0.0,0.0,0.0,0.616,0.363,0.0,0.825,0.0,0.103,0.0,0.0,0.0
272,0,3264,0.6866667,0.3025,0.0,1.1,0.0,0.5,0.0,0.0,0.0,0.616,0.363,0.0,0.825,0.0,0.103,0.0,0.0,0.0
272,1,3268,0.7123334,0.3025,0.0,1.1,0.0,0.5,0.0,0.0,0.0,0.616,0.363,0.0,0.825,0.0,0.103,0.0,0.0,0.0
272,2,3272,0.73800004,0.3025,0.0,1.1,0.0,0.5,0.0,0.0,0.0,0.616,0.363,0.0,0.825,0.0,0.103,0.0,0.0,0.0
273,0,3276,0.7636667,0.3025,0.0,1.1,0.0,0.5,0.0,0.0,0.0,0.616,0.363,0.0,0.825,0.0,0.103,0.0,0.0,0.0
273,1,3280,0.7893334,0.3025,0.0,1.1,0.0,0.5,0.0,0.0,0.0,0.616,0.363,0.0,0.825,0.0,0.103,0.0,0.0,0.0
273,2,3284,0.81500006,0.3025,0.0,1.1,0.0,0.5,0.0,0.0,0.0,0.616,0.363,0.0,0.825,0.0,0.103,0.0,0.0,0.0
274,0,3288,0.81500006,0.3025,0.0,1.1,0.0,0.5,0.0,0.0,0.0,0.616,0.363,0.0,0.825,0.0,0.103,0.0,0.0,0.0
274,1,3292,0.81500006,0.3025,0.0,1.1,0.0,0.5,0.0,0.0,0.0,0.616,0.363,0.0,0.825,0.0,0.103,0.0,0.0,0.0
274,2,3296,0.81500006,0.3025,0.0,1.1,0.0,0.5,0.0,0.0,0.0,0.616,0.363,0.0,0.825,0.0,0.103,0.0,0.0,0.0
275,0,3300,0.81500006,0.3025,0.0,1.1,0.0,0.5,0.0,0.0,0.0,0.616,0.363,0.0,0.825,0.0,0.103,0.0,0.0,0.0
275,1,3304,0.81500006,0.3025,0.0,1.1,0.0,0.5,0.0,0.0,0.0,0.616,0.363,0.0,0.825,0.0,0.103,0.0,0.0,0.0
275,2,3308,0.81500006,0.3025,0.0,1.1,0.0,0.5,0.0,0.0,0.0,0.616,0.363,0.0,0.825,0.0,0.103,0.0,0.0,0.0
276,0,3312,0.81500006,0.3025,0.0,1.1,0.0,0.5,0.0,-0.022,0.0,0.616,0.363,0.0,0.825,0.0,0.103,0.0,0.0,0.0
276,1,3316,0.81500006,0.3025,0.0,1.1,0.0,0.5,0.0,-0.044,0.0,0.616,0.363,0.0,0.825,0.0,0.103,0.0,0.0,0.0
276,2,3320,0.81500006,0.3025,0.0,1.1,0.0,0.5,0.0,-0.066,0.0,0.616,0.363,0.0,0.825,0.0,0.103,0.0,0.0,0.0
277,0,3324,0.81500006,0.3025,0.0,1.1,0.0,0.5,0.0,-0.044,0.0,0.616,0.363,0.0,0.825,0.0,0.103,0.0,0.0,0.0
277,1,3328,0.81500006,0.3025,0.0,1.1,0.0,0.5,0.0,-0.022,0.0,0.616,0.363,0.0,0.825,0.0,0.103,0.0,0.0,0.0
277,2,3332,0.81500006,0.3025,0.0,1.1,0.0,0.5,0.0,0.0,0.0,0.616,0.363,0.0,0.825,0.0,0.103,0.0,0.0,0.0
278,0,3336,0.81500006,0.3025,0.0,1.1,0.0,0.5,0.0,-0.022,0.0,0.616,0.363,0.0,0.825,0.0,0.103,0.0,0.0,0.0
278,1,3340,0.81500006,0.3025,0.0,1.1,0.0,0.5,0.0,-0.044,0.0,0.616,0.363,0.0,0.825,0.0,0.103,0.0,0.0,0.0
278,2,3344,0.81500006,0.3025,0.0,1.1,0.0,0.5,0.0,-0.066,0.0,0.616,0.363,0.0,0.825,0.0,0.103,0.0,0.0,0.0
279,0,3348,0.81500006,0.3025,0.0,1.1,0.0,0.5,0.0,-0.088,0.0,0.616,0.363,0.0,0.825,0.0,0.103,0.0,0.0,0.0
279,1,3352,0.81500006,0.3025,0.0,1.1,0.0,0.5,0.0,-0.11,0.0,0.616,0.363,0.0,0.825,0.0,0.103,0.0,0.0,0.0
279,2,3356,0.81500006,0.3025,0.0,1.1,0.0,0.5,0.0,-0.132,0.0,0.616,0.363,0.0,0.825,0.0,0.103,0.0,0.0,0.0
280,0,3360,0.81500006,0.3025,0.0,1.1,0.0,0.5,0.0,-0.154,0.0,0.64166665,0.363,0.0,0.825,0.0,0.103,0.0,0.0,0.0
280,1,3364,0.81500006,0.3025,0.0,1.1,0.0,0.5,0.0,-0.176,0.0,0.6673333,0.363,0.0,0.825,0.0,0.103,0.0,0.0,0.0
280,2,3368,0.81500006,0.3025,0.0,1.1,0.0,0.5,0.0,-0.198,0.0,0.693,0.363,0.0,0.825,0.0,0.103,0.0,0.0,0.0
281,0,3372,0.81500006,0.3025,0.0,1.1,0.0,0.5,0.0,-0.176,0.0,0.7186667,0.363,0.0,0.825,0.0,0.103,0.0,0.0,0.0
281,1,3376,0.81500006,0.3025,0.0,1.1,0.0,0.5,0.0,-0.154,0.0,0.7443333,0.363,0.0,0.825,0.0,0.103,0.0,0.0,0.0
281,2,3380,0.81500006,0.3025,0.0,1.1,0.0,0.5,0.0,-0.132,0.0,0.77,0.363,0.0,0.825,0.0,0.103,0.0,0.0,0.0
282,0,3384,0.81500006,0.3025,0.0,1.1,0.0,0.5,0.0,-0.11,0.0,0.77,0.363,0.0,0.825,0.0,0.103,0.0,0.0,0.0
282,1,3388,0.81500006,0.3025,0.0,1.1,0.0,0.5,0.0,-0.088,0.0,0.77,0.363,0.0,0.825,0.0,0.103,0.0,0.0,0.0
282,2,3392,0.81500006,0.3025,0.0,1.1,0.0,0.5,0.0,-0.066,0.0,0.77,0.363,0.0,0.825,0.0,0.103,0.0,0.0,0.0
283,0,3396,0.81500006,0.3025,0.0,1.1,0.0,0.5,0.0,-0.044,0.0,0.77,0.363,0.0,0.825,0.0,0.103,0.0,0.0,0.0
283,1,3400,0.81500006,0.3025,0.0,1.1,0.0,0.5,0.0,-0.022,0.0,0.77,0.363,0.0,0.825,0.0,0.103,0.0,0.0,0.0
283,2,3404,0.81500006,0.3025,0.0,1.1,0.0,0.5,0.0,0.0,0.0,0.77,0.363,0.0,0.825,0.0,0.103,0.0,0.0,0.0
284,0,3408,0.81500006,0.3025,0.0,1.1,0.0,0.5,0.0,0.0,0.0,0.77,0.363,0.0,0.825,0.0,0.103,0.0,0.0,0.0
284,1,3412,0.81500006,0.3025,0.0,1.1,0.0,0.5,0.0,0.0,0.0,0.77,0.363,0.0,0.825,0.0,0.103,0.0,0.0,0.0
284,2,3416,0.81500006,0.3025,0.0,1.1,0.0,0.5,0.0,0.0,0.0,0.77,0.363,0.0,0.825,0.0,0.103,0.0,0.0,0.0
285,0,3420,0.81500006,0.3025,0.0,1.1,0.0,0.5,0.0,0.0,0.0,0.77,0.363,0.0,0.825,0.0,0.103,0.0,0.0,0.0
285,1,3424,0.81500006,0.3025,0.0,1.1,0.0,0.5,0.0,0.0,0.0,0.77,0.363,0.0,0.825,0.0,0.103,0.0,0.0,0.0
285,2,3428,0.81500006,0.3025,0.0,1.1,0.0,0.5,0.0,0.0,0.0,0.77,0.363,0.0,0.825,0.0,0.103,0.0,0.0,0.0
286,0,3432,0.81500006,0.3025,0.0,1.1,0.0,0.5,0.0,0.0,0.0,0.77,0.363,0.0,0.825,0.0,0.103,0.0,0.0,0.0
286,1,3436,0.81500006,0.3025,0.0,1.1,0.0,0.5,0.0,0.0,0.0,0.77,0.363,0.0,0.825,0.0,0.103,0.0,0.0,0.0
286,2,3440,0.81500006,0.3025,0.0,1.1,0.0,0.5,0.0,0.0,0.0,0.77,0.363,0.0,0.825,0.0,0.103,0.0,0.0,0.0
287,0,3444,0.81500006,0.3025,0.0,1.0083333,0.0,0.5,0.0,0.0,0.0,0.77,0.363,0.0,0.825,0.0,0.103,0.0,0.0,0.0
287,1,3448,0.81500006,0.3025,0.0,0.9166667,0.0,0.5,0.0,0.0,0.0,0.77,0.363,0.0,0.825,0.0,0.103,0.0,0.0,0.0
287,2,3452,0.81500006,0.3025,0.0,0.825,0.0,0.5,0.0,0.0,0.0,0.77,0.363,0.0,0.825,0.0,0.103,0.0,0.0,0.0
288,0,3456,0.81500006,0.3025,0.0,0.825,0.0,0.5,0.0,0.0,0.0,0.77,0.363,0.0,0.825,0.0,0.103,0.0,0.0,0.0
288,1,3460,0.81500006,0.3025,0.0,0.825,0.0,0.5,0.0,0.0,0.0,0.77,0.363,0.0,0.825,0.0,0.103,0.0,0.0,0.0
288,2,3464,0.81500006,0.3025,0.0,0.825,0.0,0.5,0.0,0.0,0.0,0.77,0.363,0.0,0.825,0.0,0.103,0.0,0.0,0.0
289,0,3468,0.81500006,0.3025,0.0,0.825,0.0,0.5,0.0,0.0,0.0,0.77,0.363,0.0,0.825,0.0,0.103,0.0,0.0,0.0
289,1,3472,0.81500006,0.3025,0.0,0.825,0.0,0.5,0.0,0.0,0.0,0.77,0.363,0.0,0.825,0.0,0.103,0.0,0.0,0.0
289,2,3476,0.81500006,0.3025,0.0,0.825,0.0,0.5,0.0,0.0,0.0,0.77,0.363,0.0,0.825,0.0,0.103,0.0,0.0,0.0
290,0,3480,0.81500006,0.3025,0.0,0.825,0.0,0.5,0.0,-0.022,0.0,0.77,0.363,0.0,0.825,0.0,0.103,0.0,0.0,0.0
290,1,3484,0.81500006,0.3025,0.0,0.825,0.0,0.5,0.0,-0.044,0.0,0.77,0.363,0.0,0.825,0.0,0.103,0.0,0.0,0.0
290,2,3488,0.81500006,0.3025,0.0,0.825,0.0,0.5,0.0,-0.066,0.0,0.77,0.363,0.0,0.825,0.0,0.103,0.0,0.0,0.0
291,0,3492,0.7893334,0.3025,0.0,0.825,0.0,0.5,0.0,-0.044,0.0,0.77,0.363,0.0,0.825,0.0,0.103,0.0,0.0,0.0
291,1,3496,0.7636667,0.3025,0.0,0.825,0.0,0.5,0.0,-0.022,0.0,0.77,0.363,0.0,0.825,0.0,0.103,0.0,0.0,0.0
291,2,3500,0.73800004,0.3025,0.0,0.825,0.0,0.5,0.0,0.0,0.0,0.77,0.363,0.0,0.825,0.0,0.103,0.0,0.0,0.0
292,0,3504,0.7123334,0.3025,0.0,0.825,0.0,0.5,0.0,0.0,0.0,0.77,0.363,0.0,0.825,0.0,0.103,0.0,0.0,0.0
292,1,3508,0.6866667,0.3025,0.0,0.825,0.0,0.5,0.0,0.0,0.0,0.77,0.363,0.0,0.825,0.0,0.103,0.0,0.0,0.0
292,2,3512,0.6610001,0.3025,0.0,0.825,0.0,0.5,0.0,0.0,0.0,0.77,0.363,0.0,0.825,0.0,0.103,0.0,0.0,0.0
293,0,3516,0.6610001,0.3025,0.0,0.825,0.0,0.5,0.0,0.0,0.0,0.77,0.363,0.0,0.825,0.0,0.103,0.0,0.0,0.0
293,1,3520,0.6610001,0.3025,0.0,0.825,0.0,0.5,0.0,0.0,0.0,0.77,0.363,0.0,0.825,0.0,0.103,0.0,0.0,0.0
293,2,3524,0.6610001,0.3025,0.0,0.825,0.0,0.5,0.0,0.0,0.0,0.77,0.363,0.0,0.825,0.0,0.103,0.0,0.0,0.0
294,0,3528,0.6610001,0.3025,0.0,0.825,0.0,0.5,0.0,0.0,0.0,0.77,0.363,0.0,0.825,0.0,0.103,0.0,0.0,0.0
294,1,3532,0.6610001,0.3025,0.0,0.825,0.0,0.5,0.0,0.0,0.0,0.77,0.363,0.0,0.825,0.0,0.103,0.0,0.0,0.0
294,2,3536,0.6610001,0.3025,0.0,0.825,0.0,0.5,0.0,0.0,0.0,0.77,0.363,0.0,0.825,0.0,0.103,0.0,0.0,0.0
295,0,3540,0.6610001,0.3025,0.0,0.825,0.0,0.5,0.0,0.0,0.0,0.77,0.363,0.0,0.825,0.0,0.103,0.0,0.0,0.0
295,1,3544,0.6610001,0.3025,0.0,0.825,0.0,0.5,0.0,0.0,0.0,0.77,0.363,0.0,0.825,0.0,0.103,0.0,0.0,0.0
295,2,3548,0.6610001,0.3025,0.0,0.825,0.0,0.5,0.0,0.0,0.0,0.77,0.363,0.0,0.825,0.0,0.103,0.0,0.0,0.0
296,0,3552,0.6610001,0.3025,0.0,0.825,0.0,0.5,0.0,0.0,0.0,0.77,0.363,0.0,0.825,0.0,0.103,0.0,0.0,0.0
296,1,3556,0.6610001,0.3025,0.0,0.825,0.0,0.5,0.0,0.0,0.0,0.77,0.363,0.0,0.825,0.0,0.103,0.0,0.0,0.0
296,2,3560,0.6610001,0.3025,0.0,0.825,0.0,0.5,0.0,0.0,0.0,0.77,0.363,0.0,0.825,0.0,0.103,0.0,0.0,0.0
297,0,3564,0.6610001,0.3025,0.0,0.825,0.0,0.5,0.0,0.0,0.0,0.77,0.363,0.0,0.825,0.0,0.103,0.0,0.0,0.0
297,1,3568,0.6610001,0.3025,0.0,0.825,0.0,0.5,0.0,0.0,0.0,0.77,0.363,0.0,0.825,0.0,0.103,0.0,0.0,0.0
297,2,3572,0.6610001,0.3025,0.0,0.825,0.0,0.5,0.0,0.0,0.0,0.77,0.363,0.0,0.825,0.0,0.103,0.0,0.0,0.0
298,0,3576,0.6610001,0.3025,0.0,0.825,0.0,0.5,0.0,0.0,0.0,0.77,0.363,0.0,0.825,0.0,0.103,0.0,0.0,0.0
298,1,3580,0.6610001,0.3025,0.0,0.825,0.0,0.5,0.0,0.0,0.0,0.77,0.363,0.0,0.825,0.0,0.103,0.0,0.0,0.0
298,2,3584,0.6610001,0.3025,0.0,0.825,0.0,0.5,0.0,0.0,0.0,0.77,0.363,0.0,0.825,0.0,0.103,0.0,0.0,0.0
299,0,3588,0.6610001,0.3025,0.0,0.825,0.0,0.5,0.0,0.0,0.0,0.77,0.363,0.0,0.825,0.0,0.103,0.0,0.0,0.0
299,1,3592,0.6610001,0.3025,0.0,0.825,0.0,0.5,0.0,0.0,0.0,0.77,0.363,0.0,0.825,0.0,0.103,0.0,0.0,0.0
299,2,3596,0.6610001,0.3025,0.0,0.825,0.0,0.5,0.0,0.0,0.0,0.77,0.363,0.0,0.825,0.0,0.103,0.0,0.0,0.0
300,0,3600,0.6610001,0.3025,0.0,0.825,0.0,0.5,0.0,0.0,0.0,0.77,0.363,0.0,0.825,0.0,0.103,0.0,0.0,0.0
300,1,3604,0.6610001,0.3025,0.0,0.825,0.0,0.5,0.0,0.0,0.0,0.77,0.363,0.0,0.825,0.0,0.103,0.0,0.0,0.0
300,2,3608,0.6610001,0.3025,0.0,0.825,0.0,0.5,0.0,0.0,0.0,0.77,0.363,0.0,0.825,0.0,0.103,0.0,0.0,0.0
301,0,3612,0.6610001,0.3025,0.0,0.825,0.0,0.5,0.0,0.0,0.0,0.77,0.363,0.0,0.825,0.0,0.103,0.0,0.0,0.0
301,1,3616,0.6610001,0.3025,0.0,0.825,0.0,0.5,0.0,0.0,0.0,0.77,0.363,0.0,0.825,0.0,0.103,0.0,0.0,0.0
301,2,3620,0.6610001,0.3025,0.0,0.825,0.0,0.5,0.0,0.0,0.0,0.77,0.363,0.0,0.825,0.0,0.103,0.0,0.0,0.0
302,0,3624,0.6610001,0.3025,0.0,0.825,0.0,0.5,0.0,0.0,0.0,0.77,0.363,0.0,0.825,0.0,0.103,0.0,0.0,0.0
302,1,3628,0.6610001,0.3025,0.0,0.825,0.0,0.5,0.0,0.0,0.0,0.77,0.363,0.0,0.825,0.0,0.103,0.0,0.0,0.0
302,2,3632,0.6610001,0.3025,0.0,0.825,0.0,0.5,0.0,0.0,0.0,0.77,0.363,0.0,0.825,0.0,0.103,0.0,0.0,0.0
303,0,3636,0.6610001,0.3025,0.0,0.825,0.0,0.5,0.0,0.0,0.0,0.77,0.363,0.0,0.825,0.0,0.103,0.0,0.0,0.0
303,1,3640,0.6610001,0.3025,0.0,0.825,0.0,0.5,0.0,0.0,0.0,0.77,0.363,0.0,0.825,0.0,0.103,0.0,0.0,0.0
303,2,3644,0.6610001,0.3025,0.0,0.825,0.0,0.5,0.0,0.0,0.0,0.77,0.363,0.0,0.825,0.0,0.103,0.0,0.0,0.0
304,0,3648,0.6610001,0.3025,0.0,0.825,0.0,0.5,0.0,0.0,0.0,0.77,0.363,0.0,0.825,0.0,0.103,0.0,0.0,0.0
304,1,3652,0.6610001,0.3025,0.0,0.825,0.0,0.5,0.0,0.0,0.0,0.77,0.363,0.0,0.825,0.0,0.103,0.0,0.0,0.0
304,2,3656,0.6610001,0.3025,0.0,0.825,0.0,0.5,0.0,0.0,0.0,0.77,0.363,0.0,0.825,0.0,0.103,0.0,0.0,0.0
305,0,3660,0.6610001,0.3025,0.0,0.825,0.0,0.5,0.0,0.0,0.0,0.77,0.363,0.0,0.825,0.0,0.103,0.0,0.0,0.0
305,1,3664,0.6610001,0.3025,0.0,0.825,0.0,0.5,0.0,0.0,0.0,0.77,0.363,0.0,0.825,0.0,0.103,0.0,0.0,0.0
305,2,3668,0.6610001,0.3025,0.0,0.825,0.0,0.5,0.0,0.0,0.0,0.77,0.363,0.0,0.825,0.0,0.103,0.0,0.0,0.0
306,0,3672,0.6610001,0.3025,0.0,0.825,0.0,0.48345834,0.0,0.0,0.0,0.77,0.363,0.0,0.825,0.0,0.103,0.0,0.0,0.0
306,1,3676,0.6610001,0.3025,0.0,0.825,0.0,0.46691668,0.0,0.0,0.0,0.77,0.363,0.0,0.825,0.0,0.103,0.0,0.0,0.0
306,2,3680,0.6610001,0.3025,0.0,0.825,0.0,0.450375,0.0,0.0,0.0,0.77,0.363,0.0,0.825,0.0,0.103,0.0,0.0,0.0
307,0,3684,0.63533336,0.3025,0.0,0.825,0.0,0.43383333,0.0,0.0,0.0,0.77,0.363,0.0,0.825,0.0,0.103,0.0,0.0,0.0
307,1,3688,0.6096667,0.3025,0.0,0.825,0.0,0.41729167,0.0,0.0,0.0,0.77,0.363,0.0,0.825,0.0,0.103,0.0,0.0,0.0
307,2,3692,0.58400005,0.3025,0.0,0.825,0.0,0.40075,0.0,0.0,0.0,0.77,0.363,0.0,0.825,0.0,0.103,0.0,0.0,0.0
308,0,3696,0.58400005,0.3025,0.0,0.825,0.0,0.38420832,0.0,0.0,0.0,0.77,0.363,0.0,0.825,0.0,0.103,0.0,0.0,0.0
308,1,3700,0.58400005,0.3025,0.0,0.825,0.0,0.36766666,0.0,0.0,0.0,0.77,0.363,0.0,0.825,0.0,0.103,0.0,0.0,0.0
308,2,3704,0.58400005,0.3025,0.0,0.825,0.0,0.351125,0.0,0.0,0.0,0.77,0.363,0.0,0.825,0.0,0.103,0.0,0.0,0.0
309,0,3708,0.58400005,0.3025,0.0,0.825,0.0,0.33458334,0.0,0.0,0.0,0.77,0.363,0.0,0.825,0.0,0.103,0.0,0.0,0.0
309,1,3712,0.58400005,0.3025,0.0,0.825,0.0,0.31804165,0.0,0.0,0.0,0.77,0.363,0.0,0.825,0.0,0.103,0.0,0.0,0.0
309,2,3716,0.58400005,0.3025,0.0,0.825,0.0,0.3015,0.0,0.0,0.0,0.77,0.363,0.0,0.825,0.0,0.103,0.0,0.0,0.0
310,0,3720,0.58400005,0.3025,0.0,0.825,0.0,0.28495833,0.0,0.0,0.0,0.77,0.363,0.0,0.825,0.0,0.103,0.0,0.0,0.0
310,1,3724,0.58400005,0.3025,0.0,0.825,0.0,0.26841667,0.0,0.0,0.0,0.77,0.363,0.0,0.825,0.0,0.103,0.0,0.0,0.0
310,2,3728,0.58400005,0.3025,0.0,0.825,0.0,0.251875,0.0,0.0,0.0,0.77,0.363,0.0,0.825,0.0,0.103,0.0,0.0,0.0
311,0,3732,0.58400005,0.3025,0.0,0.825,0.0,0.23533334,0.0,0.0,0.0,0.77,0.363,0.0,0.825,0.0,0.103,0.0,0.0,0.0
311,1,3736,0.58400005,0.3025,0.0,0.825,0.0,0.21879166,0.0,0.0,0.0,0.77,0.363,0.0,0.825,0.0,0.103,0.0,0.0,0.0
311,2,3740,0.58400005,0.3025,0.0,0.825,0.0,0.20225,0.0,0.0,0.0,0.77,0.363,0.0,0.825,0.0,0.103,0.0,0.0,0.0
312,0,3744,0.58400005,0.3025,0.0,0.825,0.0,0.18570833,-0.022,0.0,0.0,0.77,0.363,0.0,0.825,0.0,0.103,0.0,0.0,0.0
312,1,3748,0.58400005,0.3025,0.0,0.825,0.0,0.16916667,-0.044,0.0,0.0,0.77,0.363,0.0,0.825,0.0,0.103,0.0,0.0,0.0
312,2,3752,0.58400005,0.3025,0.0,0.825,0.0,0.152625,-0.066,0.0,0.0,0.77,0.363,0.0,0.825,0.0,0.103,0.0,0.0,0.0
313,0,3756,0.58400005,0.3025,0.0,0.825,0.0,0.13608333,-0.044,0.0,0.0,0.77,0.363,0.0,0.825,0.0,0.103,0.0,0.0,0.0
313,1,3760,0.58400005,0.3025,0.0,0.825,0.0,0.11954167,-0.022,0.0,0.0,0.77,0.363,0.0,0.825,0.0,0.103,0.0,0.0,0.0
313,2,3764,0.58400005,0.3025,0.0,0.825,0.0,0.103,0.0,0.0,0.0,0.77,0.363,0.0,0.825,0.0,0.103,0.0,0.0,0.0
314,0,3768,0.58400005,0.3025,0.0,0.825,0.0,0.103,-0.022,0.0,0.0,0.77,0.363,0.0,0.825,0.0,0.103,0.0,0.0,0.0
314,1,3772,0.58400005,0.3025,0.0,0.825,0.0,0.103,-0.044,0.0,0.0,0.77,0.363,0.0,0.825,0.0,0.103,0.0,0.0,0.0
314,2,3776,0.58400005,0.3025,0.0,0.825,0.0,0.103,-0.066,0.0,0.0,0.77,0.363,0.0,0.825,0.0,0.103,0.0,0.0,0.0
315,0,3780,0.58400005,0.3025,0.0,0.825,0.0,0.103,-0.088,0.0,0.0,0.77,0.363,0.0,0.825,0.0,0.103,0.0,0.0,0.0
315,1,3784,0.58400005,0.3025,0.0,0.825,0.0,0.103,-0.11,0.0,0.0,0.77,0.363,0.0,0.825,0.0,0.103,0.0,0.0,0.0
315,2,3788,0.58400005,0.3025,0.0,0.825,0.0,0.103,-0.132,0.0,0.0,0.77,0.363,0.0,0.825,0.0,0.103,0.0,0.0,0.0
316,0,3792,0.58400005,0.3025,0.0,0.825,0.0,0.103,-0.154,0.0,0.0,0.77,0.363,0.0,0.825,0.0,0.103,0.0,0.0,0.0
316,1,3796,0.58400005,0.3025,0.0,0.825,0.0,0.103,-0.176,0.0,0.0,0.77,0.363,0.0,0.825,0.0,0.103,0.0,0.0,0.0
316,2,3800,0.58400005,0.3025,0.0,0.825,0.0,0.103,-0.198,0.0,0.0,0.77,0.363,0.0,0.825,0.0,0.103,0.0,0.0,0.0
317,0,3804,0.58400005,0.3025,0.0,0.825,0.0,0.103,-0.176,0.0,0.0,0.77,0.363,0.0,0.825,0.0,0.103,0.0,0.0,0.0
317,1,3808,0.58400005,0.3025,0.0,0.825,0.0,0.103,-0.154,0.0,0.0,0.77,0.363,0.0,0.825,0.0,0.103,0.0,0.0,0.0
317,2,3812,0.58400005,0.3025,0.0,0.825,0.0,0.103,-0.132,0.0,0.0,0.77,0.363,0.0,0.825,0.0,0.103,0.0,0.0,0.0
318,0,3816,0.58400005,0.3025,0.0,0.825,0.0,0.103,-0.154,0.0,0.0,0.77,0.363,0.0,0.825,0.0,0.103,0.0,0.0,0.0
318,1,3820,0.58400005,0.3025,0.0,0.825,0.0,0.103,-0.176,0.0,0.0,0.77,0.363,0.0,0.825,0.0,0.103,0.0,0.0,0.0
318,2,3824,0.58400005,0.3025,0.0,0.825,0.0,0.103,-0.198,0.0,0.0,0.77,0.363,0.0,0.825,0.0,0.103,0.0,0.0,0.0
319,0,3828,0.58400005,0.3025,0.0,0.825,0.0,0.103,-0.176,0.0,0.0,0.77,0.363,0.0,0.825,0.0,0.103,0.0,0.0,0.0
319,1,3832,0.58400005,0.3025,0.0,0.825,0.0,0.103,-0.154,0.0,0.0,0.77,0.363,0.0,0.825,0.0,0.103,0.0,0.0,0.0
319,2,3836,0.58400005,0.3025,0.0,0.825,0.0,0.103,-0.132,0.0,0.0,0.77,0.363,0.0,0.825,0.0,0.103,0.0,0.0,0.0
320,0,3840,0.58400005,0.3025,0.0,0.825,0.0,0.103,-0.11,0.0,0.0,0.77,0.363,0.0,0.825,0.0,0.103,0.0,0.0,0.0
320,1,3844,0.58400005,0.3025,0.0,0.825,0.0,0.103,-0.088,0.0,0.0,0.77,0.363,0.0,0.825,0.0,0.103,0.0,0.0,0.0
320,2,3848,0.58400005,0.3025,0.0,0.825,0.0,0.103,-0.066,0.0,0.0,0.77,0.363,0.0,0.825,0.0,0.103,0.0,0.0,0.0
321,0,3852,0.58400005,0.3025,0.0,0.825,0.0,0.103,-0.088,0.0,0.0,0.77,0.363,0.0,0.825,0.0,0.103,0.0,0.0,0.0
321,1,3856,0.58400005,0.3025,0.0,0.825,0.0,0.103,-0.11,0.0,0.0,0.77,0.363,0.0,0.825,0.0,0.103,0.0,0.0,0.0
321,2,3860,0.58400005,0.3025,0.0,0.825,0.0,0.103,-0.132,0.0,0.0,0.77,0.363,0.0,0.825,0.0,0.103,0.0,0.0,0.0
322,0,3864,0.58400005,0.3025,0.0,0.825,0.0,0.103,-0.11,0.0,0.0,0.77,0.363,0.0,0.825,0.0,0.103,0.0,0.0,0.0
322,1,3868,0.58400005,0.3025,0.0,0.825,0.0,0.103,-0.088,0.0,0.0,0.77,0.363,0.0,0.825,0.0,0.103,0.0,0.0,0.0
322,2,3872,0.58400005,0.3025,0.0,0.825,0.0,0.103,-0.066,0.0,0.0,0.77,0.363,0.0,0.825,0.0,0.103,0.0,0.0,0.0
323,0,3876,0.58400005,0.3025,0.0,0.825,0.0,0.103,-0.044,0.0,0.0,0.77,0.363,0.0,0.825,0.0,0.103,0.0,0.0,0.0
323,1,3880,0.58400005,0.3025,0.0,0.825,0.0,0.103,-0.022,0.0,0.0,0.77,0.363,0.0,0.825,0.0,0.103,0.0,0.0,0.0
323,2,3884,0.58400005,0.3025,0.0,0.825,0.0,0.103,0.0,0.0,0.0,0.77,0.363,0.0,0.825,0.0,0.103,0.0,0.0,0.0
324,0,3888,0.58400005,0.3025,0.0,0.825,0.0,0.103,-0.022,0.0,0.0,0.77,0.363,0.0,0.825,0.0,0.103,0.0,0.0,0.0
324,1,3892,0.58400005,0.3025,0.0,0.825,0.0,0.103,-0.044,0.0,0.0,0.77,0.363,0.0,0.825,0.0,0.103,0.0,0.0,0.0
324,2,3896,0.58400005,0.3025,0.0,0.825,0.0,0.103,-0.066,0.0,0.0,0.77,0.363,0.0,0.825,0.0,0.103,0.0,0.0,0.0
325,0,3900,0.58400005,0.3025,0.0,0.825,0.0,0.103,-0.088,0.0,0.0,0.77,0.363,0.0,0.825,0.0,0.103,0.0,0.0,0.0
325,1,3904,0.58400005,0.3025,0.0,0.825,0.0,0.103,-0.11,0.0,0.0,0.77,0.363,0.0,0.825,0.0,0.103,0.0,0.0,0.0
325,2,3908,0.58400005,0.3025,0.0,0.825,0.0,0.103,-0.132,0.0,0.0,0.77,0.363,0.0,0.825,0.0,0.103,0.0,0.0,0.0
326,0,3912,0.58400005,0.3025,0.0,0.825,0.0,0.103,-0.154,0.0,0.0,0.77,0.363,0.0,0.825,0.0,0.103,0.0,0.0,0.0
326,1,3916,0.58400005,0.3025,0.0,0.825,0.0,0.103,-0.176,0.0,0.0,0.77,0.363,0.0,0.825,0.0,0.103,0.0,0.0,0.0
326,2,3920,0.58400005,0.3025,0.0,0.825,0.0,0.103,-0.198,0.0,0.0,0.77,0.363,0.0,0.825,0.0,0.103,0.0,0.0,0.0
327,0,3924,0.58400005,0.3025,0.0,0.825,0.0,0.103,-0.176,0.0,0.0,0.77,0.363,0.0,0.825,0.0,0.103,0.0,0.0,0.0
327,1,3928,0.58400005,0.3025,0.0,0.825,0.0,0.103,-0.154,0.0,0.0,0.77,0.363,0.0,0.825,0.0,0.103,0.0,0.0,0.0
327,2,3932,0.58400005,0.3025,0.0,0.825,0.0,0.103,-0.132,0.0,0.0,0.77,0.363,0.0,0.825,0.0,0.103,0.0,0.0,0.0
328,0,3936,0.58400005,0.3025,0.0,0.825,0.0,0.103,-0.11,0.0,0.0,0.77,0.363,0.0,0.825,0.0,0.103,0.0,0.0,0.0
328,1,3940,0.58400005,0.3025,0.0,0.825,0.0,0.103,-0.088,0.0,0.0,0.77,0.363,0.0,0.825,0.0,0.103,0.0,0.0,0.0
328,2,3944,0.58400005,0.3025,0.0,0.825,0.0,0.103,-0.066,0.0,0.0,0.77,0.363,0.0,0.825,0.0,0.103,0.0,0.0,0.0
329,0,3948,0.58400005,0.3025,0.0,0.825,0.0,0.103,-0.044,0.0,0.0,0.77,0.363,0.0,0.825,0.0,0.103,0.0,0.0,0.0
329,1,3952,0.58400005,0.3025,0.0,0.825,0.0,0.103,-0.022,0.0,0.0,0.77,0.363,0.0,0.825,0.0,0.103,0.0,0.0,0.0
329,2,3956,0.58400005,0.3025,0.0,0.825,0.0,0.103,0.0,0.0,0.0,0.77,0.363,0.0,0.825,0.0,0.103,0.0,0.0,0.0
330,0,3960,0.58400005,0.3025,0.0,0.825,0.0,0.103,0.0,0.0,0.0,0.77,0.363,0.0,0.825,0.0,0.103,0.0,0.0,0.0
330,1,3964,0.58400005,0.3025,0.0,0.825,0.0,0.103,0.0,0.0,0.0,0.77,0.363,0.0,0.825,0.0,0.103,0.0,0.0,0.0
330,2,3968,0.58400005,0.3025,0.0,0.825,0.0,0.103,0.0,0.0,0.0,0.77,0.363,0.0,0.825,0.0,0.103,0.0,0.0,0.0
331,0,3972,0.58400005,0.3025,0.0,0.825,0.0,0.103,0.0,0.0,0.0,0.77,0.363,0.0,0.825,0.0,0.103,0.0,0.0,0.0
331,1,3976,0.58400005,0.3025,0.0,0.825,0.0,0.103,0.0,0.0,0.0,0.77,0.363,0.0,0.825,0.0,0.103,0.0,0.0,0.0
331,2,3980,0.58400005,0.3025,0.0,0.825,0.0,0.103,0.0,0.0,0.0,0.77,0.363,0.0,0.825,0.0,0.103,0.0,0.0,0.0
332,0,3984,0.6096667,0.3025,0.0,0.825,0.0,0.103,0.0,0.0,0.0,0.77,0.363,0.0,0.825,0.0,0.103,0.0,0.0,0.0
332,1,3988,0.63533336,0.3025,0.0,0.825,0.0,0.103,0.0,0.0,0.0,0.77,0.363,0.0,0.825,0.0,0.103,0.0,0.0,0.0
332,2,3992,0.6610001,0.3025,0.0,0.825,0.0,0.103,0.0,0.0,0.0,0.77,0.363,0.0,0.825,0.0,0.103,0.0,0.0,0.0
333,0,3996,0.6610001,0.3025,0.0,0.825,0.0,0.103,0.0,0.0,0.0,0.77,0.363,0.0,0.825,0.0,0.103,0.0,0.0,0.0
333,1,4000,0.6610001,0.3025,0.0,0.825,0.0,0.103,0.0,0.0,0.0,0.77,0.363,0.0,0.825,0.0,0.103,0.0,0.0,0.0
333,2,4004,0.6610001,0.3025,0.0,0.825,0.0,0.103,0.0,0.0,0.0,0.77,0.363,0.0,0.825,0.0,0.103,0.0,0.0,0.0
334,0,4008,0.6610001,0.3025,0.0,0.825,0.0,0.103,0.0,0.0,0.0,0.77,0.363,0.0,0.825,0.0,0.103,0.0,0.0,0.0
334,1,4012,0.6610001,0.3025,0.0,0.825,0.0,0.103,0.0,0.0,0.0,0.77,0.363,0.0,0.825,0.0,0.103,0.0,0.0,0.0
334,2,4016,0.6610001,0.3025,0.0,0.825,0.0,0.103,0.0,0.0,0.0,0.77,0.363,0.0,0.825,0.0,0.103,0.0,0.0,0.0
335,0,4020,0.6610001,0.3025,0.0,0.825,0.0,0.103,0.0,0.0,0.0,0.77,0.363,0.0,0.825,0.0,0.103,0.0,0.0,0.0
335,1,4024,0.6610001,0.3025,0.0,0.825,0.0,0.103,0.0,0.0,0.0,0.77,0.363,0.0,0.825,0.0,0.103,0.0,0.0,0.0
335,2,4028,0.6610001,0.3025,0.0,0.825,0.0,0.103,0.0,0.0,0.0,0.77,0.363,0.0,0.825,0.0,0.103,0.0,0.0,0.0
336,0,4032,0.6610001,0.3025,0.0,0.825,0.0,0.103,0.0,0.0,0.0,0.77,0.363,0.0,0.825,0.0,0.103,0.0,0.0,0.0
336,1,4036,0.6610001,0.3025,0.0,0.825,0.0,0.103,0.0,0.0,0.0,0.77,0.363,0.0,0.825,0.0,0.103,0.0,0.0,0.0
336,2,4040,0.6610001,0.3025,0.0,0.825,0.0,0.103,0.0,0.0,0.0,0.77,0.363,0.0,0.825,0.0,0.103,0.0,0.0,0.0
337,0,4044,0.6610001,0.3025,0.0,0.825,0.0,0.103,0.0,0.0,0.0,0.77,0.363,0.0,0.825,0.0,0.103,0.0,0.0,0.0
337,1,4048,0.6610001,0.3025,0.0,0.825,0.0,0.103,0.0,0.0,0.0,0.77,0.363,0.0,0.825,0.0,0.103,0.0,0.0,0.0
337,2,4052,0.6610001,0.3025,0.0,0.825,0.0,0.103,0.0,0.0,0.0,0.77,0.363,0.0,0.825,0.0,0.103,0.0,0.0,0.0
338,0,4056,0.6610001,0.3025,0.0,0.825,0.0,0.103,0.0,0.0,0.0,0.77,0.363,0.0,0.825,0.0,0.103,0.0,0.0,0.0
338,1,4060,0.6610001,0.3025,0.0,0.825,0.0,0.103,0.0,0.0,0.0,0.77,0.363,0.0,0.825,0.0,0.103,0.0,0.0,0.0
338,2,4064,0.6610001,0.3025,0.0,0.825,0.0,0.103,0.0,0.0,0.0,0.77,0.363,0.0,0.825,0.0,0.103,0.0,0.0,0.0
339,0,4068,0.6610001,0.3025,0.0,0.825,0.0,0.103,0.0,0.0,0.0,0.77,0.363,0.0,0.825,0.0,0.103,0.0,0.0,0.0
339,1,4072,0.6610001,0.3025,0.0,0.825,0.0,0.103,0.0,0.0,0.0,0.77,0.363,0.0,0.825,0.0,0.103,0.0,0.0,0.0
339,2,4076,0.6610001,0.3025,0.0,0.825,0.0,0.103,0.0,0.0,0.0,0.77,0.363,0.0,0.825,0.0,0.103,0.0,0.0,0.0
340,0,4080,0.6866667,0.3025,0.0,0.825,0.0,0.103,0.0,0.0,0.0,0.77,0.363,0.0,0.825,0.0,0.103,0.0,0.0,0.0
340,1,4084,0.7123334,0.3025,0.0,0.825,0.0,0.103,0.0,0.0,0.0,0.77,0.363,0.0,0.825,0.0,0.103,0.0,0.0,0.0
340,2,4088,0.73800004,0.3025,0.0,0.825,0.0,0.103,0.0,0.0,0.0,0.77,0.363,0.0,0.825,0.0,0.103,0.0,0.0,0.0
341,0,4092,0.7636667,0.3025,0.0,0.825,0.0,0.103,0.0,0.0,0.0,0.77,0.363,0.0,0.825,0.0,0.103,0.0,0.0,0.0
341,1,4096,0.7893334,0.3025,0.0,0.825,0.0,0.103,0.0,0.0,0.0,0.77,0.363,0.0,0.825,0.0,0.103,0.0,0.0,0.0
341,2,4100,0.81500006,0.3025,0.0,0.825,0.0,0.103,0.0,0.0,0.0,0.77,0.363,0.0,0.825,0.0,0.103,0.0,0.0,0.0
342,0,4104,0.81500006,0.3025,0.0,0.825,0.0,0.103,0.0,0.0,0.0,0.77,0.363,0.0,0.825,0.0,0.103,0.0,0.0,0.0
342,1,4108,0.81500006,0.3025,0.0,0.825,0.0,0.103,0.0,0.0,0.0,0.77,0.363,0.0,0.825,0.0,0.103,0.0,0.0,0.0
342,2,4112,0.81500006,0.3025,0.0,0.825,0.0,0.103,0.0,0.0,0.0,0.77,0.363,0.0,0.825,0.0,0.103,0.0,0.0,0.0
343,0,4116,0.81500006,0.3025,0.0,0.825,0.0,0.103,0.0,0.0,0.0,0.77,0.363,0.0,0.825,0.0,0.103,0.0,0.0,0.0
343,1,4120,0.81500006,0.3025,0.0,0.825,0.0,0.103,0.0,0.0,0.0,0.77,0.363,0.0,0.825,0.0,0.103,0.0,0.0,0.0
343,2,4124,0.81500006,0.3025,0.0,0.825,0.0,0.103,0.0,0.0,0.0,0.77,0.363,0.0,0.825,0.0,0.103,0.0,0.0,0.0
344,0,4128,0.81500006,0.3025,0.0,0.825,0.0,0.103,0.0,0.0,0.0,0.77,0.363,0.0,0.825,0.0,0.103,0.0,0.0,0.0
344,1,4132,0.81500006,0.3025,0.0,0.825,0.0,0.103,0.0,0.0,0.0,0.77,0.363,0.0,0.825,0.0,0.103,0.0,0.0,0.0
344,2,4136,0.81500006,0.3025,0.0,0.825,0.0,0.103,0.0,0.0,0.0,0.77,0.363,0.0,0.825,0.0,0.103,0.0,0.0,0.0
345,0,4140,0.81500006,0.3025,0.0,0.825,0.0,0.103,0.0,0.0,0.0,0.77,0.363,0.0,0.825,0.0,0.103,0.0,0.0,0.0
345,1,4144,0.81500006,0.3025,0.0,0.825,0.0,0.103,0.0,0.0,0.0,0.77,0.363,0.0,0.825,0.0,0.103,0.0,0.0,0.0
345,2,4148,0.81500006,0.3025,0.0,0.825,0.0,0.103,0.0,0.0,0.0,0.77,0.363,0.0,0.825,0.0,0.103,0.0,0.0,0.0
346,0,4152,0.81500006,0.3025,0.0,0.825,0.0,0.103,0.0,0.0,0.0,0.77,0.363,0.0,0.825,0.0,0.103,0.0,0.0,0.0
346,1,4156,0.81500006,0.3025,0.0,0.825,0.0,0.103,0.0,0.0,0.0,0.77,0.363,0.0,0.825,0.0,0.103,0.0,0.0,0.0
346,2,4160,0.81500006,0.3025,0.0,0.825,0.0,0.103,0.0,0.0,0.0,0.77,0.363,0.0,0.825,0.0,0.103,0.0,0.0,0.0
347,0,4164,0.81500006,0.3025,0.0,0.825,0.0,0.103,0.0,-0.022,0.0,0.77,0.363,0.0,0.825,0.0,0.103,0.0,0.0,0.0
347,1,4168,0.81500006,0.3025,0.0,0.825,0.0,0.103,0.0,-0.044,0.0,0.77,0.363,0.0,0.825,0.0,0.103,0.0,0.0,0.0
347,2,4172,0.81500006,0.3025,0.0,0.825,0.0,0.103,0.0,-0.066,0.0,0.77,0.363,0.0,0.825,0.0,0.103,0.0,0.0,0.0
348,0,4176,0.81500006,0.3025,0.0,0.825,0.0,0.103,0.0,-0.088,0.0,0.77,0.363,0.0,0.825,0.0,0.103,-0.022,0.0,0.0
348,1,4180,0.81500006,0.3025,0.0,0.825,0.0,0.103,0.0,-0.11,0.0,0.77,0.363,0.0,0.825,0.0,0.103,-0.044,0.0,0.0
348,2,4184,0.81500006,0.3025,0.0,0.825,0.0,0.103,0.0,-0.132,0.0,0.77,0.363,0.0,0.825,0.0,0.103,-0.066,0.0,0.0
349,0,4188,0.81500006,0.3025,0.0,0.825,0.0,0.103,0.0,-0.154,0.0,0.77,0.363,0.0,0.825,0.0,0.103,-0.088,0.0,0.0
349,1,4192,0.81500006,0.3025,0.0,0.825,0.0,0.103,0.0,-0.176,0.0,0.77,0.363,0.0,0.825,0.0,0.103,-0.11,0.0,0.0
349,2,4196,0.81500006,0.3025,0.0,0.825,0.0,0.103,0.0,-0.198,0.0,0.77,0.363,0.0,0.825,0.0,0.103,-0.132,0.0,0.0
350,0,4200,0.81500006,0.3025,0.0,0.825,0.0,0.103,0.0,-0.22,0.0,0.77,0.363,0.0,0.825,0.0,0.103,-0.154,0.0,0.0
350,1,4204,0.81500006,0.3025,0.0,0.825,0.0,0.103,0.0,-0.242,0.0,0.77,0.363,0.0,0.825,0.0,0.103,-0.176,0.0,0.0
350,2,4208,0.81500006,0.3025,0.0,0.825,0.0,0.103,0.0,-0.264,0.0,0.77,0.363,0.0,0.825,0.0,0.103,-0.198,0.0,0.0
351,0,4212,0.81500006,0.3025,0.0,0.825,0.0,0.103,0.0,-0.286,0.0,0.77,0.363,0.0,0.825,0.0,0.103,-0.22,0.022,0.0
351,1,4216,0.81500006,0.3025,0.0,0.825,0.0,0.103,0.0,-0.308,0.0,0.77,0.363,0.0,0.825,0.0,0.103,-0.242,0.044,0.0
351,2,4220,0.81500006,0.3025,0.0,0.825,0.0,0.103,0.0,-0.33,0.0,0.77,0.363,0.0,0.825,0.0,0.103,-0.264,0.066,0.0
352,0,4224,0.81500006,0.3025,0.0,0.825,0.0,0.103,0.0,-0.352,0.0,0.77,0.363,0.0,0.825,0.0,0.103,-0.286,0.088,0.0
352,1,4228,0.81500006,0.3025,0.0,0.825,0.0,0.103,0.0,-0.374,0.0,0.77,0.363,0.0,0.825,0.0,0.103,-0.308,0.11,0.0
352,2,4232,0.81500006,0.3025,0.0,0.825,0.0,0.103,0.0,-0.396,0.0,0.77,0.363,0.0,0.825,0.0,0.103,-0.33,0.132,0.0
353,0,4236,0.81500006,0.3025,0.0,0.825,0.0,0.103,0.0,-0.418,0.0,0.77,0.363,0.0,0.825,0.0,0.103,-0.352,0.154,0.0
353,1,4240,0.81500006,0.3025,0.0,0.825,0.0,0.103,0.0,-0.44,0.0,0.77,0.363,0.0,0.825,0.0,0.103,-0.374,0.176,0.0
353,2,4244,0.81500006,0.3025,0.0,0.825,0.0,0.103,0.0,-0.462,0.0,0.77,0.363,0.0,0.825,0.0,0.103,-0.396,0.198,0.0
354,0,4248,0.81500006,0.3025,0.0,0.825,0.0,0.103,0.0,-0.484,0.0,0.77,0.363,0.0,0.825,0.0,0.103,-0.418,0.22,0.0
354,1,4252,0.81500006,0.3025,0.0,0.825,0.0,0.103,0.0,-0.506,0.0,0.77,0.363,0.0,0.825,0.0,0.103,-0.44,0.242,0.0
354,2,4256,0.81500006,0.3025,0.0,0.825,0.0,0.103,0.0,-0.528,0.0,0.77,0.363,0.0,0.825,0.0,0.103,-0.462,0.264,0.0
355,0,4260,0.81500006,0.3025,0.0,0.825,0.0,0.103,0.0,-0.55,0.0,0.77,0.363,0.0,0.825,0.0,0.103,-0.484,0.286,0.0
355,1,4264,0.81500006,0.3025,0.0,0.825,0.0,0.103,0.0,-0.572,0.0,0.77,0.363,0.0,0.825,0.0,0.103,-0.506,0.308,0.0
355,2,4268,0.81500006,0.3025,0.0,0.825,0.0,0.103,0.0,-0.594,0.0,0.77,0.363,0.0,0.825,0.0,0.103,-0.528,0.33,0.0
356,0,4272,0.81500006,0.3025,0.0,0.825,0.0,0.103,0.0,-0.616,0.0,0.77,0.363,0.0,0.825,0.0,0.103,-0.55,0.352,0.0
356,1,4276,0.81500006,0.3025,0.0,0.825,0.0,0.103,0.0,-0.616,0.0,0.77,0.363,0.0,0.825,0.0,0.103,-0.572,0.374,0.0
356,2,4280,0.81500006,0.3025,0.0,0.825,0.0,0.103,0.0,-0.616,0.0,0.77,0.363,0.0,0.825,0.0,0.103,-0.594,0.396,0.0
357,0,4284,0.81500006,0.3025,0.0,0.825,0.0,0.103,0.0,-0.616,0.0,0.77,0.363,0.0,0.825,0.0,0.103,-0.572,0.418,0.0
357,1,4288,0.81500006,0.3025,0.0,0.825,0.0,0.103,0.0,-0.616,0.0,0.77,0.363,0.0,0.825,0.0,0.103,-0.55,0.44,0.0
357,2,4292,0.81500006,0.3025,0.0,0.825,0.0,0.103,0.0,-0.616,0.0,0.77,0.363,0.0,0.825,0.0,0.103,-0.528,0.462,0.0
358,0,4296,0.81500006,0.3025,0.0,0.825,0.0,0.103,0.0,-0.616,0.0,0.77,0.363,0.0,0.825,0.0,0.103,-0.506,0.484,0.0
358,1,4300,0.81500006,0.3025,0.0,0.825,0.0,0.103,0.0,-0.616,0.0,0.77,0.363,0.0,0.825,0.0,0.103,-0.484,0.506,0.0
358,2,4304,0.81500006,0.3025,0.0,0.825,0.0,0.103,0.0,-0.616,0.0,0.77,0.363,0.0,0.825,0.0,0.103,-0.462,0.528,0.0
359,0,4308,0.81500006,0.3025,0.0,0.825,0.0,0.103,0.0,-0.616,0.0,0.77,0.363,0.0,0.825,0.0,0.103,-0.44,0.55,0.0
359,1,4312,0.81500006,0.3025,0.0,0.825,0.0,0.103,0.0,-0.616,0.0,0.77,0.363,0.0,0.825,0.0,0.103,-0.418,0.572,0.0
359,2,4316,0.81500006,0.3025,0.0,0.825,0.0,0.103,0.0,-0.616,0.0,0.77,0.363,0.0,0.825,0.0,0.103,-0.396,0.594,0.0
360,0,4320,0.81500006,0.3025,0.0,0.825,0.0,0.103,0.0,-0.616,0.0,0.77,0.363,0.0,0.825,0.0,0.103,-0.374,0.616,0.0
360,1,4324,0.81500006,0.3025,0.0,0.825,0.0,0.103,0.0,-0.616,0.0,0.77,0.363,0.0,0.825,0.0,0.103,-0.352,0.616,0.0
360,2,4328,0.81500006,0.3025,0.0,0.825,0.0,0.103,0.0,-0.616,0.0,0.77,0.363,0.0,0.825,0.0,0.103,-0.33,0.616,0.0
361,0,4332,0.81500006,0.3025,0.0,0.825,0.0,0.103,0.022,-0.616,0.0,0.77,0.363,0.0,0.825,0.0,0.103,-0.308,0.616,0.0
361,1,4336,0.81500006,0.3025,0.0,0.825,0.0,0.103,0.044,-0.616,0.0,0.77,0.363,0.0,0.825,0.0,0.103,-0.286,0.616,0.0
361,2,4340,0.81500006,0.3025,0.0,0.825,0.0,0.103,0.066,-0.616,0.0,0.77,0.363,0.0,0.825,0.0,0.103,-0.264,0.616,0.0
362,0,4344,0.81500006,0.3025,0.0,0.825,0.0,0.103,0.088,-0.616,0.0,0.77,0.363,0.0,0.825,0.0,0.103,-0.242,0.616,0.0
362,1,4348,0.81500006,0.3025,0.0,0.825,0.0,0.103,0.11,-0.616,0.0,0.77,0.363,0.0,0.825,0.0,0.103,-0.22,0.616,0.0
362,2,4352,0.81500006,0.3025,0.0,0.825,0.0,0.103,0.132,-0.616,0.0,0.77,0.363,0.0,0.825,0.0,0.103,-0.198,0.616,0.0
363,0,4356,0.81500006,0.3025,0.0,0.825,0.0,0.103,0.154,-0.616,0.0,0.77,0.363,0.0,0.825,0.0,0.103,-0.176,0.616,0.0
363,1,4360,0.81500006,0.3025,0.0,0.825,0.0,0.103,0.176,-0.616,0.0,0.77,0.363,0.0,0.825,0.0,0.103,-0.154,0.616,0.0
363,2,4364,0.81500006,0.3025,0.0,0.825,0.0,0.103,0.198,-0.616,0.0,0.77,0.363,0.0,0.825,0.0,0.103,-0.132,0.616,0.0
364,0,4368,0.81500006,0.3025,0.0,0.825,0.0,0.103,0.22,-0.616,0.0,0.77,0.363,0.0,0.825,0.0,0.103,-0.11,0.616,0.0
364,1,4372,0.81500006,0.3025,0.0,0.825,0.0,0.103,0.242,-0.616,0.0,0.77,0.363,0.0,0.825,0.0,0.103,-0.088,0.616,0.0
364,2,4376,0.81500006,0.3025,0.0,0.825,0.0,0.103,0.264,-0.616,0.0,0.77,0.363,0.0,0.825,0.0,0.103,-0.066,0.616,0.0
365,0,4380,0.81500006,0.3025,0.0,0.825,0.0,0.103,0.286,-0.616,0.0,0.77,0.363,0.0,0.825,0.0,0.103,-0.044,0.616,0.0
365,1,4384,0.81500006,0.3025,0.0,0.825,0.0,0.103,0.308,-0.616,0.0,0.77,0.363,0.0,0.825,0.0,0.103,-0.022,0.616,0.0
365,2,4388,0.81500006,0.3025,0.0,0.825,0.0,0.103,0.33,-0.616,0.0,0.77,0.363,0.0,0.825,0.0,0.103,0.0,0.616,0.0
366,0,4392,0.81500006,0.3025,0.0,0.825,0.0,0.103,0.352,-0.616,0.0,0.77,0.363,0.0,0.825,0.0,0.103,-0.022,0.594,0.0
366,1,4396,0.81500006,0.3025,0.0,0.825,0.0,0.103,0.374,-0.616,0.0,0.77,0.363,0.0,0.825,0.0,0.103,-0.044,0.572,0.0
366,2,4400,0.81500006,0.3025,0.0,0.825,0.0,0.103,0.396,-0.616,0.0,0.77,0.363,0.0,0.825,0.0,0.103,-0.066,0.55,0.0
367,0,4404,0.81500006,0.3025,0.0,0.825,0.0,0.103,0.418,-0.594,0.0,0.77,0.363,0.0,0.825,0.0,0.103,-0.088,0.528,0.0
367,1,4408,0.81500006,0.3025,0.0,0.825,0.0,0.103,0.44,-0.572,0.0,0.77,0.363,0.0,0.825,0.0,0.103,-0.11,0.506,0.0
367,2,4412,0.81500006,0.3025,0.0,0.825,0.0,0.103,0.462,-0.55,0.0,0.77,0.363,0.0,0.825,0.0,0.103,-0.132,0.484,0.0
368,0,4416,0.81500006,0.3025,0.0,0.825,0.0,0.103,0.484,-0.528,0.0,0.77,0.363,0.0,0.825,0.0,0.103,-0.154,0.462,0.0
368,1,4420,0.81500006,0.3025,0.0,0.825,0.0,0.103,0.506,-0.506,0.0,0.77,0.363,0.0,0.825,0.0,0.103,-0.176,0.44,0.0
368,2,4424,0.81500006,0.3025,0.0,0.825,0.0,0.103,0.528,-0.484,0.0,0.77,0.363,0.0,0.825,0.0,0.103,-0.198,0.418,0.0
369,0,4428,0.81500006,0.3025,0.0,0.825,0.0,0.103,0.55,-0.462,0.0,0.77,0.363,0.0,0.825,0.0,0.103,-0.22,0.396,0.0
369,1,4432,0.81500006,0.3025,0.0,0.825,0.0,0.103,0.572,-0.44,0.0,0.77,0.363,0.0,0.825,0.0,0.103,-0.242,0.374,0.0
369,2,4436,0.81500006,0.3025,0.0,0.825,0.0,0.103,0.594,-0.418,0.0,0.77,0.363,0.0,0.825,0.0,0.103,-0.264,0.352,0.0
370,0,4440,0.81500006,0.3025,0.0,0.825,0.0,0.103,0.616,-0.396,0.0,0.77,0.363,0.0,0.825,0.0,0.103,-0.286,0.33,0.0
370,1,4444,0.81500006,0.3025,0.0,0.825,0.0,0.103,0.616,-0.374,0.0,0.77,0.363,0.0,0.825,0.0,0.103,-0.308,0.308,0.0
370,2,4448,0.81500006,0.3025,0.0,0.825,0.0,0.103,0.616,-0.352,0.0,0.77,0.363,0.0,0.825,0.0,0.103,-0.33,0.286,0.0
371,0,4452,0.81500006,0.3025,0.0,0.825,0.0,0.103,0.616,-0.33,0.0,0.77,0.363,0.0,0.825,0.0,0.103,-0.352,0.264,0.0
371,1,4456,0.81500006,0.3025,0.0,0.825,0.0,0.103,0.616,-0.308,0.0,0.77,0.363,0.0,0.825,0.0,0.103,-0.374,0.242,0.0
371,2,4460,0.81500006,0.3025,0.0,0.825,0.0,0.103,0.616,-0.286,0.0,0.77,0.363,0.0,0.825,0.0,0.103,-0.396,0.22,0.0
372,0,4464,0.81500006,0.3025,0.0,0.825,0.0,0.103,0.616,-0.264,0.0,0.77,0.363,0.0,0.825,0.0,0.103,-0.418,0.198,0.0
372,1,4468,0.81500006,0.3025,0.0,0.825,0.0,0.103,0.616,-0.242,0.0,0.77,0.363,0.0,0.825,0.0,0.103,-0.44,0.176,0.0
372,2,4472,0.81500006,0.3025,0.0,0.825,0.0,0.103,0.616,-0.22,0.0,0.77,0.363,0.0,0.825,0.0,0.103,-0.462,0.154,0.0
373,0,4476,0.81500006,0.3025,0.0,0.825,0.0,0.103,0.616,-0.198,0.0,0.77,0.363,0.0,0.825,0.0,0.103,-0.484,0.176,0.0
373,1,4480,0.81500006,0.3025,0.0,0.825,0.0,0.103,0.616,-0.176,0.0,0.77,0.363,0.0,0.825,0.0,0.103,-0.506,0.198,0.0
373,2,4484,0.81500006,0.3025,0.0,0.825,0.0,0.103,0.616,-0.154,0.0,0.77,0.363,0.0,0.825,0.0,0.103,-0.528,0.22,0.0
374,0,4488,0.81500006,0.3025,0.0,0.825,0.0,0.103,0.616,-0.132,0.0,0.77,0.363,0.0,0.825,0.0,0.103,-0.55,0.242,0.0
374,1,4492,0.81500006,0.3025,0.0,0.825,0.0,0.103,0.616,-0.11,0.0,0.77,0.363,0.0,0.825,0.0,0.103,-0.572,0.264,0.0
374,2,4496,0.81500006,0.3025,0.0,0.825,0.0,0.103,0.616,-0.088,0.0,0.77,0.363,0.0,0.825,0.0,0.103,-0.594,0.286,0.0
375,0,4500,0.81500006,0.3025,0.0,0.825,0.0,0.103,0.616,-0.066,0.0,0.77,0.363,0.0,0.825,0.0,0.103,-0.616,0.308,0.0
375,1,4504,0.81500006,0.3025,0.0,0.825,0.0,0.103,0.616,-0.044,0.0,0.77,0.363,0.0,0.825,0.0,0.103,-0.616,0.33,0.0
375,2,4508,0.81500006,0.3025,0.0,0.825,0.0,0.103,0.616,-0.022,0.0,0.77,0.363,0.0,0.825,0.0,0.103,-0.616,0.352,0.0
376,0,4512,0.81500006,0.3025,0.0,0.825,0.0,0.103,0.616,0.0,0.0,0.77,0.363,0.0,0.825,0.0,0.103,-0.616,0.374,0.0
376,1,4516,0.81500006,0.3025,0.0,0.825,0.0,0.103,0.616,0.0,0.0,0.77,0.363,0.0,0.825,0.0,0.103,-0.616,0.396,0.0
376,2,4520,0.81500006,0.3025,0.0,0.825,0.0,0.103,0.616,0.0,0.0,0.77,0.363,0.0,0.825,0.0,0.103,-0.616,0.418,0.0
377,0,4524,0.81500006,0.3025,0.0,0.825,0.0,0.103,0.616,0.0,0.0,0.77,0.363,0.0,0.825,0.0,0.103,-0.616,0.44,0.0
377,1,4528,0.81500006,0.3025,0.0,0.825,0.0,0.103,0.616,0.0,0.0,0.77,0.363,0.0,0.825,0.0,0.103,-0.616,0.462,0.0
377,2,4532,0.81500006,0.3025,0.0,0.825,0.0,0.103,0.616,0.0,0.0,0.77,0.363,0.0,0.825,0.0,0.103,-0.616,0.484,0.0
378,0,4536,0.81500006,0.3025,0.0,0.825,0.0,0.103,0.616,0.0,0.0,0.77,0.363,0.0,0.825,0.0,0.103,-0.616,0.506,0.0
378,1,4540,0.81500006,0.3025,0.0,0.825,0.0,0.103,0.616,0.0,0.0,0.77,0.363,0.0,0.825,0.0,0.103,-0.616,0.528,0.0
378,2,4544,0.81500006,0.3025,0.0,0.825,0.0,0.103,0.616,0.0,0.0,0.77,0.363,0.0,0.825,0.0,0.103,-0.616,0.55,0.0
379,0,4548,0.81500006,0.3025,0.0,0.825,0.0,0.103,0.616,0.0,0.0,0.77,0.363,0.0,0.825,0.0,0.103,-0.616,0.572,0.0
379,1,4552,0.81500006,0.3025,0.0,0.825,0.0,0.103,0.616,0.0,0.0,0.77,0.363,0.0,0.825,0.0,0.103,-0.616,0.594,0.0
379,2,4556,0.81500006,0.3025,0.0,0.825,0.0,0.103,0.616,0.0,0.0,0.77,0.363,0.0,0.825,0.0,0.103,-0.616,0.616,0.0
380,0,4560,0.81500006,0.3025,0.0,0.825,0.0,0.103,0.616,0.0,0.0,0.77,0.363,0.0,0.825,0.0,0.103,-0.616,0.594,0.0
380,1,4564,0.81500006,0.3025,0.0,0.825,0.0,0.103,0.616,0.0,0.0,0.77,0.363,0.0,0.825,0.0,0.103,-0.616,0.572,0.0
380,2,4568,0.81500006,0.3025,0.0,0.825,0.0,0.103,0.616,0.0,0.0,0.77,0.363,0.0,0.825,0.0,0.103,-0.616,0.55,0.0
381,0,4572,0.81500006,0.3025,0.0,0.825,0.0,0.103,0.616,0.0,0.0,0.77,0.363,0.0,0.825,0.0,0.103,-0.616,0.528,0.0
381,1,4576,0.81500006,0.3025,0.0,0.825,0.0,0.103,0.616,0.0,0.0,0.77,0.363,0.0,0.825,0.0,0.103,-0.616,0.506,0.0
381,2,4580,0.81500006,0.3025,0.0,0.825,0.0,0.103,0.616,0.0,0.0,0.77,0.363,0.0,0.825,0.0,0.103,-0.616,0.484,0.0
382,0,4584,0.81500006,0.3025,0.0,0.825,0.0,0.103,0.616,0.0,0.0,0.77,0.363,0.0,0.825,0.0,0.103,-0.616,0.462,0.0
382,1,4588,0.81500006,0.3025,0.0,0.825,0.0,0.103,0.616,0.0,0.0,0.77,0.363,0.0,0.825,0.0,0.103,-0.616,0.44,0.0
382,2,4592,0.81500006,0.3025,0.0,0.825,0.0,0.103,0.616,0.0,0.0,0.77,0.363,0.0,0.825,0.0,0.103,-0.616,0.418,0.0
383,0,4596,0.81500006,0.3025,0.0,0.825,0.0,0.103,0.616,0.0,0.0,0.77,0.363,0.0,0.825,0.0,0.103,-0.616,0.396,0.0
383,1,4600,0.81500006,0.3025,0.0,0.825,0.0,0.103,0.616,0.0,0.0,0.77,0.363,0.0,0.825,0.0,0.103,-0.616,0.374,0.0
383,2,4604,0.81500006,0.3025,0.0,0.825,0.0,0.103,0.616,0.0,0.0,0.77,0.363,0.0,0.825,0.0,0.103,-0.616,0.352,0.0
384,0,4608,0.81500006,0.3025,0.0,0.825,0.0,0.103,0.616,0.0,0.0,0.77,0.363,0.0,0.825,0.0,0.103,-0.616,0.33,0.0
384,1,4612,0.81500006,0.3025,0.0,0.825,0.0,0.103,0.616,0.0,0.0,0.77,0.363,0.0,0.825,0.0,0.103,-0.616,0.308,0.0
384,2,4616,0.81500006,0.3025,0.0,0.825,0.0,0.103,0.616,0.0,0.0,0.77,0.363,0.0,0.825,0.0,0.103,-0.616,0.286,0.0
385,0,4620,0.81500006,0.3025,0.0,0.825,0.0,0.103,0.616,0.0,0.0,0.77,0.363,0.0,0.825,0.0,0.103,-0.616,0.264,0.0
385,1,4624,0.81500006,0.3025,0.0,0.825,0.0,0.103,0.616,0.0,0.0,0.77,0.363,0.0,0.825,0.0,0.103,-0.616,0.242,0.0
385,2,4628,0.81500006,0.3025,0.0,0.825,0.0,0.103,0.616,0.0,0.0,0.77,0.363,0.0,0.825,0.0,0.103,-0.616,0.22,0.0
386,0,4632,0.81500006,0.3025,0.0,0.825,0.0,0.103,0.616,0.0,0.0,0.77,0.363,0.0,0.825,0.0,0.103,-0.616,0.198,0.0
386,1,4636,0.81500006,0.3025,0.0,0.825,0.0,0.103,0.616,0.0,0.0,0.77,0.363,0.0,0.825,0.0,0.103,-0.616,0.176,0.0
386,2,4640,0.81500006,0.3025,0.0,0.825,0.0,0.103,0.616,0.0,0.0,0.77,0.363,0.0,0.825,0.0,0.103,-0.616,0.154,0.0
387,0,4644,0.81500006,0.3025,0.0,0.825,0.0,0.103,0.616,0.0,0.0,0.77,0.363,0.0,0.825,0.0,0.103,-0.616,0.132,0.0
387,1,4648,0.81500006,0.3025,0.0,0.825,0.0,0.103,0.616,0.0,0.0,0.77,0.363,0.0,0.825,0.0,0.103,-0.616,0.11,0.0
387,2,4652,0.81500006,0.3025,0.0,0.825,0.0,0.103,0.616,0.0,0.0,0.77,0.363,0.0,0.825,0.0,0.103,-0.616,0.088,0.0
388,0,4656,0.81500006,0.3025,0.0,0.825,0.0,0.103,0.616,0.0,0.0,0.77,0.363,0.0,0.825,0.0,0.103,-0.616,0.066,0.0
388,1,4660,0.81500006,0.3025,0.0,0.825,0.0,0.103,0.616,0.0,0.0,0.77,0.363,0.0,0.825,0.0,0.103,-0.616,0.044,0.0
388,2,4664,0.81500006,0.3025,0.0,0.825,0.0,0.103,0.616,0.0,0.0,0.77,0.363,0.0,0.825,0.0,0.103,-0.616,0.022,0.0
389,0,4668,0.81500006,0.3025,0.0,0.825,0.0,0.103,0.616,0.0,0.0,0.77,0.363,0.0,0.825,0.0,0.103,-0.616,0.0,0.0
389,1,4672,0.81500006,0.3025,0.0,0.825,0.0,0.103,0.616,0.0,0.0,0.77,0.363,0.0,0.825,0.0,0.103,-0.616,0.0,0.0
389,2,4676,0.81500006,0.3025,0.0,0.825,0.0,0.103,0.616,0.0,0.0,0.77,0.363,0.0,0.825,0.0,0.103,-0.616,0.0,0.0
390,0,4680,0.81500006,0.3025,0.0,0.825,0.0,0.103,0.616,0.0,0.0,0.77,0.363,0.0,0.825,0.0,0.103,-0.616,0.0,0.0
390,1,4684,0.81500006,0.3025,0.0,0.825,0.0,0.103,0.616,0.0,0.0,0.77,0.363,0.0,0.825,0.0,0.103,-0.616,0.0,0.0
390,2,4688,0.81500006,0.3025,0.0,0.825,0.0,0.103,0.616,0.0,0.0,0.77,0.363,0.0,0.825,0.0,0.103,-0.616,0.0,0.0
391,0,4692,0.81500006,0.3025,0.0,0.825,0.0,0.103,0.616,0.0,0.0,0.77,0.363,0.0,0.825,0.0,0.103,-0.616,0.0,0.0
391,1,4696,0.81500006,0.3025,0.0,0.825,0.0,0.103,0.616,0.0,0.0,0.77,0.363,0.0,0.825,0.0,0.103,-0.616,0.0,0.0
391,2,4700,0.81500006,0.3025,0.0,0.825,0.0,0.103,0.616,0.0,0.0,0.77,0.363,0.0,0.825,0.0,0.103,-0.616,0.0,0.0
392,0,4704,0.81500006,0.3025,0.0,0.825,0.0,0.103,0.616,0.0,0.0,0.77,0.363,0.0,0.825,0.0,0.103,-0.616,0.0,0.0
392,1,4708,0.81500006,0.3025,0.0,0.825,0.0,0.103,0.616,0.0,0.0,0.77,0.363,0.0,0.825,0.0,0.103,-0.616,0.0,0.0
392,2,4712,0.81500006,0.3025,0.0,0.825,0.0,0.103,0.616,0.0,0.0,0.77,0.363,0.0,0.825,0.0,0.103,-0.616,0.0,0.0
393,0,4716,0.81500006,0.3025,0.0,0.825,0.0,0.103,0.616,0.0,0.0,0.77,0.363,0.0,0.825,0.0,0.103,-0.616,0.0,0.0
393,1,4720,0.81500006,0.3025,0.0,0.825,0.0,0.103,0.616,0.0,0.0,0.77,0.363,0.0,0.825,0.0,0.103,-0.616,0.0,0.0
393,2,4724,0.81500006,0.3025,0.0,0.825,0.0,0.103,0.616,0.0,0.0,0.77,0.363,0.0,0.825,0.0,0.103,-0.616,0.0,0.0
394,0,4728,0.81500006,0.3025,0.0,0.825,0.0,0.103,0.616,0.0,0.0,0.77,0.363,0.0,0.825,0.0,0.103,-0.616,0.0,0.0
394,1,4732,0.81500006,0.3025,0.0,0.825,0.0,0.103,0.616,0.0,0.0,0.77,0.363,0.0,0.825,0.0,0.103,-0.616,0.0,0.0
394,2,4736,0.81500006,0.3025,0.0,0.825,0.0,0.103,0.616,0.0,0.0,0.77,0.363,0.0,0.825,0.0,0.103,-0.616,0.0,0.0
395,0,4740,0.81500006,0.3025,0.0,0.825,0.0,0.103,0.616,0.0,0.0,0.77,0.363,0.0,0.825,0.0,0.103,-0.616,0.0,0.0
395,1,4744,0.81500006,0.3025,0.0,0.825,0.0,0.103,0.616,0.0,0.0,0.77,0.363,0.0,0.825,0.0,0.103,-0.616,0.0,0.0
395,2,4748,0.81500006,0.3025,0.0,0.825,0.0,0.103,0.616,0.0,0.0,0.77,0.363,0.0,0.825,0.0,0.103,-0.616,0.0,0.0
396,0,4752,0.81500006,0.3025,0.0,0.825,0.0,0.103,0.616,0.0,0.0,0.77,0.363,0.0,0.825,0.0,0.103,-0.616,0.0,0.0
396,1,4756,0.81500006,0.3025,0.0,0.825,0.0,0.103,0.616,0.0,0.0,0.77,0.363,0.0,0.825,0.0,0.103,-0.616,0.0,0.0
396,2,4760,0.81500006,0.3025,0.0,0.825,0.0,0.103,0.616,0.0,0.0,0.77,0.363,0.0,0.825,0.0,0.103,-0.616,0.0,0.0
397,0,4764,0.81500006,0.3025,0.0,0.825,0.0,0.103,0.616,0.0,0.0,0.77,0.363,0.0,0.825,0.0,0.103,-0.616,0.0,0.0
397,1,4768,0.81500006,0.3025,0.0,0.825,0.0,0.103,0.616,0.0,0.0,0.77,0.363,0.0,0.825,0.0,0.103,-0.616,0.0,0.0
397,2,4772,0.81500006,0.3025,0.0,0.825,0.0,0.103,0.616,0.0,0.0,0.77,0.363,0.0,0.825,0.0,0.103,-0.616,0.0,0.0
398,0,4776,0.81500006,0.3025,0.0,0.825,0.0,0.103,0.616,0.0,0.0,0.77,0.363,0.0,0.825,0.0,0.103,-0.616,0.0,0.0
398,1,4780,0.81500006,0.3025,0.0,0.825,0.0,0.103,0.616,0.0,0.0,0.77,0.363,0.0,0.825,0.0,0.103,-0.616,0.0,0.0
398,2,4784,0.81500006,0.3025,0.0,0.825,0.0,0.103,0.616,0.0,0.0,0.77,0.363,0.0,0.825,0.0,0.103,-0.616,0.0,0.0
399,0,4788,0.81500006,0.3025,0.0,0.825,0.0,0.103,0.616,0.0,0.0,0.77,0.363,0.0,0.825,0.0,0.103,-0.616,0.0,0.0
399,1,4792,0.81500006,0.3025,0.0,0.825,0.0,0.103,0.616,0.0,0.0,0.77,0.363,0.0,0.825,0.0,0.103,-0.616,0.0,0.0
399,2,4796,0.81500006,0.3025,0.0,0.825,0.0,0.103,0.616,0.0,0.0,0.77,0.363,0.0,0.825,0.0,0.103,-0.616,0.0,0.0
400,0,4800,0.81500006,0.3025,0.0,0.825,0.0,0.103,0.616,0.0,0.0,0.77,0.363,0.0,0.825,0.0,0.103,-0.616,0.0,0.0
400,1,4804,0.81500006,0.3025,0.0,0.825,0.0,0.103,0.616,0.0,0.0,0.77,0.363,0.0,0.825,0.0,0.103,-0.616,0.0,0.0
400,2,4808,0.81500006,0.3025,0.0,0.825,0.0,0.103,0.616,0.0,0.0,0.77,0.363,0.0,0.825,0.0,0.103,-0.616,0.0,0.0
401,0,4812,0.81500006,0.3025,0.0,0.825,0.0,0.103,0.616,0.0,0.0,0.77,0.363,0.0,0.825,0.0,0.103,-0.616,0.0,0.0
401,1,4816,0.81500006,0.3025,0.0,0.825,0.0,0.103,0.616,0.0,0.0,0.77,0.363,0.0,0.825,0.0,0.103,-0.616,0.0,0.0
401,2,4820,0.81500006,0.3025,0.0,0.825,0.0,0.103,0.616,0.0,0.0,0.77,0.363,0.0,0.825,0.0,0.103,-0.616,0.0,0.0
402,0,4824,0.81500006,0.3025,0.0,0.825,0.0,0.103,0.616,0.0,0.0,0.77,0.363,0.0,0.825,0.0,0.103,-0.616,0.0,0.0
402,1,4828,0.81500006,0.3025,0.0,0.825,0.0,0.103,0.616,0.0,0.0,0.77,0.363,0.0,0.825,0.0,0.103,-0.616,0.0,0.0
402,2,4832,0.81500006,0.3025,0.0,0.825,0.0,0.103,0.616,0.0,0.0,0.77,0.363,0.0,0.825,0.0,0.103,-0.616,0.0,0.0
403,0,4836,0.81500006,0.3025,0.0,0.825,0.0,0.103,0.616,0.0,0.0,0.77,0.363,0.0,0.825,0.0,0.103,-0.616,0.0,0.0
403,1,4840,0.81500006,0.3025,0.0,0.825,0.0,0.103,0.616,0.0,0.0,0.77,0.363,0.0,0.825,0.0,0.103,-0.616,0.0,0.0
403,2,4844,0.81500006,0.3025,0.0,0.825,0.0,0.103,0.616,0.0,0.0,0.77,0.363,0.0,0.825,0.0,0.103,-0.616,0.0,0.0
404,0,4848,0.81500006,0.3025,0.0,0.825,0.0,0.103,0.616,0.0,0.0,0.77,0.363,0.0,0.825,0.0,0.103,-0.616,0.0,0.0
404,1,4852,0.81500006,0.3025,0.0,0.825,0.0,0.103,0.616,0.0,0.0,0.77,0.363,0.0,0.825,0.0,0.103,-0.616,0.0,0.0
404,2,4856,0.81500006,0.3025,0.0,0.825,0.0,0.103,0.616,0.0,0.0,0.77,0.363,0.0,0.825,0.0,0.103,-0.616,0.0,0.0
405,0,4860,0.81500006,0.3025,0.0,0.825,0.0,0.103,0.616,0.0,0.0,0.77,0.363,0.0,0.825,0.0,0.103,-0.616,0.0,0.0
405,1,4864,0.81500006,0.3025,0.0,0.825,0.0,0.103,0.616,0.0,0.0,0.77,0.363,0.0,0.825,0.0,0.103,-0.616,0.0,0.0
405,2,4868,0.81500006,0.3025,0.0,0.825,0.0,0.103,0.616,0.0,0.0,0.77,0.363,0.0,0.825,0.0,0.103,-0.616,0.0,0.0
406,0,4872,0.81500006,0.3025,0.0,0.825,0.0,0.103,0.616,0.0,0.0,0.77,0.363,0.0,0.825,0.0,0.103,-0.616,0.0,0.0
406,1,4876,0.81500006,0.3025,0.0,0.825,0.0,0.103,0.616,0.0,0.0,0.77,0.363,0.0,0.825,0.0,0.103,-0.616,0.0,0.0
406,2,4880,0.81500006,0.3025,0.0,0.825,0.0,0.103,0.616,0.0,0.0,0.77,0.363,0.0,0.825,0.0,0.103,-0.616,0.0,0.0
407,0,4884,0.81500006,0.3025,0.0,0.825,0.0,0.103,0.616,0.0,0.0,0.77,0.363,0.0,0.825,0.0,0.103,-0.616,0.0,0.0
407,1,4888,0.81500006,0.3025,0.0,0.825,0.0,0.103,0.616,0.0,0.0,0.77,0.363,0.0,0.825,0.0,0.103,-0.616,0.0,0.0
407,2,4892,0.81500006,0.3025,0.0,0.825,0.0,0.103,0.616,0.0,0.0,0.77,0.363,0.0,0.825,0.0,0.103,-0.616,0.0,0.0
408,0,4896,0.81500006,0.3025,0.0,0.825,0.0,0.103,0.616,0.0,0.0,0.77,0.363,0.0,0.825,0.0,0.103,-0.616,0.0,0.0
408,1,4900,0.81500006,0.3025,0.0,0.825,0.0,0.103,0.616,0.0,0.0,0.77,0.363,0.0,0.825,0.0,0.103,-0.616,0.0,0.0
408,2,4904,0.81500006,0.3025,0.0,0.825,0.0,0.103,0.616,0.0,0.0,0.77,0.363,0.0,0.825,0.0,0.103,-0.616,0.0,0.0
409,0,4908,0.81500006,0.3025,0.0,0.825,0.0,0.103,0.616,0.0,0.0,0.77,0.363,0.0,0.825,0.0,0.103,-0.616,0.0,0.0
409,1,4912,0.81500006,0.3025,0.0,0.825,0.0,0.103,0.616,0.0,0.0,0.77,0.363,0.0,0.825,0.0,0.103,-0.616,0.0,0.0
409,2,4916,0.81500006,0.3025,0.0,0.825,0.0,0.103,0.616,0.0,0.0,0.77,0.363,0.0,0.825,0.0,0.103,-0.616,0.0,0.0
410,0,4920,0.81500006,0.3025,0.0,0.825,0.0,0.103,0.616,0.0,0.0,0.77,0.363,0.0,0.825,0.0,0.103,-0.616,0.0,0.0
410,1,4924,0.81500006,0.3025,0.0,0.825,0.0,0.103,0.616,0.0,0.0,0.77,0.363,0.0,0.825,0.0,0.103,-0.616,0.0,0.0
410,2,4928,0.81500006,0.3025,0.0,0.825,0.0,0.103,0.616,0.0,0.0,0.77,0.363,0.0,0.825,0.0,0.103,-0.616,0.0,0.0
411,0,4932,0.81500006,0.3025,0.0,0.825,0.0,0.103,0.616,0.0,0.0,0.77,0.363,0.0,0.825,0.0,0.103,-0.616,0.0,0.0
411,1,4936,0.81500006,0.3025,0.0,0.825,0.0,0.103,0.616,0.0,0.0,0.77,0.363,0.0,0.825,0.0,0.103,-0.616,0.0,0.0
411,2,4940,0.81500006,0.3025,0.0,0.825,0.0,0.103,0.616,0.0,0.0,0.77,0.363,0.0,0.825,0.0,0.103,-0.616,0.0,0.0
412,0,4944,0.81500006,0.3025,0.0,0.825,0.0,0.103,0.616,0.0,0.0,0.77,0.363,0.0,0.825,0.0,0.103,-0.616,0.0,0.0
412,1,4948,0.81500006,0.3025,0.0,0.825,0.0,0.103,0.616,0.0,0.0,0.77,0.363,0.0,0.825,0.0,0.103,-0.616,0.0,0.0
412,2,4952,0.81500006,0.3025,0.0,0.825,0.0,0.103,0.616,0.0,0.0,0.77,0.363,0.0,0.825,0.0,0.103,-0.616,0.0,0.0
413,0,4956,0.81500006,0.3025,0.0,0.825,0.0,0.103,0.616,0.0,0.0,0.77,0.363,0.0,0.825,0.0,0.103,-0.616,0.0,0.0
413,1,4960,0.81500006,0.3025,0.0,0.825,0.0,0.103,0.616,0.0,0.0,0.77,0.363,0.0,0.825,0.0,0.103,-0.616,0.0,0.0
413,2,4964,0.81500006,0.3025,0.0,0.825,0.0,0.103,0.616,0.0,0.0,0.77,0.363,0.0,0.825,0.0,0.103,-0.616,0.0,0.0
414,0,4968,0.81500006,0.3025,0.0,0.825,0.0,0.103,0.616,0.0,0.0,0.77,0.363,0.0,0.825,0.0,0.103,-0.616,0.0,0.0
414,1,4972,0.81500006,0.3025,0.0,0.825,0.0,0.103,0.616,0.0,0.0,0.77,0.363,0.0,0.825,0.0,0.103,-0.616,0.0,0.0
414,2,4976,0.81500006,0.3025,0.0,0.825,0.0,0.103,0.616,0.0,0.0,0.77,0.363,0.0,0.825,0.0,0.103,-0.616,0.0,0.0
415,0,4980,0.81500006,0.3025,0.0,0.825,0.0,0.103,0.616,0.0,0.0,0.77,0.363,0.0,0.825,0.0,0.103,-0.616,0.0,0.0
415,1,4984,0.81500006,0.3025,0.0,0.825,0.0,0.103,0.616,0.0,0.0,0.77,0.363,0.0,0.825,0.0,0.103,-0.616,0.0,0.0
415,2,4988,0.81500006,0.3025,0.0,0.825,0.0,0.103,0.616,0.0,0.0,0.77,0.363,0.0,0.825,0.0,0.103,-0.616,0.0,0.0
416,0,4992,0.81500006,0.3025,0.0,0.825,0.0,0.103,0.616,0.0,0.0,0.77,0.363,0.0,0.825,0.0,0.103,-0.616,0.0,0.0
416,1,4996,0.81500006,0.3025,0.0,0.825,0.0,0.103,0.616,0.0,0.0,0.77,0.363,0.0,0.825,0.0,0.103,-0.616,0.0,0.0
416,2,5000,0.81500006,0.3025,0.0,0.825,0.0,0.103,0.616,0.0,0.0,0.77,0.363,0.0,0.825,0.0,0.103,-0.616,0.0,0.0
417,0,5004,0.81500006,0.3025,0.0,0.825,0.0,0.103,0.616,0.0,0.0,0.77,0.363,0.0,0.825,0.0,0.103,-0.616,0.0,0.0
417,1,5008,0.81500006,0.3025,0.0,0.825,0.0,0.103,0.616,0.0,0.0,0.77,0.363,0.0,0.825,0.0,0.103,-0.616,0.0,0.0
417,2,5012,0.81500006,0.3025,0.0,0.825,0.0,0.103,0.616,0.0,0.0,0.77,0.363,0.0,0.825,0.0,0.103,-0.616,0.0,0.0
418,0,5016,0.81500006,0.3025,0.0,0.825,0.0,0.103,0.616,0.0,0.0,0.77,0.363,0.0,0.825,0.0,0.103,-0.616,0.0,0.0
418,1,5020,0.81500006,0.3025,0.0,0.825,0.0,0.103,0.616,0.0,0.0,0.77,0.363,0.0,0.825,0.0,0.103,-0.616,0.0,0.0
418,2,5024,0.81500006,0.3025,0.0,0.825,0.0,0.103,0.616,0.0,0.0,0.77,0.363,0.0,0.825,0.0,0.103,-0.616,0.0,0.0
419,0,5028,0.81500006,0.3025,0.0,0.825,0.0,0.103,0.616,0.0,0.0,0.77,0.363,0.0,0.825,0.0,0.103,-0.616,0.0,0.0
419,1,5032,0.81500006,0.3025,0.0,0.825,0.0,0.103,0.616,0.0,0.0,0.77,0.363,0.0,0.825,0.0,0.103,-0.616,0.0,0.0
419,2,5036,0.81500006,0.3025,0.0,0.825,0.0,0.103,0.616,0.0,0.0,0.77,0.363,0.0,0.825,0.0,0.103,-0.616,0.0,0.0
420,0,5040,0.81500006,0.3025,0.0,0.825,0.0,0.103,0.616,0.0,0.0,0.77,0.363,0.0,0.825,0.0,0.103,-0.616,0.0,0.0
420,1,5044,0.81500006,0.3025,0.0,0.825,0.0,0.103,0.616,0.0,0.0,0.77,0.363,0.0,0.825,0.0,0.103,-0.616,0.0,0.0
420,2,5048,0.81500006,0.3025,0.0,0.825,0.0,0.103,0.616,0.0,0.0,0.77,0.363,0.0,0.825,0.0,0.103,-0.616,0.0,0.0
421,0,5052,0.81500006,0.3025,0.0,0.825,0.0,0.103,0.616,0.0,0.0,0.77,0.363,0.0,0.825,0.0,0.103,-0.616,0.0,0.0
421,1,5056,0.81500006,0.3025,0.0,0.825,0.0,0.103,0.616,0.0,0.0,0.77,0.363,0.0,0.825,0.0,0.103,-0.616,0.0,0.0
421,2,5060,0.81500006,0.3025,0.0,0.825,0.0,0.103,0.616,0.0,0.0,0.77,0.363,0.0,0.825,0.0,0.103,-0.616,0.0,0.0
422,0,5064,0.81500006,0.3025,0.0,0.825,0.0,0.103,0.616,0.0,0.0,0.77,0.363,0.0,0.825,0.0,0.103,-0.616,0.0,0.0
422,1,5068,0.81500006,0.3025,0.0,0.825,0.0,0.103,0.616,0.0,0.0,0.77,0.363,0.0,0.825,0.0,0.103,-0.616,0.0,0.0
422,2,5072,0.81500006,0.3025,0.0,0.825,0.0,0.103,0.616,0.0,0.0,0.77,0.363,0.0,0.825,0.0,0.103,-0.616,0.0,0.0
423,0,5076,0.81500006,0.3025,0.0,0.825,0.0,0.103,0.616,0.0,0.0,0.77,0.363,0.0,0.825,0.0,0.103,-0.616,0.0,0.0
423,1,5080,0.81500006,0.3025,0.0,0.825,0.0,0.103,0.616,0.0,0.0,0.77,0.363,0.0,0.825,0.0,0.103,-0.616,0.0,0.0
423,2,5084,0.81500006,0.3025,0.0,0.825,0.0,0.103,0.616,0.0,0.0,0.77,0.363,0.0,0.825,0.0,0.103,-0.616,0.0,0.0
424,0,5088,0.81500006,0.3025,0.0,0.825,0.0,0.103,0.616,0.0,0.0,0.77,0.363,0.0,0.825,0.0,0.103,-0.616,0.0,0.0
424,1,5092,0.81500006,0.3025,0.0,0.825,0.0,0.103,0.616,0.0,0.0,0.77,0.363,0.0,0.825,0.0,0.103,-0.616,0.0,0.0
424,2,5096,0.81500006,0.3025,0.0,0.825,0.0,0.103,0.616,0.0,0.0,0.77,0.363,0.0,0.825,0.0,0.103,-0.616,0.0,0.0
425,0,5100,0.81500006,0.3025,0.0,0.825,0.0,0.103,0.616,0.0,0.0,0.77,0.363,0.0,0.825,0.0,0.103,-0.616,0.0,0.0
425,1,5104,0.81500006,0.3025,0.0,0.825,0.0,0.103,0.616,0.0,0.0,0.77,0.363,0.0,0.825,0.0,0.103,-0.616,0.0,0.0
425,2,5108,0.81500006,0.3025,0.0,0.825,0.0,0.103,0.616,0.0,0.0,0.77,0.363,0.0,0.825,0.0,0.103,-0.616,0.0,0.0
426,0,5112,0.81500006,0.3025,0.0,0.825,0.0,0.103,0.616,0.0,0.0,0.77,0.363,0.0,0.825,0.0,0.103,-0.616,0.0,0.0
426,1,5116,0.81500006,0.3025,0.0,0.825,0.0,0.103,0.616,0.0,0.0,0.77,0.363,0.0,0.825,0.0,0.103,-0.616,0.0,0.0
426,2,5120,0.81500006,0.3025,0.0,0.825,0.0,0.103,0.616,0.0,0.0,0.77,0.363,0.0,0.825,0.0,0.103,-0.616,0.0,0.0
427,0,5124,0.81500006,0.3025,0.0,0.825,0.0,0.103,0.616,0.0,0.0,0.77,0.363,0.0,0.825,0.0,0.103,-0.616,0.0,0.0
427,1,5128,0.81500006,0.3025,0.0,0.825,0.0,0.103,0.616,0.0,0.0,0.77,0.363,0.0,0.825,0.0,0.103,-0.616,0.0,0.0
427,2,5132,0.81500006,0.3025,0.0,0.825,0.0,0.103,0.616,0.0,0.0,0.77,0.363,0.0,0.825,0.0,0.103,-0.616,0.0,0.0
428,0,5136,0.81500006,0.3025,0.0,0.825,0.0,0.103,0.616,0.0,0.0,0.77,0.363,0.0,0.825,0.0,0.103,-0.616,0.0,0.0
428,1,5140,0.81500006,0.3025,0.0,0.825,0.0,0.103,0.616,0.0,0.0,0.77,0.363,0.0,0.825,0.0,0.103,-0.616,0.0,0.0
428,2,5144,0.81500006,0.3025,0.0,0.825,0.0,0.103,0.616,0.0,0.0,0.77,0.363,0.0,0.825,0.0,0.103,-0.616,0.0,0.0
429,0,5148,0.81500006,0.3025,0.0,0.825,0.0,0.103,0.616,0.0,0.0,0.77,0.363,0.0,0.825,0.0,0.103,-0.616,0.0,0.0
429,1,5152,0.81500006,0.3025,0.0,0.825,0.0,0.103,0.616,0.0,0.0,0.77,0.363,0.0,0.825,0.0,0.103,-0.616,0.0,0.0
429,2,5156,0.81500006,0.3025,0.0,0.825,0.0,0.103,0.616,0.0,0.0,0.77,0.363,0.0,0.825,0.0,0.103,-0.616,0.0,0.0
430,0,5160,0.81500006,0.3025,0.0,0.825,0.0,0.103,0.616,0.0,0.0,0.77,0.363,0.0,0.825,0.0,0.103,-0.616,0.0,0.0
430,1,5164,0.81500006,0.3025,0.0,0.825,0.0,0.103,0.616,0.0,0.0,0.77,0.363,0.0,0.825,0.0,0.103,-0.616,0.0,0.0
430,2,5168,0.81500006,0.3025,0.0,0.825,0.0,0.103,0.616,0.0,0.0,0.77,0.363,0.0,0.825,0.0,0.103,-0.616,0.0,0.0
431,0,5172,0.81500006,0.3025,0.0,0.825,0.0,0.103,0.616,0.0,0.0,0.77,0.363,0.0,0.825,0.0,0.103,-0.616,0.0,0.0
431,1,5176,0.81500006,0.3025,0.0,0.825,0.0,0.103,0.616,0.0,0.0,0.77,0.363,0.0,0.825,0.0,0.103,-0.616,0.0,0.0
431,2,5180,0.81500006,0.3025,0.0,0.825,0.0,0.103,0.616,0.0,0.0,0.77,0.363,0.0,0.825,0.0,0.103,-0.616,0.0,0.0
432,0,5184,0.81500006,0.3025,0.0,0.825,0.0,0.103,0.616,0.0,0.0,0.77,0.363,0.0,0.825,0.0,0.103,-0.616,0.0,0.0
432,1,5188,0.81500006,0.3025,0.0,0.825,0.0,0.103,0.616,0.0,0.0,0.77,0.363,0.0,0.825,0.0,0.103,-0.616,0.0,0.0
432,2,5192,0.81500006,0.3025,0.0,0.825,0.0,0.103,0.616,0.0,0.0,0.77,0.363,0.0,0.825,0.0,0.103,-0.616,0.0,0.0
433,0,5196,0.81500006,0.3025,0.0,0.825,0.0,0.103,0.616,0.0,0.0,0.77,0.363,0.0,0.825,0.0,0.103,-0.616,0.0,0.0
433,1,5200,0.81500006,0.3025,0.0,0.825,0.0,0.103,0.616,0.0,0.0,0.77,0.363,0.0,0.825,0.0,0.103,-0.616,0.0,0.0
433,2,5204,0.81500006,0.3025,0.0,0.825,0.0,0.103,0.616,0.0,0.0,0.77,0.363,0.0,0.825,0.0,0.103,-0.616,0.0,0.0
434,0,5208,0.81500006,0.3025,0.0,0.825,0.0,0.103,0.616,0.0,0.0,0.77,0.363,0.0,0.825,0.0,0.103,-0.616,0.0,0.0
434,1,5212,0.81500006,0.3025,0.0,0.825,0.0,0.103,0.616,0.0,0.0,0.77,0.363,0.0,0.825,0.0,0.103,-0.616,0.0,0.0
434,2,5216,0.81500006,0.3025,0.0,0.825,0.0,0.103,0.616,0.0,0.0,0.77,0.363,0.0,0.825,0.0,0.103,-0.616,0.0,0.0
435,0,5220,0.81500006,0.3025,0.0,0.825,0.0,0.103,0.616,0.0,0.0,0.77,0.363,0.0,0.825,0.0,0.103,-0.616,0.0,0.0
435,1,5224,0.81500006,0.3025,0.0,0.825,0.0,0.103,0.616,0.0,0.0,0.77,0.363,0.0,0.825,0.0,0.103,-0.616,0.0,0.0
435,2,5228,0.81500006,0.3025,0.0,0.825,0.0,0.103,0.616,0.0,0.0,0.77,0.363,0.0,0.825,0.0,0.103,-0.616,0.0,0.0
436,0,5232,0.81500006,0.3025,0.0,0.825,0.0,0.103,0.616,0.0,0.0,0.77,0.363,0.0,0.825,0.0,0.103,-0.616,0.0,0.0
436,1,5236,0.81500006,0.3025,0.0,0.825,0.0,0.103,0.616,0.0,0.0,0.77,0.363,0.0,0.825,0.0,0.103,-0.616,0.0,0.0
436,2,5240,0.81500006,0.3025,0.0,0.825,0.0,0.103,0.616,0.0,0.0,0.77,0.363,0.0,0.825,0.0,0.103,-0.616,0.0,0.0
437,0,5244,0.81500006,0.3025,0.0,0.825,0.0,0.103,0.616,0.0,0.0,0.77,0.363,0.0,0.825,0.0,0.103,-0.616,0.0,0.0
437,1,5248,0.81500006,0.3025,0.0,0.825,0.0,0.103,0.616,0.0,0.0,0.77,0.363,0.0,0.825,0.0,0.103,-0.616,0.0,0.0
437,2,5252,0.81500006,0.3025,0.0,0.825,0.0,0.103,0.616,0.0,0.0,0.77,0.363,0.0,0.825,0.0,0.103,-0.616,0.0,0.0
438,0,5256,0.81500006,0.3025,0.0,0.825,0.0,0.103,0.616,0.0,0.0,0.77,0.363,0.0,0.825,0.0,0.103,-0.616,0.0,0.0
438,1,5260,0.81500006,0.3025,0.0,0.825,0.0,0.103,0.616,0.0,0.0,0.77,0.363,0.0,0.825,0.0,0.103,-0.616,0.0,0.0
438,2,5264,0.81500006,0.3025,0.0,0.825,0.0,0.103,0.616,0.0,0.0,0.77,0.363,0.0,0.825,0.0,0.103,-0.616,0.0,0.0
439,0,5268,0.81500006,0.3025,0.0,0.825,0.0,0.103,0.616,0.0,0.0,0.77,0.363,0.0,0.825,0.0,0.103,-0.616,0.0,0.0
439,1,5272,0.81500006,0.3025,0.0,0.825,0.0,0.103,0.616,0.0,0.0,0.77,0.363,0.0,0.825,0.0,0.103,-0.616,0.0,0.0
439,2,5276,0.81500006,0.3025,0.0,0.825,0.0,0.103,0.616,0.0,0.0,0.77,0.363,0.0,0.825,0.0,0.103,-0.616,0.0,0.0
440,0,5280,0.81500006,0.3025,0.0,0.825,0.0,0.103,0.616,0.0,0.0,0.77,0.363,0.0,0.825,0.0,0.103,-0.616,0.0,0.0
440,1,5284,0.81500006,0.3025,0.0,0.825,0.0,0.103,0.616,0.0,0.0,0.77,0.363,0.0,0.825,0.0,0.103,-0.616,0.0,0.0
440,2,5288,0.81500006,0.3025,0.0,0.825,0.0,0.103,0.616,0.0,0.0,0.77,0.363,0.0,0.825,0.0,0.103,-0.616,0.0,0.0
441,0,5292,0.81500006,0.3025,0.0,0.825,0.0,0.103,0.616,0.0,0.0,0.77,0.363,0.0,0.825,0.0,0.103,-0.616,0.0,0.0
441,1,5296,0.81500006,0.3025,0.0,0.825,0.0,0.103,0.616,0.0,0.0,0.77,0.363,0.0,0.825,0.0,0.103,-0.616,0.0,0.0
441,2,5300,0.81500006,0.3025,0.0,0.825,0.0,0.103,0.616,0.0,0.0,0.77,0.363,0.0,0.825,0.0,0.103,-0.616,0.0,0.0
442,0,5304,0.81500006,0.3025,0.0,0.825,0.0,0.103,0.616,0.0,0.0,0.77,0.363,0.0,0.825,0.0,0.103,-0.616,0.0,0.0
442,1,5308,0.81500006,0.3025,0.0,0.825,0.0,0.103,0.616,0.0,0.0,0.77,0.363,0.0,0.825,0.0,0.103,-0.616,0.0,0.0
442,2,5312,0.81500006,0.3025,0.0,0.825,0.0,0.103,0.616,0.0,0.0,0.77,0.363,0.0,0.825,0.0,0.103,-0.616,0.0,0.0
443,0,5316,0.81500006,0.3025,0.0,0.825,0.0,0.103,0.616,0.0,0.0,0.77,0.363,0.0,0.825,0.0,0.103,-0.616,0.0,0.0
443,1,5320,0.81500006,0.3025,0.0,0.825,0.0,0.103,0.616,0.0,0.0,0.77,0.363,0.0,0.825,0.0,0.103,-0.616,0.0,0.0
443,2,5324,0.81500006,0.3025,0.0,0.825,0.0,0.103,0.616,0.0,0.0,0.77,0.363,0.0,0.825,0.0,0.103,-0.616,0.0,0.0
444,0,5328,0.81500006,0.3025,0.0,0.825,0.0,0.103,0.616,0.0,0.0,0.77,0.363,0.0,0.825,0.0,0.103,-0.616,0.0,0.0
444,1,5332,0.81500006,0.3025,0.0,0.825,0.0,0.103,0.616,0.0,0.0,0.77,0.363,0.0,0.825,0.0,0.103,-0.616,0.0,0.0
444,2,5336,0.81500006,0.3025,0.0,0.825,0.0,0.103,0.616,0.0,0.0,0.77,0.363,0.0,0.825,0.0,0.103,-0.616,0.0,0.0
445,0,5340,0.81500006,0.3025,0.0,0.825,0.0,0.103,0.616,0.0,0.0,0.77,0.363,0.0,0.825,0.0,0.103,-0.616,0.0,0.0
445,1,5344,0.81500006,0.3025,0.0,0.825,0.0,0.103,0.616,0.0,0.0,0.77,0.363,0.0,0.825,0.0,0.103,-0.616,0.0,0.0
445,2,5348,0.81500006,0.3025,0.0,0.825,0.0,0.103,0.616,0.0,0.0,0.77,0.363,0.0,0.825,0.0,0.103,-0.616,0.0,0.0
446,0,5352,0.81500006,0.3025,0.0,0.825,0.0,0.103,0.616,0.0,0.0,0.77,0.363,0.0,0.825,0.0,0.103,-0.616,0.0,0.0
446,1,5356,0.81500006,0.3025,0.0,0.825,0.0,0.103,0.616,0.0,0.0,0.77,0.363,0.0,0.825,0.0,0.103,-0.616,0.0,0.0
446,2,5360,0.81500006,0.3025,0.0,0.825,0.0,0.103,0.616,0.0,0.0,0.77,0.363,0.0,0.825,0.0,0.103,-0.616,0.0,0.0
447,0,5364,0.81500006,0.3025,0.0,0.825,0.0,0.103,0.616,0.0,0.0,0.77,0.363,0.0,0.825,0.0,0.103,-0.616,0.0,0.0
447,1,5368,0.81500006,0.3025,0.0,0.825,0.0,0.103,0.616,0.0,0.0,0.77,0.363,0.0,0.825,0.0,0.103,-0.616,0.0,0.0
447,2,5372,0.81500006,0.3025,0.0,0.825,0.0,0.103,0.616,0.0,0.0,0.77,0.363,0.0,0.825,0.0,0.103,-0.616,0.0,0.0
448,0,5376,0.81500006,0.3025,0.0,0.73333335,0.0,0.103,0.616,0.0,0.0,0.77,0.363,0.0,0.825,0.0,0.103,-0.616,0.022,0.0
448,1,5380,0.81500006,0.3025,0.0,0.64166665,0.0,0.103,0.616,0.0,0.0,0.77,0.363,0.0,0.825,0.0,0.103,-0.616,0.044,0.0
448,2,5384,0.81500006,0.3025,0.0,0.55,0.0,0.103,0.616,0.0,0.0,0.77,0.363,0.0,0.825,0.0,0.103,-0.616,0.066,0.0
449,0,5388,0.81500006,0.3025,0.0,0.45833334,0.0,0.103,0.616,0.0,0.0,0.77,0.363,0.0,0.825,0.0,0.103,-0.616,0.088,0.0
449,1,5392,0.81500006,0.3025,0.0,0.36666667,0.0,0.103,0.616,0.0,0.0,0.77,0.363,0.0,0.825,0.0,0.103,-0.616,0.11,0.0
449,2,5396,0.81500006,0.3025,0.0,0.275,0.0,0.103,0.616,0.0,0.0,0.77,0.363,0.0,0.825,0.0,0.103,-0.616,0.132,0.0
450,0,5400,0.81500006,0.3025,0.0,0.18333334,0.0,0.103,0.616,0.0,0.0,0.77,0.363,0.0,0.825,0.0,0.103,-0.594,0.154,0.0
450,1,5404,0.81500006,0.3025,0.0,0.09166667,0.0,0.103,0.616,0.0,0.0,0.77,0.363,0.0,0.825,0.0,0.103,-0.572,0.176,0.0
450,2,5408,0.81500006,0.3025,0.0,-8.326673e-17,0.0,0.103,0.616,0.0,0.0,0.77,0.363,0.0,0.825,0.0,0.103,-0.55,0.198,0.0
451,0,5412,0.81500006,0.3025,0.0,-8.326673e-17,0.0,0.103,0.616,0.0,0.0,0.77,0.363,0.0,0.825,0.0,0.103,-0.528,0.22,0.0
451,1,5416,0.81500006,0.3025,0.0,-8.326673e-17,0.0,0.103,0.616,0.0,0.0,0.77,0.363,0.0,0.825,0.0,0.103,-0.506,0.242,0.0
451,2,5420,0.81500006,0.3025,0.0,-8.326673e-17,0.0,0.103,0.616,0.0,0.0,0.77,0.363,0.0,0.825,0.0,0.103,-0.484,0.264,0.0
452,0,5424,0.81500006,0.3025,0.0,-8.326673e-17,0.0,0.103,0.616,0.0,0.0,0.77,0.363,0.0,0.825,0.0,0.103,-0.462,0.286,0.0
452,1,5428,0.81500006,0.3025,0.0,-8.326673e-17,0.0,0.103,0.616,0.0,0.0,0.77,0.363,0.0,0.825,0.0,0.103,-0.44,0.308,0.0
452,2,5432,0.81500006,0.3025,0.0,-8.326673e-17,0.0,0.103,0.616,0.0,0.0,0.77,0.363,0.0,0.825,0.0,0.103,-0.418,0.33,0.0
453,0,5436,0.81500006,0.3025,0.0,-8.326673e-17,0.0,0.103,0.616,0.0,0.0,0.7956667,0.363,0.0,0.825,0.0,0.103,-0.396,0.352,0.0
453,1,5440,0.81500006,0.3025,0.0,-8.326673e-17,0.0,0.103,0.616,0.0,0.0,0.82133335,0.363,0.0,0.825,0.0,0.103,-0.374,0.374,0.0
453,2,5444,0.81500006,0.3025,0.0,-8.326673e-17,0.0,0.103,0.616,0.0,0.0,0.847,0.363,0.0,0.825,0.0,0.103,-0.352,0.396,0.0
454,0,5448,0.81500006,0.3025,0.0,-8.326673e-17,0.0,0.103,0.616,0.0,0.0,0.87266666,0.363,0.0,0.825,0.0,0.103,-0.33,0.418,0.0
454,1,5452,0.81500006,0.3025,0.0,-8.326673e-17,0.0,0.103,0.616,0.0,0.0,0.8983333,0.363,0.0,0.825,0.0,0.103,-0.308,0.44,0.0
454,2,5456,0.81500006,0.3025,0.0,-8.326673e-17,0.0,0.103,0.616,0.0,0.0,0.924,0.363,0.0,0.825,0.0,0.103,-0.286,0.462,0.0
455,0,5460,0.81500006,0.3025,0.0,-8.326673e-17,0.0,0.103,0.616,0.0,0.0,0.9496667,0.363,0.0,0.825,0.0,0.103,-0.264,0.484,0.0
455,1,5464,0.81500006,0.3025,0.0,-8.326673e-17,0.0,0.103,0.616,0.0,0.0,0.97533333,0.363,0.0,0.825,0.0,0.103,-0.242,0.506,0.0
455,2,5468,0.81500006,0.3025,0.0,-8.326673e-17,0.0,0.103,0.616,0.0,0.0,1.001,0.363,0.0,0.825,0.0,0.103,-0.22,0.528,0.0
456,0,5472,0.81500006,0.3025,0.0,-8.326673e-17,0.0,0.103,0.616,0.0,0.0,1.001,0.363,0.0,0.825,0.0,0.103,-0.198,0.55,0.0
456,1,5476,0.81500006,0.3025,0.0,-8.326673e-17,0.0,0.103,0.616,0.0,0.0,1.001,0.363,0.0,0.825,0.0,0.103,-0.176,0.572,0.0
456,2,5480,0.81500006,0.3025,0.0,-8.326673e-17,0.0,0.103,0.616,0.0,0.0,1.001,0.363,0.0,0.825,0.0,0.103,-0.154,0.594,0.0
457,0,5484,0.81500006,0.3025,0.0,-8.326673e-17,0.0,0.103,0.616,0.0,0.0,1.001,0.363,0.0,0.825,0.0,0.103,-0.132,0.616,0.0
457,1,5488,0.81500006,0.3025,0.0,-8.326673e-17,0.0,0.103,0.616,0.0,0.0,1.001,0.363,0.0,0.825,0.0,0.103,-0.11,0.616,0.0
457,2,5492,0.81500006,0.3025,0.0,-8.326673e-17,0.0,0.103,0.616,0.0,0.0,1.001,0.363,0.0,0.825,0.0,0.103,-0.088,0.616,0.0
458,0,5496,0.81500006,0.3025,0.0,-8.326673e-17,0.0,0.103,0.616,0.0,0.0,1.001,0.363,0.0,0.73333335,0.0,0.103,-0.066,0.616,0.0
458,1,5500,0.81500006,0.3025,0.0,-8.326673e-17,0.0,0.103,0.616,0.0,0.0,1.001,0.363,0.0,0.64166665,0.0,0.103,-0.044,0.616,0.0
458,2,5504,0.81500006,0.3025,0.0,-8.326673e-17,0.0,0.103,0.616,0.0,0.0,1.001,0.363,0.0,0.55,0.0,0.103,-0.022,0.616,0.0
459,0,5508,0.81500006,0.3025,0.0,-8.326673e-17,0.0,0.103,0.616,0.0,0.0,1.001,0.363,0.0,0.55,0.0,0.103,0.0,0.616,0.0
459,1,5512,0.81500006,0.3025,0.0,-8.326673e-17,0.0,0.103,0.616,0.0,0.0,1.001,0.363,0.0,0.55,0.0,0.103,0.0,0.616,0.0
459,2,5516,0.81500006,0.3025,0.0,-8.326673e-17,0.0,0.103,0.616,0.0,0.0,1.001,0.363,0.0,0.55,0.0,0.103,0.0,0.616,0.0
460,0,5520,0.81500006,0.3025,0.0,-8.326673e-17,0.0,0.103,0.616,0.0,0.0,1.001,0.363,0.0,0.55,0.0,0.103,0.0,0.594,0.0
460,1,5524,0.81500006,0.3025,0.0,-8.326673e-17,0.0,0.103,0.616,0.0,0.0,1.001,0.363,0.0,0.55,0.0,0.103,0.0,0.572,0.0
460,2,5528,0.81500006,0.3025,0.0,-8.326673e-17,0.0,0.103,0.616,0.0,0.0,1.001,0.363,0.0,0.55,0.0,0.103,0.0,0.55,0.0
461,0,5532,0.81500006,0.3025,0.0,-8.326673e-17,0.0,0.103,0.616,0.0,0.0,1.001,0.363,0.0,0.55,0.0,0.103,0.0,0.528,0.0
461,1,5536,0.81500006,0.3025,0.0,-8.326673e-17,0.0,0.103,0.616,2.8303193e-11,-0.031954475,1.001,0.363,0.0,0.55,0.0,0.103,9.614206e-05,0.50584626,-0.026154906
461,2,5540,0.81500006,0.3025,0.0,-8.326673e-17,0.0,0.103,0.616,-3.4544052e-09,-0.032707527,1.001,0.363,0.0,0.55,0.0,0.103,0.0032212066,0.47800902,-0.027054764
462,0,5544,0.81500006,0.3025,0.0,-8.326673e-17,0.0,0.103,0.616,8.9453744e-10,-0.03241119,1.001,0.363,0.0,0.55,0.0,0.103,0.011971893,0.43294483,-0.02707967
462,1,5548,0.81500006,0.3025,0.0,-8.326673e-17,0.0,0.103,0.61600006,3.024656e-10,-0.03313789,1.001,0.363,0.0,0.55,0.0,0.103,0.012361309,0.3817883,-0.027867904
462,2,5552,0.81500006,0.3025,0.0,-8.326673e-17,0.0,0.103,0.616,1.1512519e-09,-0.029496495,1.001,0.363,0.0,0.55,0.0,0.103,0.025510315,0.2897256,-0.024882387
463,0,5556,0.81500006,0.3025,0.0,-8.326673e-17,0.0,0.103,0.616,3.8642264e-10,-0.028086154,1.001,0.363,0.0,0.55,0.0,0.103,0.027523525,0.19765696,-0.0237161
463,1,5560,0.81500006,0.3025,0.0,-8.326673e-17,0.0,0.103,0.61600006,3.3884249e-09,-0.027119556,1.001,0.363,0.0,0.55,0.0,0.103,0.022793313,0.11935789,-0.022880984
463,2,5564,0.81500006,0.3025,0.0,-8.326673e-17,0.0,0.103,0.61600006,2.229945e-10,-0.027473042,1.001,0.363,0.0,0.55,0.0,0.103,0.01036772,0.06296517,-0.023150988
464,0,5568,0.81500006,0.3025,0.0,-8.326673e-17,0.0,0.103,0.5940001,2.202225e-09,-0.032906592,1.001,0.363,0.0,0.55,0.0,0.103,-0.008492285,0.028613994,-0.027690716
464,1,5572,0.81500006,0.3025,0.0,-8.326673e-17,0.0,0.103,0.5720001,7.571045e-10,-0.039285,1.001,0.363,0.0,0.55,0.0,0.103,-0.029898908,0.003967142,-0.032957856
464,2,5576,0.81500006,0.3025,0.0,-8.326673e-17,0.0,0.103,0.55000013,3.0290637e-09,-0.044432513,1.001,0.363,0.0,0.55,0.0,0.103,-0.051696822,-0.0012110815,-0.037122864
465,0,5580,0.81500006,0.28437492,0.0,-8.326673e-17,0.0,0.103,0.57200015,1.954776e-09,-0.04854073,1.001,0.363,0.0,0.55,0.0,0.103,-0.07360426,-0.00082582864,-0.040370192
465,1,5584,0.81500006,0.2660283,0.0,-8.326673e-17,0.0,0.103,0.59400016,1.9746988e-09,-0.05065554,1.001,0.363,0.0,0.55,0.0,0.103,-0.09557509,-0.00050091144,-0.042782992
465,2,5588,0.81500006,0.24699727,0.0,-8.326673e-17,0.0,0.103,0.616,3.0085887e-09,-0.05377638,1.001,0.363,0.0,0.55,0.0,0.103,-0.11757482,-4.2215663e-05,-0.046663627
466,0,5592,0.81500006,0.22807544,0.0,-8.326673e-17,0.0,0.103,0.616,3.3346068e-10,-0.0543752,1.001,0.363,0.0,0.55,0.0,0.103,-0.13957481,-1.3448272e-11,-0.04839663
466,1,5596,0.81500006,0.20902562,0.0,-8.326673e-17,0.0,0.103,0.616,2.4626081e-09,-0.055576406,1.001,0.363,0.0,0.55,0.0,0.103,-0.16157481,-1.4023288e-10,-0.050622497
466,2,5600,0.81500006,0.18973346,0.0,-8.326673e-17,0.0,0.103,0.616,2.007822e-10,-0.057065755,1.001,0.363,0.0,0.55,0.0,0.103,-0.18357483,-3.0025118e-11,-0.053062428
467,0,5604,0.81500006,0.17011437,0.0,-8.326673e-17,0.0,0.103,0.61600006,1.414372e-09,-0.058809005,1.001,0.363,0.0,0.55,0.0,0.103,-0.20557483,1.4070135e-10,-0.055614274
467,1,5608,0.81500006,0.15040515,0.0,-8.326673e-17,0.0,0.103,0.616,7.9637286e-10,-0.059703596,1.001,0.363,0.0,0.55,0.0,0.103,-0.22757483,-1.6373057e-10,-0.057337396
467,2,5612,0.81500006,0.13056388,0.0,-8.326673e-17,0.0,0.103,0.616,-6.276157e-10,-0.060610123,1.001,0.363,0.0,0.55,0.0,0.103,-0.24957483,2.219091e-11,-0.059055317
468,0,5616,0.81500006,0.11055542,0.0,-8.326673e-17,0.0,0.103,0.61600006,2.898328e-09,-0.061495364,1.001,0.363,0.0,0.55,0.0,0.103,-0.27157483,2.2420125e-10,-0.0607793
468,1,5620,0.81500006,0.09054627,0.0,-8.326673e-17,0.0,0.103,0.616,2.296643e-09,-0.061713297,1.001,0.363,0.0,0.55,0.0,0.103,-0.29357484,-6.375184e-11,-0.061894115
468,2,5624,0.81500006,0.07037961,0.0,-8.326673e-17,0.0,0.103,0.616,0.0,0.0,1.001,0.363,0.0,0.55,0.0,0.103,-0.31557482,0.0,0.0
469,0,5628,0.81500006,0.050212942,0.0,-8.326673e-17,0.0,0.103,0.616,0.0,0.0,1.001,0.363,0.0,0.55,0.0,0.103,-0.33757484,0.0,0.0
469,1,5632,0.81500006,0.030046275,0.0,-8.326673e-17,0.0,0.103,0.616,0.0,0.0,1.001,0.363,0.0,0.55,0.0,0.103,-0.35957482,0.0,0.0
469,2,5636,0.81500006,0.009879609,0.0,-8.326673e-17,0.0,0.103,0.616,0.0,0.0,1.001,0.363,0.0,0.55,0.0,0.103,-0.38157484,0.0,0.0
470,0,5640,0.81500006,0.009879609,0.0,-8.326673e-17,0.0,0.103,0.616,0.0,0.0,1.001,0.363,0.0,0.55,0.0,0.103,-0.40357482,0.0,0.0
470,1,5644,0.81500006,0.009879609,0.0,-8.326673e-17,0.0,0.103,0.616,0.0,0.0,1.001,0.363,0.0,0.55,0.0,0.103,-0.42557484,0.0,0.0
470,2,5648,0.81500006,0.009879609,0.0,-8.326673e-17,0.0,0.103,0.616,0.0,0.0,1.001,0.363,0.0,0.55,0.0,0.103,-0.44757482,0.0,0.0
471,0,5652,0.81500006,0.009879609,0.0,-8.326673e-17,0.0,0.103,0.594,-0.022,0.0,1.001,0.363,0.0,0.55,0.0,0.103,-0.46957484,0.0,0.0
471,1,5656,0.81500006,0.009879609,0.0,-8.326673e-17,0.0,0.103,0.572,-0.044,0.0,1.001,0.363,0.0,0.55,0.0,0.103,-0.49157482,0.0,0.0
471,2,5660,0.81500006,0.009879609,0.0,-8.326673e-17,0.0,0.103,0.55,-0.066,0.0,1.001,0.363,0.0,0.55,0.0,0.103,-0.51357484,0.0,0.0
472,0,5664,0.81500006,0.009879609,0.0,-8.326673e-17,0.0,0.103,0.528,-0.088,0.0,1.001,0.363,0.0,0.55,0.0,0.103,-0.53557485,0.0,0.0
472,1,5668,0.81500006,0.009879609,0.0,-8.326673e-17,0.0,0.103,0.506,-0.11,0.0,1.001,0.363,0.0,0.55,0.0,0.103,-0.5575748,0.0,0.0
472,2,5672,0.81500006,0.009879609,0.0,-8.326673e-17,0.0,0.103,0.484,-0.132,0.0,1.001,0.363,0.0,0.55,0.0,0.103,-0.5795748,0.0,0.0
473,0,5676,0.81500006,0.009879609,0.0,-8.326673e-17,0.0,0.103,0.462,-0.154,0.0,1.001,0.363,0.0,0.55,0.0,0.103,-0.60157484,0.0,0.0
473,1,5680,0.81500006,0.009879609,0.0,-8.326673e-17,0.0,0.103,0.44,-0.176,0.0,1.001,0.363,0.0,0.55,0.0,0.103,-0.616,0.0,0.0
473,2,5684,0.81500006,0.009879609,0.0,-8.326673e-17,0.0,0.103,0.418,-0.198,0.0,1.001,0.363,0.0,0.55,0.0,0.103,-0.616,0.0,0.0
474,0,5688,0.81500006,0.009879609,0.0,-8.326673e-17,0.0,0.103,0.396,-0.22,0.0,1.001,0.363,0.0,0.55,0.0,0.103,-0.616,0.0,0.0
474,1,5692,0.81500006,0.009879609,0.0,-8.326673e-17,0.0,0.103,0.374,-0.242,0.0,1.001,0.363,0.0,0.55,0.0,0.103,-0.616,0.0,0.0
474,2,5696,0.81500006,0.009879609,0.0,-8.326673e-17,0.0,0.103,0.352,-0.264,0.0,1.001,0.363,0.0,0.55,0.0,0.103,-0.616,0.0,0.0
475,0,5700,0.81500006,0.009879609,0.0,-8.326673e-17,0.0,0.103,0.33,-0.286,0.0,1.001,0.363,0.0,0.45833334,0.0,0.103,-0.594,0.0,0.0
475,1,5704,0.81500006,0.009879609,0.0,-8.326673e-17,0.0,0.103,0.308,-0.308,0.0,1.001,0.363,0.0,0.36666667,0.0,0.103,-0.572,0.0,0.0
475,2,5708,0.81500006,0.009879609,0.0,-8.326673e-17,0.0,0.103,0.286,-0.33,0.0,1.001,0.363,0.0,0.275,0.0,0.103,-0.55,0.0,0.0
476,0,5712,0.81500006,0.009879609,0.0,-8.326673e-17,0.0,0.103,0.264,-0.352,0.0,1.001,0.363,0.0,0.18333334,0.0,0.103,-0.528,0.0,0.0
476,1,5716,0.81500006,0.009879609,0.0,-8.326673e-17,0.0,0.103,0.242,-0.374,0.0,1.001,0.363,0.0,0.09166667,0.0,0.103,-0.506,0.0,0.0
476,2,5720,0.81500006,0.009879609,0.0,-8.326673e-17,0.0,0.103,0.22,-0.396,0.0,1.001,0.363,0.0,-8.326673e-17,0.0,0.103,-0.484,0.0,0.0
477,0,5724,0.81500006,0.009879609,0.0,-8.326673e-17,0.0,0.103,0.198,-0.418,0.0,1.001,0.363,0.0,-8.326673e-17,0.0,0.103,-0.462,0.0,0.0
477,1,5728,0.81500006,0.009879609,0.0,-8.326673e-17,0.0,0.103,0.176,-0.44,0.0,1.001,0.363,0.0,-8.326673e-17,0.0,0.103,-0.44,0.0,0.0
477,2,5732,0.81500006,0.009879609,0.0,-8.326673e-17,0.0,0.103,0.154,-0.462,0.0,1.001,0.363,0.0,-8.326673e-17,0.0,0.103,-0.418,0.0,0.0
478,0,5736,0.81500006,0.009879609,0.0,-8.326673e-17,0.0,0.103,0.132,-0.484,0.0,1.001,0.363,0.0,-8.326673e-17,0.0,0.103,-0.396,0.0,0.0
478,1,5740,0.81500006,0.009879609,0.0,-8.326673e-17,0.0,0.103,0.11,-0.506,0.0,1.001,0.363,0.0,-8.326673e-17,0.0,0.103,-0.374,0.0,0.0
478,2,5744,0.81500006,0.009879609,0.0,-8.326673e-17,0.0,0.103,0.088,-0.528,0.0,1.001,0.363,0.0,-8.326673e-17,0.0,0.103,-0.352,0.0,0.0
479,0,5748,0.81500006,0.009879609,0.0,-8.326673e-17,0.0,0.103,0.066,-0.55,0.0,1.001,0.363,0.0,-8.326673e-17,0.0,0.103,-0.33,0.0,0.0
479,1,5752,0.81500006,0.009879609,0.0,-8.326673e-17,0.0,0.103,0.044,-0.572,0.0,1.001,0.363,0.0,-8.326673e-17,0.0,0.103,-0.308,0.0,0.0
479,2,5756,0.81500006,0.009879609,0.0,-8.326673e-17,0.0,0.103,0.022,-0.594,0.0,1.001,0.363,0.0,-8.326673e-17,0.0,0.103,-0.286,0.0,0.0
480,0,5760,0.81500006,0.009879609,0.0,-8.326673e-17,0.0,0.103,0.0,-0.616,0.0,1.001,0.363,0.0,-8.326673e-17,0.0,0.103,-0.264,0.0,0.0
480,1,5764,0.81500006,0.009879609,0.0,-8.326673e-17,0.0,0.103,0.0,-0.616,0.0,1.001,0.363,0.0,-8.326673e-17,0.0,0.103,-0.242,0.0,0.0
480,2,5768,0.81500006,0.009879609,0.0,-8.326673e-17,0.0,0.103,0.0,-0.616,0.0,1.001,0.363,0.0,-8.326673e-17,0.0,0.103,-0.22,0.0,0.0
481,0,5772,0.81500006,0.009879609,0.0,-8.326673e-17,0.0,0.103,0.0,-0.616,0.0,1.001,0.363,0.0,-8.326673e-17,0.0,0.103,-0.198,0.0,0.0
481,1,5776,0.81500006,0.009879609,0.0,-8.326673e-17,0.0,0.103,0.0,-0.616,0.0,1.001,0.363,0.0,-8.326673e-17,0.0,0.103,-0.176,0.0,0.0
481,2,5780,0.81500006,0.009879609,0.0,-8.326673e-17,0.0,0.103,0.0,-0.616,0.0,1.001,0.363,0.0,-8.326673e-17,0.0,0.103,-0.154,0.0,0.0
482,0,5784,0.81500006,0.009879609,0.0,-8.326673e-17,0.0,0.103,0.0,-0.594,0.0,1.001,0.363,0.0,-8.326673e-17,0.0,0.103,-0.132,0.0,0.0
482,1,5788,0.81500006,0.009879609,0.0,-8.326673e-17,0.0,0.103,0.0,-0.572,0.0,1.001,0.363,0.0,-8.326673e-17,0.0,0.103,-0.11,0.0,0.0
482,2,5792,0.81500006,0.009879609,0.0,-8.326673e-17,0.0,0.103,0.0,-0.55,0.0,1.001,0.363,0.0,-8.326673e-17,0.0,0.103,-0.088,0.0,0.0
483,0,5796,0.81500006,0.009879609,0.0,-8.326673e-17,0.0,0.103,0.0,-0.528,0.0,1.001,0.363,0.0,-8.326673e-17,0.0,0.103,-0.066,0.0,0.0
483,1,5800,0.81500006,0.009879609,0.0,-8.326673e-17,0.0,0.103,0.0,-0.506,0.0,1.001,0.363,0.0,-8.326673e-17,0.0,0.103,-0.044,0.0,0.0
483,2,5804,0.81500006,0.009879609,0.0,-8.326673e-17,0.0,0.103,0.0,-0.484,0.0,1.001,0.363,0.0,-8.326673e-17,0.0,0.103,-0.022,0.0,0.0
484,0,5808,0.81500006,0.009879609,0.0,-8.326673e-17,0.0,0.103,0.0,-0.462,0.0,1.001,0.363,0.0,-8.326673e-17,0.0,0.103,0.0,0.0,0.0
484,1,5812,0.81500006,0.009879609,0.0,-8.326673e-17,0.0,0.103,0.0,-0.44,0.0,1.001,0.363,0.0,-8.326673e-17,0.0,0.103,0.0,0.0,0.0
484,2,5816,0.81500006,0.009879609,0.0,-8.326673e-17,0.0,0.103,0.0,-0.418,0.0,1.001,0.363,0.0,-8.326673e-17,0.0,0.103,0.0,0.0,0.0
485,0,5820,0.81500006,0.009879609,0.0,-8.326673e-17,0.0,0.103,0.0,-0.396,0.0,1.001,0.363,0.0,-8.326673e-17,0.0,0.103,0.0,0.0,0.0
485,1,5824,0.81500006,0.009879609,0.0,-8.326673e-17,0.0,0.103,0.0,-0.374,0.0,1.001,0.363,0.0,-8.326673e-17,0.0,0.103,0.0,0.0,0.0
485,2,5828,0.81500006,0.009879609,0.0,-8.326673e-17,0.0,0.103,0.0,-0.352,0.0,1.001,0.363,0.0,-8.326673e-17,0.0,0.103,0.0,0.0,0.0
486,0,5832,0.81500006,0.009879609,0.0,-8.326673e-17,0.0,0.103,0.0,-0.33,0.0,1.001,0.363,0.0,-8.326673e-17,0.0,0.103,0.0,0.0,0.0
486,1,5836,0.81500006,0.009879609,0.0,-8.326673e-17,0.0,0.103,0.0,-0.308,0.0,1.001,0.363,0.0,-8.326673e-17,0.0,0.103,0.0,0.0,0.0
486,2,5840,0.81500006,0.009879609,0.0,-8.326673e-17,0.0,0.103,0.0,-0.286,0.0,1.001,0.363,0.0,-8.326673e-17,0.0,0.103,0.0,0.0,0.0
487,0,5844,0.81500006,0.009879609,0.0,-8.326673e-17,0.0,0.103,0.0,-0.264,0.0,1.001,0.363,0.0,-8.326673e-17,0.0,0.103,0.0,0.0,0.0
487,1,5848,0.81500006,0.009879609,0.0,-8.326673e-17,0.0,0.103,0.0,-0.242,0.0,1.001,0.363,0.0,-8.326673e-17,0.0,0.103,0.0,0.0,0.0
487,2,5852,0.81500006,0.009879609,0.0,-8.326673e-17,0.0,0.103,0.0,-0.22,0.0,1.001,0.363,0.0,-8.326673e-17,0.0,0.103,0.0,0.0,0.0
488,0,5856,0.81500006,0.009879609,0.0,-8.326673e-17,0.0,0.103,0.0,-0.242,0.0,1.001,0.363,0.0,-8.326673e-17,0.0,0.103,0.0,0.0,0.0
488,1,5860,0.81500006,0.009879609,0.0,-8.326673e-17,0.0,0.103,0.0,-0.264,0.0,1.001,0.363,0.0,-8.326673e-17,0.0,0.103,0.0,0.0,0.0
488,2,5864,0.81500006,0.009879609,0.0,-8.326673e-17,0.0,0.103,0.0,-0.286,0.0,1.001,0.363,0.0,-8.326673e-17,0.0,0.103,0.0,0.0,0.0
489,0,5868,0.81500006,0.009879609,0.0,-8.326673e-17,0.0,0.103,0.0,-0.308,0.0,1.001,0.363,0.0,-8.326673e-17,0.0,0.103,0.0,0.0,0.0
489,1,5872,0.81500006,0.009879609,0.0,-8.326673e-17,0.0,0.103,0.0,-0.33,0.0,1.001,0.363,0.0,-8.326673e-17,0.0,0.103,0.0,0.0,0.0
489,2,5876,0.81500006,0.009879609,0.0,-8.326673e-17,0.0,0.103,0.0,-0.352,0.0,1.001,0.363,0.0,-8.326673e-17,0.0,0.103,0.0,0.0,0.0
490,0,5880,0.81500006,0.009879609,0.0,-8.326673e-17,0.0,0.103,0.0,-0.374,0.0,1.001,0.363,0.0,-8.326673e-17,0.0,0.103,0.0,0.0,0.0
490,1,5884,0.81500006,0.009879609,0.0,-8.326673e-17,0.0,0.103,0.0,-0.396,0.0,1.001,0.363,0.0,-8.326673e-17,0.0,0.103,0.0,0.0,0.0
490,2,5888,0.81500006,0.009879609,0.0,-8.326673e-17,0.0,0.103,0.0,-0.418,0.0,1.001,0.363,0.0,-8.326673e-17,0.0,0.103,0.0,0.0,0.0
491,0,5892,0.81500006,0.009879609,0.0,-8.326673e-17,0.0,0.103,0.0,-0.396,0.0,1.001,0.363,0.0,-8.326673e-17,0.0,0.103,0.0,0.022,0.0
491,1,5896,0.81500006,0.009879609,0.0,-8.326673e-17,0.0,0.103,0.0,-0.374,0.0,1.001,0.363,0.0,-8.326673e-17,0.0,0.103,0.0,0.044,0.0
491,2,5900,0.81500006,0.009879609,0.0,-8.326673e-17,0.0,0.103,0.0,-0.352,0.0,1.001,0.363,0.0,-8.326673e-17,0.0,0.103,0.0,0.066,0.0
492,0,5904,0.81500006,0.009879609,0.0,-8.326673e-17,0.0,0.103,0.0,-0.33,0.0,1.001,0.363,0.0,-8.326673e-17,0.0,0.103,0.0,0.088,0.0
492,1,5908,0.81500006,0.009879609,0.0,-8.326673e-17,0.0,0.103,0.0,-0.308,0.0,1.001,0.363,0.0,-8.326673e-17,0.0,0.103,0.0,0.11,0.0
492,2,5912,0.81500006,0.009879609,0.0,-8.326673e-17,0.0,0.103,0.0,-0.286,0.0,1.001,0.363,0.0,-8.326673e-17,0.0,0.103,0.0,0.132,0.0
493,0,5916,0.81500006,0.009879609,0.0,-8.326673e-17,0.0,0.103,0.0,-0.264,0.0,1.001,0.363,0.0,-8.326673e-17,0.0,0.103,0.0,0.11,0.0
493,1,5920,0.81500006,0.009879609,0.0,-8.326673e-17,0.0,0.103,0.0,-0.242,0.0,1.001,0.363,0.0,-8.326673e-17,0.0,0.103,0.0,0.088,0.0
493,2,5924,0.81500006,0.009879609,0.0,-8.326673e-17,0.0,0.103,0.0,-0.22,0.0,1.001,0.363,0.0,-8.326673e-17,0.0,0.103,0.0,0.066,0.0
494,0,5928,0.81500006,0.009879609,0.0,-8.326673e-17,0.0,0.103,0.0,-0.198,0.0,1.001,0.363,0.0,-8.326673e-17,0.0,0.103,0.0,0.088,0.0
494,1,5932,0.81500006,0.009879609,0.0,-8.326673e-17,0.0,0.103,0.0,-0.176,0.0,1.001,0.363,0.0,-8.326673e-17,0.0,0.103,0.0,0.11,0.0
494,2,5936,0.81500006,0.009879609,0.0,-8.326673e-17,0.0,0.103,0.0,-0.154,0.0,1.001,0.363,0.0,-8.326673e-17,0.0,0.103,0.0,0.132,0.0
495,0,5940,0.81500006,0.009879609,0.0,-8.326673e-17,0.0,0.103,0.0,-0.132,0.0,1.0266666,0.363,0.0,-8.326673e-17,0.0,0.103,0.0,0.154,0.0
495,1,5944,0.81500006,0.009879609,0.0,-8.326673e-17,0.0,0.103,0.0,-0.11,0.0,1.0523334,0.363,0.0,-8.326673e-17,0.0,0.103,0.0,0.176,0.0
495,2,5948,0.81500006,0.009879609,0.0,-8.326673e-17,0.0,0.103,0.0,-0.088,0.0,1.078,0.363,0.0,-8.326673e-17,0.0,0.103,0.0,0.198,0.0
496,0,5952,0.8406667,0.009879609,0.0,-8.326673e-17,0.0,0.103,0.0,-0.066,0.0,1.078,0.363,0.0,-8.326673e-17,0.0,0.103,0.0,0.22,0.0
496,1,5956,0.86633337,0.009879609,0.0,-8.326673e-17,0.0,0.103,0.0,-0.044,0.0,1.078,0.363,0.0,-8.326673e-17,0.0,0.103,0.0,0.242,0.0
496,2,5960,0.892,0.009879609,0.0,-8.326673e-17,0.0,0.103,0.0,-0.022,0.0,1.078,0.363,0.0,-8.326673e-17,0.0,0.103,0.0,0.264,0.0
497,0,5964,0.892,0.009879609,0.0,-8.326673e-17,0.0,0.103,0.0,0.0,0.0,1.078,0.363,0.0,-8.326673e-17,0.0,0.103,0.0,0.242,0.0
497,1,5968,0.892,0.009879609,0.0,-8.326673e-17,0.0,0.103,0.0,0.0,0.0,1.078,0.363,0.0,-8.326673e-17,0.0,0.103,0.0,0.22,0.0
497,2,5972,0.892,0.009879609,0.0,-8.326673e-17,0.0,0.103,0.0,0.0,0.0,1.078,0.363,0.0,-8.326673e-17,0.0,0.103,0.0,0.198,0.0
498,0,5976,0.892,0.009879609,0.0,-8.326673e-17,0.0,0.103,0.0,0.0,0.0,1.078,0.363,0.0,-8.326673e-17,0.0,0.103,0.0,0.22,0.0
498,1,5980,0.892,0.009879609,0.0,-8.326673e-17,0.0,0.103,0.0,0.0,0.0,1.078,0.363,0.0,-8.326673e-17,0.0,0.103,0.0,0.242,0.0
498,2,5984,0.892,0.009879609,0.0,-8.326673e-17,0.0,0.103,0.0,0.0,0.0,1.078,0.363,0.0,-8.326673e-17,0.0,0.103,0.0,0.264,0.0
499,0,5988,0.892,0.009879609,0.0,-8.326673e-17,0.0,0.103,0.0,-0.022,0.0,1.078,0.363,0.0,-8.326673e-17,0.0,0.103,0.0,0.286,0.0
499,1,5992,0.892,0.009879609,0.0,-8.326673e-17,0.0,0.103,0.0,-0.044,0.0,1.078,0.363,0.0,-8.326673e-17,0.0,0.103,0.0,0.308,0.0
499,2,5996,0.892,0.009879609,0.0,-8.326673e-17,0.0,0.103,0.0,-0.066,0.0,1.078,0.363,0.0,-8.326673e-17,0.0,0.103,0.0,0.33,0.0
500,0,6000,0.892,0.009879609,0.0,-8.326673e-17,0.0,0.103,0.0,-0.088,0.0,1.078,0.363,0.0,-8.326673e-17,0.0,0.103,0.0,0.308,0.0
500,1,6004,0.892,0.009879609,0.0,-8.326673e-17,0.0,0.103,0.0,-0.11,0.0,1.078,0.363,0.0,-8.326673e-17,0.0,0.103,0.0,0.286,0.0
500,2,6008,0.892,0.009879609,0.0,-8.326673e-17,0.0,0.103,0.0,-0.132,0.0,1.078,0.363,0.0,-8.326673e-17,0.0,0.103,0.0,0.264,0.0
501,0,6012,0.892,0.009879609,0.0,-8.326673e-17,0.0,0.103,0.0,-0.11,0.0,1.078,0.363,0.0,-8.326673e-17,0.0,0.103,0.0,0.286,0.0
501,1,6016,0.892,0.009879609,0.0,-8.326673e-17,0.0,0.103,0.0,-0.088,0.0,1.078,0.363,0.0,-8.326673e-17,0.0,0.103,0.0,0.308,0.0
501,2,6020,0.892,0.009879609,0.0,-8.326673e-17,0.0,0.103,0.0,-0.066,0.0,1.078,0.363,0.0,-8.326673e-17,0.0,0.103,0.0,0.33,0.0
502,0,6024,0.892,0.009879609,0.0,-8.326673e-17,0.0,0.103,-0.022,-0.044,0.0,1.078,0.363,0.0,-8.326673e-17,0.0,0.103,0.0,0.352,0.0
502,1,6028,0.892,0.009879609,0.0,-8.326673e-17,0.0,0.103,-0.044,-0.022,0.0,1.078,0.363,0.0,-8.326673e-17,0.0,0.103,0.0,0.374,0.0
502,2,6032,0.892,0.009879609,0.0,-8.326673e-17,0.0,0.103,-0.066,0.0,0.0,1.078,0.363,0.0,-8.326673e-17,0.0,0.103,0.0,0.396,0.0
503,0,6036,0.892,0.009879609,0.0,-8.326673e-17,0.0,0.103,-0.088,0.0,0.0,1.078,0.363,0.0,-8.326673e-17,0.0,0.103,0.022,0.374,0.0
503,1,6040,0.892,0.009879609,0.0,-8.326673e-17,0.0,0.103,-0.11,0.0,0.0,1.078,0.363,0.0,-8.326673e-17,0.0,0.103,0.044,0.352,0.0
503,2,6044,0.892,0.009879609,0.0,-8.326673e-17,0.0,0.103,-0.132,0.0,0.0,1.078,0.363,0.0,-8.326673e-17,0.0,0.103,0.066,0.33,0.0
504,0,6048,0.892,0.009879609,0.0,-8.326673e-17,0.0,0.103,-0.154,0.0,0.0,1.078,0.363,0.0,-8.326673e-17,0.0,0.103,0.088,0.308,0.0
504,1,6052,0.892,0.009879609,0.0,-8.326673e-17,0.0,0.103,-0.176,0.0,0.0,1.078,0.363,0.0,-8.326673e-17,0.0,0.103,0.11,0.286,0.0
504,2,6056,0.892,0.009879609,0.0,-8.326673e-17,0.0,0.103,-0.198,0.0,0.0,1.078,0.363,0.0,-8.326673e-17,0.0,0.103,0.132,0.264,0.0
505,0,6060,0.892,0.009879609,0.0,-8.326673e-17,0.0,0.103,-0.22,0.0,0.0,1.078,0.34283334,0.0,-8.326673e-17,0.0,0.103,0.154,0.242,0.0
505,1,6064,0.892,0.009879609,0.0,-8.326673e-17,0.0,0.103,-0.242,0.0,0.0,1.078,0.32266667,0.0,-8.326673e-17,0.0,0.103,0.176,0.22,0.0
505,2,6068,0.892,0.009879609,0.0,-8.326673e-17,0.0,0.103,-0.264,0.0,0.0,1.078,0.3025,0.0,-8.326673e-17,0.0,0.103,0.198,0.198,0.0
506,0,6072,0.892,0.009879609,0.0,-8.326673e-17,0.0,0.103,-0.286,0.0,0.0,1.078,0.3025,0.0,-8.326673e-17,0.0,0.103,0.22,0.176,0.0
506,1,6076,0.892,0.009879609,0.0,-8.326673e-17,0.0,0.103,-0.308,0.0,0.0,1.078,0.3025,0.0,-8.326673e-17,0.0,0.103,0.242,0.154,0.0
506,2,6080,0.892,0.009879609,0.0,-8.326673e-17,0.0,0.103,-0.33,0.0,0.0,1.078,0.3025,0.0,-8.326673e-17,0.0,0.103,0.264,0.132,0.0
507,0,6084,0.892,0.009879609,0.0,-8.326673e-17,0.0,0.103,-0.352,0.0,0.0,1.078,0.3025,0.0,-8.326673e-17,0.0,0.103,0.286,0.11,0.0
507,1,6088,0.892,0.009879609,0.0,-8.326673e-17,0.0,0.103,-0.374,0.0,0.0,1.078,0.3025,0.0,-8.326673e-17,0.0,0.103,0.308,0.088,0.0
507,2,6092,0.892,0.009879609,0.0,-8.326673e-17,0.0,0.103,-0.396,0.0,0.0,1.078,0.3025,0.0,-8.326673e-17,0.0,0.103,0.33,0.066,0.0
508,0,6096,0.892,0.009879609,0.0,-8.326673e-17,0.0,0.103,-0.374,-0.022,0.0,1.078,0.3025,0.0,-8.326673e-17,0.0,0.103,0.308,0.044,0.0
508,1,6100,0.892,0.009879609,0.0,-8.326673e-17,0.0,0.103,-0.352,-0.044,0.0,1.078,0.3025,0.0,-8.326673e-17,0.0,0.103,0.286,0.022,0.0
508,2,6104,0.892,0.009879609,0.0,-8.326673e-17,0.0,0.103,-0.33,-0.066,0.0,1.078,0.3025,0.0,-8.326673e-17,0.0,0.103,0.264,0.0,0.0
509,0,6108,0.892,0.009879609,0.0,-8.326673e-17,0.0,0.103,-0.308,-0.088,0.0,1.078,0.3025,0.0,-8.326673e-17,0.0,0.103,0.242,0.0,0.0
509,1,6112,0.892,0.009879609,0.0,-8.326673e-17,0.0,0.103,-0.286,-0.11,0.0,1.078,0.3025,0.0,-8.326673e-17,0.0,0.103,0.22,0.0,0.0
509,2,6116,0.892,0.009879609,0.0,-8.326673e-17,0.0,0.103,-0.264,-0.132,0.0,1.078,0.3025,0.0,-8.326673e-17,0.0,0.103,0.198,0.0,0.0
510,0,6120,0.892,0.009879609,0.0,-8.326673e-17,0.0,0.103,-0.242,-0.154,0.0,1.078,0.3025,0.0,-8.326673e-17,0.0,0.103,0.176,0.0,0.0
510,1,6124,0.892,0.009879609,0.0,-8.326673e-17,0.0,0.103,-0.22,-0.176,0.0,1.078,0.3025,0.0,-8.326673e-17,0.0,0.103,0.154,0.0,0.0
510,2,6128,0.892,0.009879609,0.0,-8.326673e-17,0.0,0.103,-0.198,-0.198,0.0,1.078,0.3025,0.0,-8.326673e-17,0.0,0.103,0.132,0.0,0.0
511,0,6132,0.892,0.009879609,0.0,-8.326673e-17,0.0,0.103,-0.176,-0.22,0.0,1.078,0.3025,0.0,-8.326673e-17,0.0,0.103,0.11,0.0,0.0
511,1,6136,0.892,0.009879609,0.0,-8.326673e-17,0.0,0.103,-0.154,-0.242,0.0,1.078,0.3025,0.0,-8.326673e-17,0.0,0.103,0.088,0.0,0.0
511,2,6140,0.892,0.009879609,0.0,-8.326673e-17,0.0,0.103,-0.132,-0.264,0.0,1.078,0.3025,0.0,-8.326673e-17,0.0,0.103,0.066,0.0,0.0
512,0,6144,0.892,0.009879609,0.0,-8.326673e-17,0.0,0.103,-0.11,-0.286,0.0,1.078,0.3025,0.0,-8.326673e-17,0.0,0.103,0.044,0.0,0.0
512,1,6148,0.892,0.009879609,0.0,-8.326673e-17,0.0,0.103,-0.088,-0.308,0.0,1.078,0.3025,0.0,-8.326673e-17,0.0,0.103,0.022,0.0,0.0
512,2,6152,0.892,0.009879609,0.0,-8.326673e-17,0.0,0.103,-0.066,-0.33,0.0,1.078,0.3025,0.0,-8.326673e-17,0.0,0.103,0.0,0.0,0.0
513,0,6156,0.892,0.009879609,0.0,-8.326673e-17,0.0,0.103,-0.044,-0.352,0.0,1.078,0.3025,0.0,-8.326673e-17,0.0,0.103,0.0,0.0,0.0
513,1,6160,0.892,0.009879609,0.0,-8.326673e-17,0.0,0.103,-0.022,-0.374,0.0,1.078,0.3025,0.0,-8.326673e-17,0.0,0.103,0.0,0.0,0.0
513,2,6164,0.892,0.009879609,0.0,-8.326673e-17,0.0,0.103,0.0,-0.396,0.0,1.078,0.3025,0.0,-8.326673e-17,0.0,0.103,0.0,0.0,0.0
514,0,6168,0.892,0.009879609,0.0,-8.326673e-17,0.0,0.103,0.0,-0.418,0.0,1.078,0.3025,0.0,-8.326673e-17,0.0,0.103,0.0,0.0,0.0
514,1,6172,0.892,0.009879609,0.0,-8.326673e-17,0.0,0.103,0.0,-0.44,0.0,1.078,0.3025,0.0,-8.326673e-17,0.0,0.103,0.0,0.0,0.0
514,2,6176,0.892,0.009879609,0.0,-8.326673e-17,0.0,0.103,0.0,-0.462,0.0,1.078,0.3025,0.0,-8.326673e-17,0.0,0.103,0.0,0.0,0.0
515,0,6180,0.892,0.009879609,0.0,-8.326673e-17,0.0,0.103,0.0,-0.484,0.0,1.078,0.3025,0.0,-8.326673e-17,0.0,0.103,0.0,0.022,0.0
515,1,6184,0.892,0.009879609,0.0,-8.326673e-17,0.0,0.103,0.0,-0.506,0.0,1.078,0.3025,0.0,-8.326673e-17,0.0,0.103,0.0,0.044,0.0
515,2,6188,0.892,0.009879609,0.0,-8.326673e-17,0.0,0.103,0.0,-0.528,0.0,1.078,0.3025,0.0,-8.326673e-17,0.0,0.103,0.0,0.066,0.0
516,0,6192,0.892,0.009879609,0.0,-8.326673e-17,0.0,0.103,0.022,-0.506,0.0,1.078,0.3025,0.0,-8.326673e-17,0.0,0.103,0.0,0.088,0.0
516,1,6196,0.892,0.009879609,0.0,-8.326673e-17,0.0,0.103,0.044,-0.484,0.0,1.078,0.3025,0.0,-8.326673e-17,0.0,0.103,0.0,0.11,0.0
516,2,6200,0.892,0.009879609,0.0,-8.326673e-17,0.0,0.103,0.066,-0.462,0.0,1.078,0.3025,0.0,-8.326673e-17,0.0,0.103,0.0,0.132,0.0
517,0,6204,0.892,0.009879609,0.0,-8.326673e-17,0.0,0.103,0.088,-0.44,0.0,1.078,0.3025,0.0,-8.326673e-17,0.0,0.103,0.0,0.154,0.0
517,1,6208,0.892,0.009879609,0.0,-8.326673e-17,0.0,0.103,0.11,-0.418,0.0,1.078,0.3025,0.0,-8.326673e-17,0.0,0.103,0.0,0.176,0.0
517,2,6212,0.892,0.009879609,0.0,-8.326673e-17,0.0,0.103,0.132,-0.396,0.0,1.078,0.3025,0.0,-8.326673e-17,0.0,0.103,0.0,0.198,0.0
518,0,6216,0.892,0.009879609,0.0,-8.326673e-17,0.0,0.103,0.154,-0.374,0.0,1.078,0.3025,0.0,-8.326673e-17,0.0,0.103,0.0,0.22,0.0
518,1,6220,0.892,0.009879609,0.0,-8.326673e-17,0.0,0.103,0.176,-0.352,0.0,1.078,0.3025,0.0,-8.326673e-17,0.0,0.103,0.0,0.242,0.0
518,2,6224,0.892,0.009879609,0.0,-8.326673e-17,0.0,0.103,0.198,-0.33,0.0,1.078,0.3025,0.0,-8.326673e-17,0.0,0.103,0.0,0.264,0.0
519,0,6228,0.892,0.009879609,0.0,-8.326673e-17,0.0,0.103,0.176,-0.308,0.0,1.078,0.3025,0.0,-8.326673e-17,0.0,0.103,0.0,0.286,0.0
519,1,6232,0.892,0.009879609,0.0,-8.326673e-17,0.0,0.103,0.154,-0.286,0.0,1.078,0.3025,0.0,-8.326673e-17,0.0,0.103,0.0,0.308,0.0
519,2,6236,0.892,0.009879609,0.0,-8.326673e-17,0.0,0.103,0.132,-0.264,0.0,1.078,0.3025,0.0,-8.326673e-17,0.0,0.103,0.0,0.33,0.0
520,0,6240,0.892,0.009879609,0.0,-8.326673e-17,0.0,0.103,0.11,-0.242,0.0,1.078,0.3025,0.0,-8.326673e-17,0.0,0.103,0.0,0.308,0.0
520,1,6244,0.892,0.009879609,0.0,-8.326673e-17,0.0,0.103,0.088,-0.22,0.0,1.078,0.3025,0.0,-8.326673e-17,0.0,0.103,0.0,0.286,0.0
520,2,6248,0.892,0.009879609,0.0,-8.326673e-17,0.0,0.103,0.066,-0.198,0.0,1.078,0.3025,0.0,-8.326673e-17,0.0,0.103,0.0,0.264,0.0
521,0,6252,0.892,0.009879609,0.0,-8.326673e-17,0.0,0.103,0.044,-0.22,0.0,1.078,0.3025,0.0,-8.326673e-17,0.0,0.103,0.0,0.286,0.0
521,1,6256,0.892,0.009879609,0.0,-8.326673e-17,0.0,0.103,0.022,-0.242,0.0,1.078,0.3025,0.0,-8.326673e-17,0.0,0.103,0.0,0.308,0.0
521,2,6260,0.892,0.009879609,0.0,-8.326673e-17,0.0,0.103,0.0,-0.264,0.0,1.078,0.3025,0.0,-8.326673e-17,0.0,0.103,0.0,0.33,0.0
522,0,6264,0.892,0.009879609,0.0,-8.326673e-17,0.0,0.103,0.0,-0.286,0.0,1.078,0.3025,0.0,-8.326673e-17,0.0,0.103,0.0,0.352,0.0
522,1,6268,0.892,0.009879609,0.0,-8.326673e-17,0.0,0.103,0.0,-0.308,0.0,1.078,0.3025,0.0,-8.326673e-17,0.0,0.103,0.0,0.374,0.0
522,2,6272,0.892,0.009879609,0.0,-8.326673e-17,0.0,0.103,0.0,-0.33,0.0,1.078,0.3025,0.0,-8.326673e-17,0.0,0.103,0.0,0.396,0.0
523,0,6276,0.892,0.009879609,0.0,-8.326673e-17,0.0,0.103,0.0,-0.308,0.0,1.078,0.3025,0.0,-8.326673e-17,0.0,0.103,0.0,0.418,0.0
523,1,6280,0.892,0.009879609,0.0,-8.326673e-17,0.0,0.103,0.0,-0.286,0.0,1.078,0.3025,0.0,-8.326673e-17,0.0,0.103,0.0,0.44,0.0
523,2,6284,0.892,0.009879609,0.0,-8.326673e-17,0.0,0.103,0.0,-0.264,0.0,1.078,0.3025,0.0,-8.326673e-17,0.0,0.103,0.0,0.462,0.0
524,0,6288,0.91766673,0.009879609,0.0,-8.326673e-17,0.0,0.103,0.0,-0.242,0.0,1.078,0.3025,0.0,-8.326673e-17,0.0,0.103,0.0,0.44,0.0
524,1,6292,0.9433334,0.009879609,0.0,-8.326673e-17,0.0,0.103,0.0,-0.22,0.0,1.078,0.3025,0.0,-8.326673e-17,0.0,0.103,0.0,0.418,0.0
524,2,6296,0.96900004,0.009879609,0.0,-8.326673e-17,0.0,0.103,0.0,-0.198,0.0,1.078,0.3025,0.0,-8.326673e-17,0.0,0.103,0.0,0.396,0.0
525,0,6300,0.96900004,0.009879609,0.0,-8.326673e-17,0.0,0.103,0.0,-0.22,0.0,1.078,0.3025,0.0,-8.326673e-17,0.0,0.103,0.0,0.374,0.0
525,1,6304,0.96900004,0.009879609,0.0,-8.326673e-17,0.0,0.103,0.0,-0.242,0.0,1.078,0.3025,0.0,-8.326673e-17,0.0,0.103,0.0,0.352,0.0
525,2,6308,0.96900004,0.009879609,0.0,-8.326673e-17,0.0,0.103,0.0,-0.264,0.0,1.078,0.3025,0.0,-8.326673e-17,0.0,0.103,0.0,0.33,0.0
526,0,6312,0.96900004,0.009879609,0.0,-8.326673e-17,0.0,0.103,0.0,-0.286,0.0,1.078,0.3025,0.0,-8.326673e-17,0.0,0.103,0.0,0.308,0.0
526,1,6316,0.96900004,0.009879609,0.0,-8.326673e-17,0.0,0.103,0.0,-0.308,0.0,1.078,0.3025,0.0,-8.326673e-17,0.0,0.103,0.0,0.286,0.0
526,2,6320,0.96900004,0.009879609,0.0,-8.326673e-17,0.0,0.103,0.0,-0.33,0.0,1.078,0.3025,0.0,-8.326673e-17,0.0,0.103,0.0,0.264,0.0
527,0,6324,0.96900004,0.009879609,0.0,-8.326673e-17,0.0,0.103,0.0,-0.352,0.0,1.0523334,0.3025,0.0,-8.326673e-17,0.0,0.103,0.0,0.242,0.0
527,1,6328,0.96900004,0.009879609,0.0,-8.326673e-17,0.0,0.103,0.0,-0.374,0.0,1.0266666,0.3025,0.0,-8.326673e-17,0.0,0.103,0.0,0.22,0.0
527,2,6332,0.96900004,0.009879609,0.0,-8.326673e-17,0.0,0.103,0.0,-0.396,0.0,1.001,0.3025,0.0,-8.326673e-17,0.0,0.103,0.0,0.198,0.0
528,0,6336,0.96900004,0.009879609,0.0,-8.326673e-17,0.0,0.103,0.0,-0.418,0.0,1.001,0.3025,0.0,-8.326673e-17,0.0,0.103,0.0,0.176,0.0
528,1,6340,0.96900004,0.009879609,0.0,-8.326673e-17,0.0,0.103,0.0,-0.44,0.0,1.001,0.3025,0.0,-8.326673e-17,0.0,0.103,0.0,0.154,0.0
528,2,6344,0.96900004,0.009879609,0.0,-8.326673e-17,0.0,0.103,0.0,-0.462,0.0,1.001,0.3025,0.0,-8.326673e-17,0.0,0.103,0.0,0.132,0.0
529,0,6348,0.96900004,0.009879609,0.0,-8.326673e-17,0.0,0.103,0.0,-0.484,0.0,0.97533333,0.3025,0.0,-8.326673e-17,0.0,0.103,0.0,0.11,0.0
529,1,6352,0.96900004,0.009879609,0.0,-8.326673e-17,0.0,0.103,0.0,-0.506,0.0,0.9496667,0.3025,0.0,-8.326673e-17,0.0,0.103,0.0,0.088,0.0
529,2,6356,0.96900004,0.009879609,0.0,-8.326673e-17,0.0,0.103,0.0,-0.528,0.0,0.924,0.3025,0.0,-8.326673e-17,0.0,0.103,0.0,0.066,0.0
530,0,6360,0.96900004,0.009879609,0.0,-8.326673e-17,0.0,0.103,0.0,-0.55,0.0,0.924,0.3025,0.0,-8.326673e-17,0.0,0.103,0.0,0.044,0.0
530,1,6364,0.96900004,0.009879609,0.0,-8.326673e-17,0.0,0.103,0.0,-0.572,0.0,0.924,0.3025,0.0,-8.326673e-17,0.0,0.103,0.0,0.022,0.0
530,2,6368,0.96900004,0.009879609,0.0,-8.326673e-17,0.0,0.103,0.0,-0.594,0.0,0.924,0.3025,0.0,-8.326673e-17,0.0,0.103,0.0,0.0,0.0
531,0,6372,0.96900004,0.009879609,0.0,-8.326673e-17,0.0,0.103,0.0,-0.616,0.0,0.924,0.3025,0.0,-8.326673e-17,0.0,0.103,0.0,0.0,0.0
531,1,6376,0.96900004,0.009879609,0.0,-8.326673e-17,0.0,0.103,0.0,-0.616,0.0,0.924,0.3025,0.0,-8.326673e-17,0.0,0.103,0.0,0.0,0.0
531,2,6380,0.96900004,0.009879609,0.0,-8.326673e-17,0.0,0.103,0.0,-0.616,0.0,0.924,0.3025,0.0,-8.326673e-17,0.0,0.103,0.0,0.0,0.0
532,0,6384,0.96900004,0.009879609,0.0,-8.326673e-17,0.0,0.103,0.0,-0.616,0.0,0.924,0.3025,0.0,-8.326673e-17,0.0,0.103,0.0,0.0,0.0
532,1,6388,0.96900004,0.009879609,0.0,-8.326673e-17,0.0,0.103,0.0,-0.616,0.0,0.924,0.3025,0.0,-8.326673e-17,0.0,0.103,0.0,0.0,0.0
532,2,6392,0.96900004,0.009879609,0.0,-8.326673e-17,0.0,0.103,0.0,-0.616,0.0,0.924,0.3025,0.0,-8.326673e-17,0.0,0.103,0.0,0.0,0.0
533,0,6396,0.96900004,0.009879609,0.0,-8.326673e-17,0.0,0.103,0.0,-0.594,0.0,0.924,0.3025,0.0,-8.326673e-17,0.0,0.103,0.0,0.0,0.0
533,1,6400,0.96900004,0.009879609,0.0,-8.326673e-17,0.0,0.103,0.0,-0.572,0.0,0.924,0.3025,0.0,-8.326673e-17,0.0,0.103,0.0,0.0,0.0
533,2,6404,0.96900004,0.009879609,0.0,-8.326673e-17,0.0,0.103,0.0,-0.55,0.0,0.924,0.3025,0.0,-8.326673e-17,0.0,0.103,0.0,0.0,0.0
534,0,6408,0.96900004,0.009879609,0.0,-8.326673e-17,0.0,0.103,0.0,-0.528,0.0,0.924,0.3025,0.0,-8.326673e-17,0.0,0.103,0.0,0.0,0.0
534,1,6412,0.96900004,0.009879609,0.0,-8.326673e-17,0.0,0.103,0.0,-0.506,0.0,0.924,0.3025,0.0,-8.326673e-17,0.0,0.103,0.0,0.0,0.0
534,2,6416,0.96900004,0.009879609,0.0,-8.326673e-17,0.0,0.103,0.0,-0.484,0.0,0.924,0.3025,0.0,-8.326673e-17,0.0,0.103,0.0,0.0,0.0
535,0,6420,0.96900004,0.009879609,0.0,-8.326673e-17,0.0,0.103,0.0,-0.462,0.0,0.924,0.3025,0.0,-8.326673e-17,0.0,0.103,0.0,0.0,0.0
535,1,6424,0.96900004,0.009879609,0.0,-8.326673e-17,0.0,0.103,0.0,-0.44,0.0,0.924,0.3025,0.0,-8.326673e-17,0.0,0.103,0.0,0.0,0.0
535,2,6428,0.96900004,0.009879609,0.0,-8.326673e-17,0.0,0.103,0.0,-0.418,0.0,0.924,0.3025,0.0,-8.326673e-17,0.0,0.103,0.0,0.0,0.0
536,0,6432,0.96900004,0.009879609,0.0,-8.326673e-17,0.0,0.103,0.0,-0.396,0.0,0.924,0.3025,0.0,-8.326673e-17,0.0,0.103,0.0,0.0,0.0
536,1,6436,0.96900004,0.009879609,0.0,-8.326673e-17,0.0,0.103,0.0,-0.374,0.0,0.924,0.3025,0.0,-8.326673e-17,0.0,0.103,0.0,0.0,0.0
536,2,6440,0.96900004,0.009879609,0.0,-8.326673e-17,0.0,0.103,0.0,-0.352,0.0,0.924,0.3025,0.0,-8.326673e-17,0.0,0.103,0.0,0.0,0.0
537,0,6444,0.96900004,0.009879609,0.0,-8.326673e-17,0.0,0.103,0.0,-0.33,0.0,0.924,0.3025,0.0,-8.326673e-17,0.0,0.103,0.0,0.0,0.0
537,1,6448,0.96900004,0.009879609,0.0,-8.326673e-17,0.0,0.103,0.0,-0.308,0.0,0.924,0.3025,0.0,-8.326673e-17,0.0,0.103,0.0,0.0,0.0
537,2,6452,0.96900004,0.009879609,0.0,-8.326673e-17,0.0,0.103,0.0,-0.286,0.0,0.924,0.3025,0.0,-8.326673e-17,0.0,0.103,0.0,0.0,0.0
538,0,6456,0.96900004,0.009879609,0.0,-8.326673e-17,0.0,0.103,0.022,-0.264,0.0,0.924,0.3025,0.0,-8.326673e-17,0.0,0.103,0.0,0.0,0.0
538,1,6460,0.96900004,0.009879609,0.0,-8.326673e-17,0.0,0.103,0.044,-0.242,0.0,0.924,0.3025,0.0,-8.326673e-17,0.0,0.103,0.0,0.0,0.0
538,2,6464,0.96900004,0.009879609,0.0,-8.326673e-17,0.0,0.103,0.066,-0.22,0.0,0.924,0.3025,0.0,-8.326673e-17,0.0,0.103,0.0,0.0,0.0
539,0,6468,0.96900004,0.009879609,0.0,-8.326673e-17,0.0,0.103,0.088,-0.198,0.0,0.924,0.3025,0.0,-8.326673e-17,0.0,0.103,0.0,0.0,0.0
539,1,6472,0.96900004,0.009879609,0.0,-8.326673e-17,0.0,0.103,0.11,-0.176,0.0,0.924,0.3025,0.0,-8.326673e-17,0.0,0.103,0.0,0.0,0.0
539,2,6476,0.96900004,0.009879609,0.0,-8.326673e-17,0.0,0.103,0.132,-0.154,0.0,0.924,0.3025,0.0,-8.326673e-17,0.0,0.103,0.0,0.0,0.0
540,0,6480,0.96900004,0.009879609,0.0,-8.326673e-17,0.0,0.103,0.154,-0.132,0.0,0.924,0.3025,0.0,-8.326673e-17,0.0,0.103,0.0,0.0,0.0
540,1,6484,0.96900004,0.009879609,0.0,-8.326673e-17,0.0,0.103,0.176,-0.11,0.0,0.924,0.3025,0.0,-8.326673e-17,0.0,0.103,0.0,0.0,0.0
540,2,6488,0.96900004,0.009879609,0.0,-8.326673e-17,0.0,0.103,0.198,-0.088,0.0,0.924,0.3025,0.0,-8.326673e-17,0.0,0.103,0.0,0.0,0.0
541,0,6492,0.96900004,0.009879609,0.0,-8.326673e-17,0.0,0.103,0.22,-0.066,0.0,0.924,0.3025,0.0,-8.326673e-17,0.0,0.103,0.022,-0.022,0.0
541,1,6496,0.96900004,0.009879609,0.0,-8.326673e-17,0.0,0.103,0.242,-0.044,0.0,0.924,0.3025,0.0,-8.326673e-17,0.0,0.103,0.044,-0.044,0.0
541,2,6500,0.96900004,0.009879609,0.0,-8.326673e-17,0.0,0.103,0.264,-0.022,0.0,0.924,0.3025,0.0,-8.326673e-17,0.0,0.103,0.066,-0.066,0.0
542,0,6504,0.96900004,0.009879609,0.0,-8.326673e-17,0.0,0.103,0.286,0.0,0.0,0.924,0.3025,0.0,-8.326673e-17,0.0,0.103,0.088,-0.088,0.0
542,1,6508,0.96900004,0.009879609,0.0,-8.326673e-17,0.0,0.103,0.308,0.0,0.0,0.924,0.3025,0.0,-8.326673e-17,0.0,0.103,0.11,-0.11,0.0
542,2,6512,0.96900004,0.009879609,0.0,-8.326673e-17,0.0,0.103,0.33,0.0,0.0,0.924,0.3025,0.0,-8.326673e-17,0.0,0.103,0.132,-0.132,0.0
543,0,6516,0.96900004,0.009879609,0.0,-8.326673e-17,0.0,0.103,0.352,0.0,0.0,0.924,0.3025,0.0,-8.326673e-17,0.0,0.103,0.154,-0.154,0.0
543,1,6520,0.96900004,0.009879609,0.0,-8.326673e-17,0.0,0.103,0.374,0.0,0.0,0.924,0.3025,0.0,-8.326673e-17,0.0,0.103,0.176,-0.176,0.0
543,2,6524,0.96900004,0.009879609,0.0,-8.326673e-17,0.0,0.103,0.396,0.0,0.0,0.924,0.3025,0.0,-8.326673e-17,0.0,0.103,0.198,-0.198,0.0
544,0,6528,0.96900004,0.009879609,0.0,-8.326673e-17,0.0,0.103,0.418,0.0,0.0,0.924,0.3025,0.0,-8.326673e-17,0.0,0.103,0.22,-0.176,0.0
544,1,6532,0.96900004,0.009879609,0.0,-8.326673e-17,0.0,0.103,0.44,0.0,0.0,0.924,0.3025,0.0,-8.326673e-17,0.0,0.103,0.242,-0.154,0.0
544,2,6536,0.96900004,0.009879609,0.0,-8.326673e-17,0.0,0.103,0.462,0.0,0.0,0.924,0.3025,0.0,-8.326673e-17,0.0,0.103,0.264,-0.132,0.0
545,0,6540,0.96900004,0.009879609,0.0,-8.326673e-17,0.0,0.103,0.484,0.0,0.0,0.9496667,0.3025,0.0,-8.326673e-17,0.0,0.103,0.286,-0.11,0.0
545,1,6544,0.96900004,0.009879609,0.0,-8.326673e-17,0.0,0.103,0.506,0.0,0.0,0.97533333,0.3025,0.0,-8.326673e-17,0.0,0.103,0.308,-0.088,0.0
545,2,6548,0.96900004,0.009879609,0.0,-8.326673e-17,0.0,0.103,0.528,0.0,0.0,1.001,0.3025,0.0,-8.326673e-17,0.0,0.103,0.33,-0.066,0.0
546,0,6552,0.96900004,0.009879609,0.0,-8.326673e-17,0.0,0.103,0.506,0.0,0.0,1.001,0.3025,0.0,-8.326673e-17,0.0,0.103,0.352,-0.044,0.0
546,1,6556,0.96900004,0.009879609,0.0,-8.326673e-17,0.0,0.103,0.484,0.0,0.0,1.001,0.3025,0.0,-8.326673e-17,0.0,0.103,0.374,-0.022,0.0
546,2,6560,0.96900004,0.009879609,0.0,-8.326673e-17,0.0,0.103,0.462,0.0,0.0,1.001,0.3025,0.0,-8.326673e-17,0.0,0.103,0.396,0.0,0.0
547,0,6564,0.96900004,0.009879609,0.0,-8.326673e-17,0.0,0.103,0.44,0.0,0.0,1.001,0.3025,0.0,-8.326673e-17,0.0,0.103,0.418,-0.022,0.0
547,1,6568,0.96900004,0.009879609,0.0,-8.326673e-17,0.0,0.103,0.418,0.0,0.0,1.001,0.3025,0.0,-8.326673e-17,0.0,0.103,0.44,-0.044,0.0
547,2,6572,0.96900004,0.009879609,0.0,-8.326673e-17,0.0,0.103,0.396,0.0,0.0,1.001,0.3025,0.0,-8.326673e-17,0.0,0.103,0.462,-0.066,0.0
548,0,6576,0.96900004,0.009879609,0.0,-8.326673e-17,0.0,0.103,0.374,0.022,0.0,1.001,0.3025,0.0,-8.326673e-17,0.0,0.103,0.44,-0.088,0.0
548,1,6580,0.96900004,0.009879609,0.0,-8.326673e-17,0.0,0.103,0.352,0.044,0.0,1.001,0.3025,0.0,-8.326673e-17,0.0,0.103,0.418,-0.11,0.0
548,2,6584,0.96900004,0.009879609,0.0,-8.326673e-17,0.0,0.103,0.33,0.066,0.0,1.001,0.3025,0.0,-8.326673e-17,0.0,0.103,0.396,-0.132,0.0
549,0,6588,0.96900004,0.009879609,0.0,-8.326673e-17,0.0,0.103,0.308,0.088,0.0,1.001,0.3025,0.0,-8.326673e-17,0.0,0.103,0.374,-0.154,0.0
549,1,6592,0.96900004,0.009879609,0.0,-8.326673e-17,0.0,0.103,0.286,0.11,0.0,1.001,0.3025,0.0,-8.326673e-17,0.0,0.103,0.352,-0.176,0.0
549,2,6596,0.96900004,0.009879609,0.0,-8.326673e-17,0.0,0.103,0.264,0.132,0.0,1.001,0.3025,0.0,-8.326673e-17,0.0,0.103,0.33,-0.198,0.0
550,0,6600,0.96900004,0.009879609,0.0,-8.326673e-17,0.0,0.103,0.242,0.154,0.0,1.001,0.3025,0.0,-8.326673e-17,0.0,0.103,0.308,-0.22,0.0
550,1,6604,0.96900004,0.009879609,0.0,-8.326673e-17,0.0,0.103,0.22,0.176,0.0,1.001,0.3025,0.0,-8.326673e-17,0.0,0.103,0.286,-0.242,0.0
550,2,6608,0.96900004,0.009879609,0.0,-8.326673e-17,0.0,0.103,0.198,0.198,0.0,1.001,0.3025,0.0,-8.326673e-17,0.0,0.103,0.264,-0.264,0.0
551,0,6612,0.96900004,0.009879609,0.0,-8.326673e-17,0.0,0.103,0.176,0.22,0.0,1.001,0.3025,0.0,-8.326673e-17,0.0,0.103,0.242,-0.286,0.0
551,1,6616,0.96900004,0.009879609,0.0,-8.326673e-17,0.0,0.103,0.154,0.242,0.0,1.001,0.3025,0.0,-8.326673e-17,0.0,0.103,0.22,-0.308,0.0
551,2,6620,0.96900004,0.009879609,0.0,-8.326673e-17,0.0,0.103,0.132,0.264,0.0,1.001,0.3025,0.0,-8.326673e-17,0.0,0.103,0.198,-0.33,0.0
552,0,6624,0.96900004,0.009879609,0.0,-8.326673e-17,0.0,0.103,0.11,0.286,0.0,1.001,0.3025,0.0,-8.326673e-17,0.0,0.103,0.176,-0.352,0.0
552,1,6628,0.96900004,0.009879609,0.0,-8.326673e-17,0.0,0.103,0.088,0.308,0.0,1.001,0.3025,0.0,-8.326673e-17,0.0,0.103,0.154,-0.374,0.0
552,2,6632,0.96900004,0.009879609,0.0,-8.326673e-17,0.0,0.103,0.066,0.33,0.0,1.001,0.3025,0.0,-8.326673e-17,0.0,0.103,0.132,-0.396,0.0
553,0,6636,0.96900004,0.009879609,0.0,-8.326673e-17,0.0,0.103,0.044,0.352,0.0,1.001,0.3025,0.0,-8.326673e-17,0.0,0.103,0.11,-0.418,0.0
553,1,6640,0.96900004,0.009879609,0.0,-8.326673e-17,0.0,0.103,0.022,0.374,0.0,1.001,0.3025,0.0,-8.326673e-17,0.0,0.103,0.088,-0.44,0.0
553,2,6644,0.96900004,0.009879609,0.0,-8.326673e-17,0.0,0.103,0.0,0.396,0.0,1.001,0.3025,0.0,-8.326673e-17,0.0,0.103,0.066,-0.462,0.0
554,0,6648,0.96900004,0.009879609,0.0,-8.326673e-17,0.0,0.103,0.0,0.418,0.0,1.001,0.3025,0.0,-8.326673e-17,0.0,0.103,0.044,-0.484,0.0
554,1,6652,0.96900004,0.009879609,0.0,-8.326673e-17,0.0,0.103,0.0,0.44,0.0,1.001,0.3025,0.0,-8.326673e-17,0.0,0.103,0.022,-0.506,0.0
554,2,6656,0.96900004,0.009879609,0.0,-8.326673e-17,0.0,0.103,0.0,0.462,0.0,1.001,0.3025,0.0,-8.326673e-17,0.0,0.103,0.0,-0.528,0.0
555,0,6660,0.96900004,0.009879609,0.0,-8.326673e-17,0.0,0.103,-0.0017855518,0.43609172,0.0038262163,1.001,0.3025,0.0,-8.326673e-17,0.0,0.103,-0.022,-0.506,0.051243037
555,1,6664,0.96900004,0.009879609,0.0,-8.326673e-17,0.0,0.103,0.0,0.41409174,0.0,1.001,0.3025,0.0,-8.326673e-17,0.0,0.103,-0.044,-0.484,0.0
555,2,6668,0.96900004,0.009879609,0.0,-8.326673e-17,0.0,0.103,0.0,0.39209172,0.0,1.001,0.3025,0.0,-8.326673e-17,0.0,0.103,-0.066,-0.46199998,0.0
556,0,6672,0.96900004,0.009879609,0.0,-8.326673e-17,0.0,0.103,-0.022,0.37009174,0.0,1.001,0.3025,0.0,-8.326673e-17,0.0,0.103,-0.088,-0.44,0.0
556,1,6676,0.96900004,0.009879609,0.0,-8.326673e-17,0.0,0.103,-0.044,0.34809172,0.0,1.001,0.3025,0.0,-8.326673e-17,0.0,0.103,-0.11,-0.41799998,0.0
556,2,6680,0.96900004,0.009879609,0.0,-8.326673e-17,0.0,0.103,-0.066,0.32609174,0.0,1.001,0.3025,0.0,-8.326673e-17,0.0,0.103,-0.132,-0.396,0.0
557,0,6684,0.96900004,0.009879609,0.0,-8.326673e-17,0.0,0.103,-0.088,0.30409172,0.0,1.001,0.3025,0.0,-8.326673e-17,0.0,0.103,-0.154,-0.37399998,0.0
557,1,6688,0.96900004,0.009879609,0.0,-8.326673e-17,0.0,0.103,-0.11,0.28209174,0.0,1.001,0.3025,0.0,-8.326673e-17,0.0,0.103,-0.176,-0.352,0.0
557,2,6692,0.96900004,0.009879609,0.0,-8.326673e-17,0.0,0.103,-0.132,0.26009172,0.0,1.001,0.3025,0.0,-8.326673e-17,0.0,0.103,-0.198,-0.32999998,0.0
558,0,6696,0.96900004,0.009879609,0.0,-8.326673e-17,0.0,0.103,-0.11,0.23809174,0.0,1.001,0.3025,0.0,-8.326673e-17,0.0,0.103,-0.22,-0.308,0.0
558,1,6700,0.96900004,0.009879609,0.0,-8.326673e-17,0.0,0.103,-0.088,0.21609174,0.0,1.001,0.3025,0.0,-8.326673e-17,0.0,0.103,-0.242,-0.28599998,0.0
558,2,6704,0.96900004,0.009879609,0.0,-8.326673e-17,0.0,0.103,-0.066,0.19409174,0.0,1.001,0.3025,0.0,-8.326673e-17,0.0,0.103,-0.264,-0.264,0.0
559,0,6708,0.96900004,0.009879609,0.0,-8.326673e-17,0.0,0.103,-0.044,0.17209174,0.0,1.001,0.3025,0.0,-8.326673e-17,0.0,0.103,-0.242,-0.242,0.0
559,1,6712,0.96900004,0.009879609,0.0,-8.326673e-17,0.0,0.103,-0.022,0.15009174,0.0,1.001,0.3025,0.0,-8.326673e-17,0.0,0.103,-0.22,-0.22,0.0
559,2,6716,0.96900004,0.009879609,0.0,-8.326673e-17,0.0,0.103,0.0,0.12809174,0.0,1.001,0.3025,0.0,-8.326673e-17,0.0,0.103,-0.198,-0.198,0.0
560,0,6720,0.96900004,0.009879609,0.0,-8.326673e-17,0.0,0.103,0.0,0.10609174,0.0,1.001,0.3025,0.0,-8.326673e-17,0.0,0.103,-0.176,-0.176,0.0
560,1,6724,0.96900004,0.009879609,0.0,-8.326673e-17,0.0,0.103,0.0,0.08409174,0.0,1.001,0.3025,0.0,-8.326673e-17,0.0,0.103,-0.154,-0.154,0.0
560,2,6728,0.96900004,0.009879609,0.0,-8.326673e-17,0.0,0.103,0.0,0.062091734,0.0,1.001,0.3025,0.0,-8.326673e-17,0.0,0.103,-0.132,-0.132,0.0
561,0,6732,0.96900004,0.009879609,0.0,-8.326673e-17,0.0,0.103,0.0,0.040091734,0.0,1.001,0.3025,0.0,-8.326673e-17,0.0,0.103,-0.11,-0.10999999,0.0
561,1,6736,0.96900004,0.009879609,0.0,-8.326673e-17,0.0,0.103,0.0,0.018091736,0.0,1.001,0.3025,0.0,-8.326673e-17,0.0,0.103,-0.088,-0.08799999,0.0
561,2,6740,0.96900004,0.009879609,0.0,-8.326673e-17,0.0,0.103,0.0,-0.003908264,0.0,1.001,0.3025,0.0,-8.326673e-17,0.0,0.103,-0.066,-0.06599999,0.0
562,0,6744,0.96900004,0.009879609,0.0,-8.326673e-17,0.0,0.103,0.0,-0.025908263,0.0,1.001,0.3025,0.0,-8.326673e-17,0.0,0.103,-0.044,-0.043999992,0.0
562,1,6748,0.96900004,0.009879609,0.0,-8.326673e-17,0.0,0.103,0.0,-0.047908265,0.0,1.001,0.3025,0.0,-8.326673e-17,0.0,0.103,-0.022,-0.021999994,0.0
562,2,6752,0.96900004,0.009879609,0.0,-8.326673e-17,0.0,0.103,0.0,-0.06990826,0.0,1.001,0.3025,0.0,-8.326673e-17,0.0,0.103,0.0,6.3544547e-09,0.0
563,0,6756,0.96900004,0.009879609,0.0,-8.326673e-17,0.0,0.103,0.0,-0.047908265,0.0,1.001,0.3025,0.0,-8.326673e-17,0.0,0.103,-0.022,0.0,0.0
563,1,6760,0.96900004,0.009879609,0.0,-8.326673e-17,0.0,0.103,0.0,-0.025908263,0.0,1.001,0.3025,0.0,-8.326673e-17,0.0,0.103,-0.044,0.0,0.0
563,2,6764,0.96900004,0.009879609,0.0,-8.326673e-17,0.0,0.103,0.0,-0.003908264,0.0,1.001,0.3025,0.0,-8.326673e-17,0.0,0.103,-0.066,0.0,0.0
564,0,6768,0.96900004,0.009879609,0.0,-8.326673e-17,0.0,0.103,0.0,0.0,0.0,1.001,0.3025,0.0,-8.326673e-17,0.0,0.103,-0.088,0.0,0.0
564,1,6772,0.96900004,0.009879609,0.0,-8.326673e-17,0.0,0.103,0.0,0.0,0.0,1.001,0.3025,0.0,-8.326673e-17,0.0,0.103,-0.11,0.0,0.0
564,2,6776,0.96900004,0.009879609,0.0,-8.326673e-17,0.0,0.103,0.0,0.0,0.0,1.001,0.3025,0.0,-8.326673e-17,0.0,0.103,-0.132,0.0,0.0
565,0,6780,0.96900004,0.009879609,0.0,-8.326673e-17,0.0,0.103,0.0,0.0,0.0,1.001,0.3025,0.0,-8.326673e-17,0.0,0.103,-0.154,0.0,0.0
565,1,6784,0.96900004,0.009879609,0.0,-8.326673e-17,0.0,0.103,0.0,0.0,0.0,1.001,0.3025,0.0,-8.326673e-17,0.0,0.103,-0.176,0.0,0.0
565,2,6788,0.96900004,0.009879609,0.0,-8.326673e-17,0.0,0.103,0.0,0.0,0.0,1.001,0.3025,0.0,-8.326673e-17,0.0,0.103,-0.198,0.0,0.0
566,0,6792,0.96900004,0.009879609,0.0,-8.326673e-17,0.0,0.103,0.0,0.0,0.0,1.001,0.3025,0.0,-8.326673e-17,0.0,0.103,-0.22,0.0,0.0
566,1,6796,0.96900004,0.009879609,0.0,-8.326673e-17,0.0,0.103,0.0,0.0,0.0,1.001,0.3025,0.0,-8.326673e-17,0.0,0.103,-0.242,0.0,0.0
566,2,6800,0.96900004,0.009879609,0.0,-8.326673e-17,0.0,0.103,0.0,0.0,0.0,1.001,0.3025,0.0,-8.326673e-17,0.0,0.103,-0.264,0.0,0.0
567,0,6804,0.96900004,0.009879609,0.0,-8.326673e-17,0.0,0.103,0.0,0.0,0.0,1.001,0.3025,0.0,-8.326673e-17,0.0,0.103,-0.286,0.0,0.0
567,1,6808,0.96900004,0.009879609,0.0,-8.326673e-17,0.0,0.103,0.0,0.0,0.0,1.001,0.3025,0.0,-8.326673e-17,0.0,0.103,-0.308,0.0,0.0
567,2,6812,0.96900004,0.009879609,0.0,-8.326673e-17,0.0,0.103,0.0,0.0,0.0,1.001,0.3025,0.0,-8.326673e-17,0.0,0.103,-0.33,0.0,0.0
568,0,6816,0.96900004,0.009879609,0.0,-8.326673e-17,0.0,0.103,0.0,0.0,0.0,1.001,0.3025,0.0,-8.326673e-17,0.0,0.103,-0.352,0.0,0.0
568,1,6820,0.96900004,0.009879609,0.0,-8.326673e-17,0.0,0.103,0.0,0.0,0.0,1.001,0.3025,0.0,-8.326673e-17,0.0,0.103,-0.374,0.0,0.0
568,2,6824,0.96900004,0.009879609,0.0,-8.326673e-17,0.0,0.103,0.0,0.0,0.0,1.001,0.3025,0.0,-8.326673e-17,0.0,0.103,-0.396,0.0,0.0
569,0,6828,0.96900004,0.009879609,0.0,-8.326673e-17,0.0,0.103,0.0,0.0,0.0,1.001,0.3025,0.0,-8.326673e-17,0.0,0.103,-0.418,0.0,0.0
569,1,6832,0.96900004,0.009879609,0.0,-8.326673e-17,0.0,0.103,0.0,0.0,0.0,1.001,0.3025,0.0,-8.326673e-17,0.0,0.103,-0.44,0.0,0.0
569,2,6836,0.96900004,0.009879609,0.0,-8.326673e-17,0.0,0.103,0.0,0.0,0.0,1.001,0.3025,0.0,-8.326673e-17,0.0,0.103,-0.462,0.0,0.0
570,0,6840,0.96900004,0.009879609,0.0,-8.326673e-17,0.0,0.103,0.0,0.0,0.0,1.001,0.28233334,0.0,-8.326673e-17,0.0,0.103,-0.484,0.0,0.0
570,1,6844,0.96900004,0.009879609,0.0,-8.326673e-17,0.0,0.103,0.0,0.0,0.0,1.001,0.26216668,0.0,-8.326673e-17,0.0,0.103,-0.506,0.0,0.0
570,2,6848,0.96900004,0.009879609,0.0,-8.326673e-17,0.0,0.103,0.0,0.0,0.0,1.001,0.242,0.0,-8.326673e-17,0.0,0.103,-0.528,0.0,0.0
571,0,6852,0.96900004,0.009879609,0.0,-8.326673e-17,0.0,0.103,0.0,0.0,0.0,1.001,0.22183333,0.0,-8.326673e-17,0.0,0.103,-0.55,0.0,0.0
571,1,6856,0.96900004,0.009879609,0.0,-8.326673e-17,0.0,0.103,0.0,0.0,0.0,1.001,0.20166667,0.0,-8.326673e-17,0.0,0.103,-0.572,0.0,0.0
571,2,6860,0.96900004,0.009879609,0.0,-8.326673e-17,0.0,0.103,0.0,0.0,0.0,1.001,0.1815,0.0,-8.326673e-17,0.0,0.103,-0.594,0.0,0.0
572,0,6864,0.96900004,0.009879609,0.0,-8.326673e-17,0.0,0.103,0.0,0.0,0.0,1.001,0.16133334,0.0,-8.326673e-17,0.0,0.103,-0.616,0.0,0.0
572,1,6868,0.96900004,0.009879609,0.0,-8.326673e-17,0.0,0.103,0.0,0.0,0.0,1.001,0.14116667,0.0,-8.326673e-17,0.0,0.103,-0.616,0.0,0.0
572,2,6872,0.96900004,0.009879609,0.0,-8.326673e-17,0.0,0.103,0.0,0.0,0.0,1.001,0.121,0.0,-8.326673e-17,0.0,0.103,-0.616,0.0,0.0
573,0,6876,0.96900004,0.009879609,0.0,-8.326673e-17,0.0,0.103,0.0,0.0,0.0,1.001,0.100833334,0.0,-8.326673e-17,0.0,0.103,-0.616,0.0,0.0
573,1,6880,0.96900004,0.009879609,0.0,-8.326673e-17,0.0,0.103,0.0,0.0,0.0,1.001,0.08066667,0.0,-8.326673e-17,0.0,0.103,-0.616,0.0,0.0
573,2,6884,0.96900004,0.009879609,0.0,-8.326673e-17,0.0,0.103,0.0,0.0,0.0,1.001,0.0605,0.0,-8.326673e-17,0.0,0.103,-0.616,0.0,0.0
574,0,6888,0.96900004,0.009879609,0.0,-8.326673e-17,0.0,0.103,0.0,0.0,0.0,1.001,0.040333334,0.0,-8.326673e-17,0.0,0.103,-0.616,0.0,0.0
574,1,6892,0.96900004,0.009879609,0.0,-8.326673e-17,0.0,0.103,0.0,0.0,0.0,1.001,0.020166667,0.0,-8.326673e-17,0.0,0.103,-0.616,0.0,0.0
574,2,6896,0.96900004,0.009879609,0.0,-8.326673e-17,0.0,0.103,0.0,0.0,0.0,1.001,0.0,0.0,-8.326673e-17,0.0,0.103,-0.616,0.0,0.0
575,0,6900,0.96900004,0.009879609,0.0,-8.326673e-17,0.0,0.103,0.0,0.0,-0.04364673,1.001,0.0,0.0,-8.326673e-17,0.0,0.103,-0.42635867,0.025348796,-0.006621017
575,1,6904,0.96794426,0.009879609,0.029846612,-8.326673e-17,0.0,0.103,0.0,0.0,-0.04288622,0.9986733,0.18226501,0.004165832,0.0029787878,-0.0006214732,0.103,-0.008752308,0.03970954,-0.005455116
575,2,6908,0.96775043,0.0097924415,0.032299217,-8.326673e-17,0.0,0.103,0.0,0.0,-0.041151598,0.9982466,0.18254131,0.004165832,0.0037036145,-0.0015804312,0.103,-0.0013301792,0.01969652,-0.0030290636
576,0,6912,0.9676706,0.009755759,0.032948613,-8.326673e-17,0.0,0.103,0.0,0.0,-0.039142326,0.99796605,0.18254131,0.004165832,0.00393658,-0.0019869932,0.103,-0.00012357862,0.0016934702,0.00019405126
576,1,6916,0.96759254,0.009731249,0.03358208,-8.326673e-17,0.0,0.103,0.0,0.0,-0.037221212,0.9976782,0.18254131,0.004165832,0.0042109233,-0.0023791627,0.103,-4.8834747e-05,0.0010382745,0.0
576,2,6920,0.9675153,0.00971372,0.034197245,-8.326673e-17,0.0,0.103,0.0,0.0,-0.035399124,0.99740803,0.18254131,0.004165832,0.00446741,-0.0027205124,0.103,-5.9162765e-05,0.0011405898,0.0
577,0,6924,0.96743876,0.009697626,0.034770206,-8.326673e-17,0.0,0.103,0.0,0.0,-0.033751138,0.9970992,0.18254131,0.004165832,0.0048728837,-0.0027205124,0.103,0.0,0.0,0.0
577,1,6928,0.96736443,0.009683779,0.035324723,-8.326673e-17,0.0,0.103,0.0,0.0,-0.03215381,0.99680847,0.18254131,0.004165832,0.0052642245,-0.0027205124,0.103,0.0,0.0,0.0
577,2,6932,0.9672907,0.0096725235,0.035840623,-8.326673e-17,0.0,0.103,0.0,0.0,-0.030603029,0.99652934,0.18254131,0.004165832,0.005663453,-0.0027205124,0.103,0.0,0.0,0.0
578,0,6936,0.9672181,0.009661434,0.03634527,-8.326673e-17,0.0,0.103,0.0,0.0,-0.029245066,0.9962631,0.18254131,0.004165832,0.00606748,-0.0027205124,0.103,0.0,0.0,0.0
578,1,6940,0.96714634,0.009648942,0.036835715,-8.326673e-17,0.0,0.103,0.0,0.0,-0.02790888,0.99601054,0.18254131,0.004165832,0.0064685103,-0.0027205124,0.103,0.0,0.0,0.0
578,2,6944,0.9670752,0.009636437,0.037327465,-8.326673e-17,0.0,0.103,0.0,0.0,-0.026635744,0.9957727,0.18254131,0.004165832,0.0068537733,-0.0027205124,0.103,0.0,0.0,0.0
579,0,6948,0.9670055,0.009623025,0.03778948,-8.326673e-17,0.0,0.103,0.0,0.0,-0.025442507,0.9955489,0.18254131,0.004165832,0.007224705,-0.0027205124,0.103,0.0,0.0,0.0
579,1,6952,0.96693665,0.009609105,0.038247272,-8.326673e-17,0.0,0.103,0.0,0.0,-0.024326542,0.99533856,0.18254131,0.004165832,0.007582917,-0.0027205124,0.103,0.0,0.0,0.0
579,2,6956,0.9668675,0.0095929345,0.03870405,-8.326673e-17,0.0,0.103,0.0,0.0,-0.023269027,0.995139,0.18254131,0.004165832,0.007933724,-0.0027205124,0.103,0.0,0.0,0.0
580,0,6960,0.96680087,0.009576821,0.039121274,-8.326673e-17,0.0,0.103,0.0,0.0,-0.022250714,0.9949403,0.18254131,0.004165832,0.008286884,-0.0027205124,0.103,-8.729995e-05,0.0013831088,0.0
580,1,6964,0.9667348,0.009562239,0.03949431,-8.326673e-17,-0.00022188104,0.103,0.0,0.0,-0.021256693,0.994742,0.18254131,0.004165832,0.008639551,-0.0027205124,0.103,-6.739392e-05,0.0012181988,0.0
580,2,6968,0.96666926,0.009549932,0.039851837,-8.326673e-17,-0.00060973177,0.103,0.0,0.0,-0.020313872,0.9945438,0.18254131,0.004165832,0.008994327,-0.0027205124,0.103,-7.1357805e-05,0.0012528278,0.0
581,0,6972,0.9666047,0.009540076,0.040182993,-8.326673e-17,-0.001006067,0.103,0.0,0.0,-0.019412471,0.99434555,0.18254131,0.004165832,0.009353097,-0.0027205124,0.103,0.0010438877,-0.019510409,0.0
581,1,6976,0.96654135,0.009532057,0.040501002,-8.326673e-17,-0.0014181249,0.103,0.0,0.0,-0.018546358,0.9941464,0.18254131,0.004165832,0.009718816,-0.0027205124,0.103,0.0019989298,-0.040373895,0.0
581,2,6980,0.96647865,0.0095251845,0.04081612,-8.326673e-17,-0.0018371247,0.103,0.0,0.0,-0.017734934,0.99394727,0.18254131,0.004165832,0.010086405,-0.0027205124,0.103,0.0032436496,-0.06114071,0.0
582,0,6984,0.96641743,0.009519309,0.04111613,-8.326673e-17,-0.002268275,0.103,0.0,0.0,-0.016940055,0.9937488,0.18254131,0.004165832,0.010456967,-0.0027205124,0.103,0.00442573,-0.081887804,0.0
582,1,6988,0.9663561,0.009514287,0.041423395,-8.326673e-17,-0.0027039142,0.103,0.0,0.0,-0.016178302,0.9935499,0.18254131,0.004165832,0.010829459,-0.0027205124,0.103,0.006548084,-0.10234444,0.0
582,2,6992,0.9663561,0.009514287,0.041423395,-8.326673e-17,-0.0027039142,0.103,0.0,0.0,-0.0155072715,0.9934306,0.18254131,0.004165832,0.010829459,-0.0027205124,0.103,0.00859924,-0.122598566,0.00032779304
583,0,6996,0.9663561,0.009514287,0.041423395,-8.326673e-17,-0.0027039142,0.103,0.0,0.0,-0.014965642,0.9934306,0.18254131,0.004165832,0.010829459,-0.0027205124,0.103,0.010206307,-0.1426734,0.0015093513
583,1,7000,0.9663561,0.009514287,0.041423395,-8.326673e-17,-0.0027039142,0.103,0.0,0.0,-0.014386482,0.9934306,0.18254131,0.004165832,0.010829459,-0.0027205124,0.103,0.010790313,-0.1627308,0.026480237
583,2,7004,0.9663561,0.009514287,0.041423395,-8.326673e-17,-0.0027039142,0.103,0.0,0.0,-0.013833588,0.9934306,0.18254131,0.004165832,0.010829459,-0.0027205124,0.103,0.012154318,-0.18261923,0.025318183
584,0,7008,0.9663561,0.009514287,0.041423395,-8.326673e-17,-0.0027039142,0.103,0.015622623,-0.008111268,-0.013305629,0.9934306,0.18254131,0.004165832,0.010829459,-0.0027205124,0.103,0.009143639,-0.15879741,0.023769723
584,1,7012,0.9663561,0.009514287,0.041423395,-8.326673e-17,-0.0027039142,0.103,0.029325757,-0.011161981,-0.012732327,0.9934306,0.18254131,0.004165832,0.010829459,-0.0027205124,0.103,0.0034215285,-0.13517019,0.021975659
584,2,7016,0.9663561,0.009514287,0.041423395,-8.326673e-17,-0.0027039142,0.103,0.043949395,-0.011837961,-0.012107774,0.9934306,0.18254131,0.004165832,0.010829459,-0.0027205124,0.103,-0.0032548888,-0.11160595,0.019527685
585,0,7020,0.9663561,0.009514287,0.041423395,-8.326673e-17,-0.0027039142,0.103,0.059095666,-0.011432312,-0.011332226,0.9934306,0.18254131,0.004165832,0.010829459,-0.0027205124,0.103,0.005311396,-0.13306317,0.017365063
585,1,7024,0.9663561,0.009514287,0.041423395,-8.326673e-17,-0.0027039142,0.103,0.07392192,-0.012958278,-0.0105490545,0.9934306,0.18254131,0.004165832,0.010829459,-0.0027205124,0.103,0.006289977,-0.15437855,0.015327736
585,2,7028,0.9663561,0.009514287,0.041423395,-8.326673e-17,-0.0027039142,0.103,0.08897969,-0.01142805,-0.0097558545,0.9934306,0.18254131,0.004165832,0.010829459,-0.0027205124,0.103,0.0052832854,-0.17578162,0.013677364
586,0,7032,0.9663561,0.009514287,0.041423395,-8.326673e-17,-0.0027039142,0.103,0.1055082,-0.011397814,-0.008959022,0.9934306,0.18254131,0.004165832,0.010829459,-0.0027205124,0.103,-0.0076415106,-0.15270503,0.0130349295
586,1,7036,0.9663561,0.009514287,0.041423395,-8.326673e-17,-0.0027039142,0.103,0.12184512,-0.011607096,-0.008163879,0.9934306,0.18254131,0.004165832,0.010829459,-0.0027205124,0.103,-0.019318942,-0.12946583,0.012037962
586,2,7040,0.9663561,0.009514287,0.041423395,-8.326673e-17,-0.0027039142,0.103,0.14038989,-0.009568245,-0.0073932083,0.9934306,0.18254131,0.004165832,0.010829459,-0.0027205124,0.103,-0.03003163,-0.10601843,0.011019269
587,0,7044,0.9663561,0.009514287,0.041423395,-8.326673e-17,-0.0027039142,0.103,0.16053651,-0.00789776,-0.006645857,0.9934306,0.16678427,0.004165832,0.010829459,-0.0027205124,0.103,-0.038303852,-0.0820514,0.010196477
587,1,7048,0.9663561,0.009514287,0.041423395,-8.326673e-17,-0.0027039142,0.103,0.17983916,-0.009874123,-0.005723972,0.9934306,0.15090902,0.004165832,0.010829459,-0.0027205124,0.103,-0.045779914,-0.057694133,0.009540787
587,2,7052,0.9663561,0.009514287,0.041423395,-8.326673e-17,-0.0027039142,0.103,0.19008508,-0.021553332,-0.004714429,0.9934306,0.1358656,0.004165832,0.010829459,-0.0027205124,0.103,-0.0495336,-0.0325072,0.00892852
588,0,7056,0.9663561,0.009514287,0.041423395,-8.326673e-17,-0.0027039142,0.103,0.14572391,-0.029970637,-0.004482281,0.9934306,0.1232013,0.004165832,0.010829459,-0.0027205124,0.103,-0.04503375,-0.0059476327,0.008250116
588,1,7060,0.9663561,0.009180527,0.041423395,-8.326673e-17,-0.0027039142,0.103,0.09663278,-0.04498608,-0.0048991805,0.99341154,0.12930267,0.004165832,0.010829459,-0.0027205124,0.103,-0.022210564,0.0076863887,0.007700944
588,2,7064,0.9663561,0.0076941713,0.041423395,-8.326673e-17,-0.0027039142,0.103,0.047083236,-0.04465169,-0.0054638814,0.99314284,0.14938639,0.004165832,0.010829459,-0.0027205124,0.103,-0.010393081,0.005923219,0.0073562865
589,0,7068,0.9663561,0.0051901103,0.041423395,-8.326673e-17,-0.0030620552,0.103,0.011696871,-0.02725519,-0.006030467,0.9925841,0.1716756,0.004165832,0.010829459,-0.0027205124,0.103,-0.00516379,0.004698354,0.0072485525
589,1,7072,0.9660768,0.0009782858,0.041423395,-8.326673e-17,-0.0075349757,0.103,-2.787056e-11,-0.0052551907,-0.0078008403,0.991489,0.18975621,0.0051598805,0.0139457155,-0.0034933053,0.103,-0.0014198082,0.0044589513,0.0072377156
589,2,7076,0.9660768,0.0009782858,0.041423395,-8.326673e-17,-0.0075349757,0.103,0.0,0.0,-0.008720851,0.991489,0.18833755,0.0051598805,0.0139457155,-0.0034933053,0.103,-0.0037578682,0.0034383028,0.007257782
590,0,7080,0.966974,0.0009782858,0.041423395,-8.326673e-17,-0.0075349757,0.103,0.0,0.0,-0.008969677,0.9914308,0.18839402,0.0051598805,0.0139457155,-0.0034933053,0.103,-0.0029532171,0.0041296505,0.0072603235
590,1,7084,0.9680662,0.0009782858,0.041423395,-8.326673e-17,-0.0075349757,0.103,0.0,0.0,-0.008875336,0.9914308,0.18723354,0.0051598805,0.0139457155,-0.0034933053,0.103,-0.0037552994,0.0038446903,0.007236956
590,2,7088,0.967905,0.0009782858,0.041423395,-8.326673e-17,-0.0075349757,0.103,0.0,0.0,-0.008289812,0.99125504,0.18720835,0.0051598805,0.0139457155,-0.0034933053,0.103,-0.0032227894,0.0040196693,0.0072081853
591,0,7092,0.96760285,0.0009782858,0.041423395,-8.326673e-17,-0.0075349757,0.103,0.0,0.0,-0.0071177473,0.99125504,0.18479541,0.0051598805,0.0139457155,-0.0034933053,0.103,-0.0053353314,0.003715681,0.007084404
591,1,7096,0.96760285,0.0009782858,0.041423395,-8.326673e-17,-0.0075349757,0.103,0.0,0.0,-0.0058599645,0.99125504,0.1807948,0.0051598805,0.0139457155,-0.0034933053,0.103,-0.007852909,0.0036213803,0.006979539
591,2,7100,0.967364,0.0009782858,0.041423395,-8.326673e-17,-0.0075349757,0.103,0.0,0.0,-0.005189271,0.99117583,0.18286876,0.0051598805,0.0139457155,-0.0034933053,0.103,-0.005496585,0.0046470286,0.006891064
592,0,7104,0.967364,0.0009782858,0.041423395,-8.326673e-17,-0.0075349757,0.103,0.0,0.0,-0.0048003104,0.99117583,0.17846122,0.0051598805,0.0139457155,-0.0034933053,0.103,-0.008836316,0.0035153239,0.0067970357
592,1,7108,0.967364,0.0009782858,0.041423395,-8.326673e-17,-0.0075349757,0.103,0.0,0.0,-0.004405647,0.99117583,0.17471126,0.0051598805,0.0139457155,-0.0034933053,0.103,-0.010133756,0.0039371257,0.006649143
592,2,7112,0.967364,0.0009782858,0.041423395,-8.326673e-17,-0.0075349757,0.103,0.0,0.0,-0.0040346393,0.99117583,0.17265749,0.0051598805,0.0139457155,-0.0034933053,0.103,-0.010016844,0.004223273,0.006512798
593,0,7116,0.967364,0.0009782858,0.041423395,-8.326673e-17,-0.0075349757,0.103,0.0,0.0,-0.003681292,0.99117583,0.17563362,0.0051598805,0.0139457155,-0.0034933053,0.103,-0.010058006,0.0042129946,0.006363029
593,1,7120,0.967364,0.0009782858,0.041423395,-8.326673e-17,-0.0075349757,0.103,0.0,0.0,-0.0033822488,0.99117583,0.17776465,0.0051598805,0.0139457155,-0.0034933053,0.103,-0.010505673,0.0042951037,0.006232162
593,2,7124,0.967364,0.0009782858,0.041423395,-8.326673e-17,-0.0075349757,0.103,0.0,0.0,-0.003127392,0.99117583,0.17875904,0.0051598805,0.0139457155,-0.0034933053,0.103,-0.012051058,0.0040942864,0.0061348295
594,0,7128,0.967364,0.0009782858,0.041423395,-8.326673e-17,-0.0075349757,0.103,0.020097248,-0.005053571,-0.0029646922,0.99117583,0.18037999,0.0051598805,0.0139457155,-0.0034933053,0.103,-0.011238272,0.0045471457,0.006014829
594,1,7132,0.967364,0.0009782858,0.041423395,-8.326673e-17,-0.0075349757,0.103,0.039465204,-0.008089289,-0.0026016764,0.99117583,0.18113108,0.0051598805,0.0139457155,-0.0034933053,0.103,-0.012365699,0.0041753133,0.00592619
594,2,7136,0.967364,0.0009782858,0.041423395,-8.326673e-17,-0.0075349757,0.103,0.054059714,-0.015140917,-0.0019252193,0.99117583,0.18155488,0.0051598805,0.0139457155,-0.0034933053,0.103,-0.013693218,0.00400517,0.0058104726
595,0,7140,0.967364,0.0009782858,0.041423395,-8.326673e-17,-0.0075349757,0.103,0.02831594,-0.008566118,-0.0015239323,0.99111974,0.18345834,0.0051598805,0.0139457155,-0.0034933053,0.103,-0.010690533,0.0049673547,0.0056762756
595,1,7144,0.967364,0.0009782858,0.041423395,-8.326673e-17,-0.0075349757,0.103,0.005842293,-0.0012366851,-0.0021002467,0.99111974,0.18360002,0.0051598805,0.0139457155,-0.0034933053,0.103,-0.014280428,0.0037261476,0.0055743726
595,2,7148,0.967364,0.0009782858,0.041423395,-8.326673e-17,-0.0075349757,0.103,0.0,0.0,-0.0020232908,0.99111974,0.18371187,0.0051598805,0.0139457155,-0.0034933053,0.103,-0.016235648,0.0041421726,0.0055121374
596,0,7152,0.967364,0.0009782858,0.041423395,-8.326673e-17,-0.0075349757,0.103,0.0,0.0,-0.0014246461,0.99111974,0.17553906,0.0051598805,0.0139457155,-0.0034933053,0.103,-0.017091809,0.004394306,0.0054437737
596,1,7156,0.967364,0.0009782858,0.041423395,-8.326673e-17,-0.0075349757,0.103,0.0,0.0,-0.0009794626,0.99111974,0.16778591,0.0051598805,0.0139457155,-0.0034933053,0.103,-0.017233318,0.004367677,0.005374174
596,2,7160,0.967364,0.0009782858,0.041423395,-8.326673e-17,-0.0075349757,0.103,0.0,0.0,-0.0009289179,0.99111974,0.16358839,0.0051598805,0.0139457155,-0.0034933053,0.103,-0.014814919,0.0047809933,0.0052340627
597,0,7164,0.967364,0.0009782858,0.041423395,-8.326673e-17,-0.0075349757,0.103,0.0,0.0,-0.0008766586,0.99111974,0.15466526,0.0051598805,0.0139457155,-0.0034933053,0.103,-0.017523903,0.0036288311,0.0051251627
597,1,7168,0.967364,0.0009782858,0.041423395,-8.326673e-17,-0.0075349757,0.103,0.0,0.0,-0.0007982214,0.99111974,0.14760761,0.0051598805,0.0139457155,-0.0034933053,0.103,-0.017482016,0.0046008136,0.0050042844
597,2,7172,0.96736044,0.0009782858,0.041423395,-8.326673e-17,-0.008239313,0.103,0.0,0.0,-0.0007547164,0.9905153,0.16827102,0.0051598805,0.0139457155,-0.0034933053,0.103,-0.007579514,0.0065800254,0.004877303
598,0,7176,0.96736044,0.0009782858,0.041423395,-8.326673e-17,-0.008239313,0.103,0.0,0.0,-0.07408628,0.9905153,0.17210098,0.0051598805,0.0139457155,-0.0034933053,0.103,0.0021079606,-0.014995134,0.004803044
598,1,7180,0.96736044,0.0009782858,0.041423395,-8.326673e-17,-0.008533806,0.103,0.0,0.0,-0.14741609,0.9901788,0.18065605,0.0051598805,0.0139457155,-0.0034933053,0.103,0.006049792,-0.035759293,0.004786118
598,2,7184,0.96736044,0.0009782858,0.041423395,-8.326673e-17,-0.008533806,0.103,0.0,0.0,-0.22074415,0.9901499,0.18300928,0.0051598805,0.0139457155,-0.0034933053,0.103,0.008779292,-0.055956133,0.004798816
599,0,7188,0.96736044,0.0009782858,0.041423395,-8.326673e-17,-0.008533806,0.103,0.0,0.0,-0.29407045,0.99005157,0.18493359,0.0051598805,0.0139457155,-0.0034933053,0.103,0.012152617,-0.075459816,0.0047975956
599,1,7192,0.96736044,0.0009782858,0.041423395,-8.326673e-17,-0.008533806,0.103,0.0,0.0,-0.367395,0.9898365,0.18690611,0.0051598805,0.0139457155,-0.0034933053,0.103,0.015800688,-0.09423204,0.004811425
599,2,7196,0.96736044,0.0009782858,0.041423395,-8.326673e-17,-0.008533806,0.103,0.0,0.0,-0.4407178,0.9898365,0.18716645,0.0051598805,0.0139457155,-0.0034933053,0.103,0.015590706,-0.11313308,0.0048033865
600,0,7200,0.96736044,0.0009782858,0.041423395,-8.326673e-17,-0.008533806,0.103,0.0,0.0,-0.51403886,0.9897008,0.1882554,0.0051598805,0.0139457155,-0.0034933053,0.103,0.021535214,-0.13070446,0.0047941566
600,1,7204,0.96736044,0.0009782858,0.041423395,-8.326673e-17,-0.008533806,0.103,0.0,0.0,-0.5873581,0.9897008,0.18833885,0.0051598805,0.0139457155,-0.0034933053,0.103,0.019612,-0.1487615,0.004781161
600,2,7208,0.96736044,0.0009782858,0.0446941,-8.326673e-17,-0.008533806,0.103,0.0,0.0,-0.66067564,0.98962754,0.18912256,0.0051598805,0.0139457155,-0.0034933053,0.103,0.02736631,-0.16487949,0.0047468077
601,0,7212,0.96736044,0.0009782858,0.04629386,-8.326673e-17,-0.008533806,0.103,-0.022000002,-2.0142779e-10,-0.58732814,0.98962754,0.18931928,0.0051598805,0.0139457155,-0.0034933053,0.103,0.022752771,-0.13901156,0.0047327597
601,1,7216,0.96736044,0.0009782858,0.051079076,-8.326673e-17,-0.008533806,0.103,-0.044,-1.7010843e-10,-0.51398206,0.98956466,0.19003005,0.0051598805,0.0139457155,-0.0034933053,0.103,0.01972781,-0.11264555,0.004731405
601,2,7220,0.96736044,0.0009782858,0.057278518,-8.326673e-17,-0.008533806,0.103,-0.06600001,-3.2744318e-10,-0.4406374,0.9894349,0.19101547,0.0051598805,0.0139457155,-0.0034933053,0.103,0.015830811,-0.08694015,0.0047276686
602,0,7224,0.96736044,0.0009782858,0.06539091,-8.326673e-17,-0.008533806,0.103,-0.08800001,-1.0138678e-09,-0.36729425,0.9891509,0.19270481,0.0051598805,0.0139457155,-0.0034933053,0.103,0.01237213,-0.0619505,0.004714643
602,1,7228,0.96684575,0.0009782858,0.08390491,-8.326673e-17,-0.008533806,0.103,-0.11000001,-3.2912548e-10,-0.29395276,0.987749,0.19900928,0.0051598805,0.018618533,-0.0050324956,0.103,0.009463373,-0.037566144,0.0046877926
602,2,7232,0.96684575,0.0009782858,0.08390491,-8.326673e-17,-0.008533806,0.103,-0.132,-3.469753e-10,-0.22061326,0.987749,0.19900928,0.0051598805,0.018618533,-0.0050324956,0.103,0.0023993498,-0.014945095,0.004686438
603,0,7236,0.96684575,0.0009782858,0.08390491,-8.326673e-17,-0.008533806,0.103,-0.154,5.441213e-10,-0.14727584,0.987749,0.19900928,0.0051598805,0.018618533,-0.0050324956,0.103,0.0,0.0,0.004638732
603,1,7240,0.96684575,0.0009782858,0.08390491,-8.326673e-17,-0.008533806,0.103,-0.17600001,-1.4219194e-10,-0.0739405,0.987749,0.19900928,0.0051598805,0.018618533,-0.0050324956,0.103,0.0,0.0,0.004595432
603,2,7244,0.96684575,0.0009782858,0.08390491,-8.326673e-17,-0.008533806,0.103,-0.19800001,-1.8719647e-10,-0.0006071497,0.987749,0.19900928,0.0051598805,0.018618533,-0.0050324956,0.103,0.0,0.0,0.0045815427
604,0,7248,0.96684575,0.0009782858,0.08390491,-8.326673e-17,-0.008533806,0.103,-0.17600001,-9.095215e-10,-0.0006716739,0.987749,0.19900928,0.0051598805,0.018618533,-0.0050324956,0.103,0.0,0.0,0.0045585483
604,1,7252,0.96684575,0.0009782858,0.08390491,-8.326673e-17,-0.008533806,0.103,-0.15400001,-1.2273064e-09,-0.0016978497,0.987749,0.19900928,0.0051598805,0.018618533,-0.0050324956,0.103,0.0,0.0,0.004541622
604,2,7256,0.96684575,0.0009782858,0.08390491,-8.326673e-17,-0.008533806,0.103,-0.13200001,-6.580137e-10,-0.0023629032,0.987749,0.19900946,0.0051598805,0.018618533,-0.0050324956,0.103,0.0,0.0,0.004516782
605,0,7260,0.96684575,0.0009782858,0.08390491,-8.326673e-17,-0.008533806,0.103,-0.11000002,2.106227e-11,-0.0027031116,0.987749,0.19900946,0.0051598805,0.018618533,-0.0050324956,0.103,0.0,0.0,0.004496045
605,1,7264,0.96684575,0.0009782858,0.08390491,-8.326673e-17,-0.008533806,0.103,-0.08800002,-2.1862652e-10,-0.0029201047,0.987749,0.19900946,0.0051598805,0.018618533,-0.0050324956,0.103,0.0,0.0,0.0044859666
605,2,7268,0.96684575,0.0009782858,0.08390491,-8.326673e-17,-0.008533806,0.103,-0.06600002,-1.178836e-10,-0.003075702,0.987749,0.19900946,0.0051598805,0.018618533,-0.0050324956,0.103,0.0,0.0,0.004474747
606,0,7272,0.96684575,0.0009782858,0.08390491,-8.326673e-17,-0.008533806,0.103,-0.044000026,-6.9554584e-11,-0.0031214557,0.987749,0.19900946,0.0051598805,0.018618533,-0.0050324956,0.103,0.0,0.0,0.0044639395
606,1,7276,0.96684575,0.0009782858,0.08390491,-8.326673e-17,-0.008533806,0.103,-0.022000024,-3.296405e-11,-0.0031398216,0.987749,0.19900946,0.0051598805,0.018618533,-0.0050324956,0.103,0.0,0.0,0.0044391537
606,2,7280,0.96684575,0.0009782858,0.08390491,-8.326673e-17,-0.008533806,0.103,-2.4244983e-08,5.476872e-17,-0.0031622443,0.987749,0.19900946,0.0051598805,0.018618533,-0.0050324956,0.103,0.0,0.0,0.0044211606
607,0,7284,0.96684575,0.0009782858,0.08390491,-8.326673e-17,-0.008533806,0.103,0.0,0.0,-0.0031573088,0.987749,0.19900946,0.0051598805,0.018618533,-0.0050324956,0.103,0.0,0.0,0.0044096983
607,1,7288,0.96684575,0.0009782858,0.08390491,-8.326673e-17,-0.008533806,0.103,0.0,0.0,-0.003214369,0.987749,0.19900946,0.0051598805,0.018618533,-0.0050324956,0.103,0.0,0.0,0.0043944246
607,2,7292,0.96684575,0.0009782858,0.08390491,-8.326673e-17,-0.008533806,0.103,0.0,0.0,-0.0033388587,0.987749,0.19900946,0.0051598805,0.018618533,-0.0050324956,0.103,0.0,0.0,0.004393442
608,0,7296,0.98652804,0.0009782858,0.08390491,-8.326673e-17,-0.008533806,0.103,0.0,0.0,-0.0035863293,0.987749,0.19900946,0.0051598805,0.018618533,-0.0050324956,0.103,0.0,0.0,0.0043810913
608,1,7300,1.0061685,0.0009782858,0.08390491,-8.326673e-17,-0.008533806,0.103,0.0,0.0,-0.003553479,0.987749,0.19900946,0.0051598805,0.018618533,-0.0050324956,0.103,0.0,0.0,0.004369048
608,2,7304,1.0261555,0.0009782858,0.08390491,-8.326673e-17,-0.008533806,0.103,0.0,0.0,-0.0033476609,0.987749,0.19900946,0.0051598805,0.018618533,-0.0050324956,0.103,0.0,0.0,0.0043611284
609,0,7308,1.0261555,0.0009782858,0.08390491,-8.326673e-17,-0.008533806,0.103,0.0,0.0,-0.003033522,0.987749,0.19900946,0.0051598805,0.018618533,-0.0050324956,0.103,0.0,0.0,0.004341826
609,1,7312,1.0261555,0.0009782858,0.08390491,-8.326673e-17,-0.008533806,0.103,0.0,0.0,-0.0027237916,0.987749,0.19900946,0.0051598805,0.018618533,-0.0050324956,0.103,0.0,0.0,0.004328577
609,2,7316,1.0261555,0.0009782858,0.08390491,-8.326673e-17,-0.008533806,0.103,0.0,0.0,-0.0023860144,0.987749,0.19900946,0.0051598805,0.018618533,-0.0050324956,0.103,0.0,0.0,0.0043308693
610,0,7320,1.0483067,0.0009782858,0.08390491,-8.326673e-17,-0.008533806,0.103,0.0,0.0,-0.0020509027,0.987749,0.19900946,0.0051598805,0.018618533,-0.0050324956,0.103,0.0,0.0,0.0043290383
610,1,7324,1.0729938,0.0009782858,0.08390491,-8.326673e-17,-0.008533806,0.103,0.0,0.0,-0.0019009437,0.987749,0.19900946,0.0051598805,0.018618533,-0.0050324956,0.103,0.0,0.0,0.004312484
610,2,7328,1.0978783,0.0009782858,0.08390491,-8.326673e-17,-0.008533806,0.103,0.0,0.0,-0.0015909789,0.987749,0.19900946,0.0051598805,0.018618533,-0.0050324956,0.103,0.0,0.0,0.00429927
611,0,7332,1.0978783,0.0009782858,0.08390491,-8.326673e-17,-0.008533806,0.103,0.0,0.0,-0.0012350262,0.987749,0.19900946,0.0051598805,0.018618533,-0.0050324956,0.103,0.0,0.0,0.0042864825
611,1,7336,1.0978783,0.0009782858,0.08390491,-8.326673e-17,-0.008533806,0.103,0.0,0.0,0.0,0.987749,0.19900946,0.0051598805,0.018618533,-0.0050324956,0.103,0.0,0.0,0.0
611,2,7340,1.0978783,0.0009782858,0.08390491,-8.326673e-17,-0.008533806,0.103,0.0,0.0,0.0,0.987749,0.19900946,0.0051598805,0.018618533,-0.0050324956,0.103,0.0,0.0,0.0
612,0,7344,1.0978783,0.0009782858,0.08390491,-8.326673e-17,-0.008533806,0.103,0.0,0.0,0.0,0.987749,0.19900946,0.0051598805,0.018618533,-0.0050324956,0.103,0.0,0.0,0.0
612,1,7348,1.0978783,0.0009782858,0.08390491,-8.326673e-17,-0.008533806,0.103,0.0,0.0,0.0,0.987749,0.19900946,0.0051598805,0.018618533,-0.0050324956,0.103,0.0,0.0,0.0
612,2,7352,1.0978783,0.0009782858,0.08390491,-8.326673e-17,-0.008533806,0.103,0.0,0.0,0.0,0.987749,0.19900946,0.0051598805,0.018618533,-0.0050324956,0.103,0.0,0.0,0.0
613,0,7356,1.0978783,0.0009782858,0.08390491,-8.326673e-17,-0.008533806,0.103,0.0,0.0,0.0,0.987749,0.19900946,0.0051598805,0.018618533,-0.0050324956,0.103,0.0,0.0,0.0
613,1,7360,1.0978783,0.0009782858,0.08390491,-8.326673e-17,-0.008533806,0.103,0.0,0.0,0.0,0.987749,0.19900946,0.0051598805,0.018618533,-0.0050324956,0.103,0.0,0.0,0.0
613,2,7364,1.0978783,0.0009782858,0.08390491,-8.326673e-17,-0.008533806,0.103,0.0,0.0,0.0,0.987749,0.19900946,0.0051598805,0.018618533,-0.0050324956,0.103,0.0,0.0,0.0
614,0,7368,1.0978783,0.0009782858,0.08390491,-8.326673e-17,-0.008533806,0.103,0.0,0.0,0.0,0.987749,0.19900946,0.0051598805,0.018618533,-0.0050324956,0.103,0.0,0.0,0.0
614,1,7372,1.0978783,0.0009782858,0.08390491,-8.326673e-17,-0.008533806,0.103,0.0,0.0,0.0,0.987749,0.19900946,0.0051598805,0.018618533,-0.0050324956,0.103,0.0,0.0,0.0
614,2,7376,1.0978783,0.0009782858,0.08390491,-8.326673e-17,-0.008533806,0.103,0.0,0.0,0.0,0.987749,0.19900946,0.0051598805,0.018618533,-0.0050324956,0.103,0.0,0.0,0.0
615,0,7380,1.0978783,0.0009782858,0.08390491,-8.326673e-17,-0.008533806,0.103,0.0,0.0,0.0,0.987749,0.19900946,0.0051598805,0.018618533,-0.0050324956,0.103,0.0,0.0,0.0
615,1,7384,1.0978783,0.0009782858,0.08390491,-8.326673e-17,-0.008533806,0.103,0.0,0.0,0.0,0.987749,0.19900946,0.0051598805,0.018618533,-0.0050324956,0.103,0.0,0.0,0.0
615,2,7388,1.0978783,0.0009782858,0.08390491,-8.326673e-17,-0.008533806,0.103,0.0,0.0,0.0,0.987749,0.19900946,0.0051598805,0.018618533,-0.0050324956,0.103,0.0,0.0,0.0
616,0,7392,1.0978783,0.0009782858,0.08390491,-8.326673e-17,-0.008533806,0.103,-0.022,0.0,0.0,0.987749,0.19900946,0.0051598805,0.018618533,-0.0050324956,0.103,0.0,0.0,0.0
616,1,7396,1.0978783,0.0009782858,0.08390491,-8.326673e-17,-0.008533806,0.103,-0.044,0.0,0.0,0.987749,0.19900946,0.0051598805,0.018618533,-0.0050324956,0.103,0.0,0.0,0.0
616,2,7400,1.0978783,0.0009782858,0.08390491,-8.326673e-17,-0.008533806,0.103,-0.066,0.0,0.0,0.987749,0.19900946,0.0051598805,0.018618533,-0.0050324956,0.103,0.0,0.0,0.0
617,0,7404,1.0978783,0.0009782858,0.08390491,-8.326673e-17,-0.008533806,0.103,-0.088,0.0,0.0,0.987749,0.19900946,0.0051598805,0.018618533,-0.0050324956,0.103,0.0,-0.022,0.0
617,1,7408,1.0978783,0.0009782858,0.08390491,-8.326673e-17,-0.008533806,0.103,-0.11,0.0,0.0,0.987749,0.19900946,0.0051598805,0.018618533,-0.0050324956,0.103,0.0,-0.044,0.0
617,2,7412,1.0978783,0.0009782858,0.08390491,-8.326673e-17,-0.008533806,0.103,-0.132,0.0,0.0,0.987749,0.19900946,0.0051598805,0.018618533,-0.0050324956,0.103,0.0,-0.066,0.0
618,0,7416,1.0978783,0.0009782858,0.08390491,-8.326673e-17,-0.008533806,0.103,-0.154,0.0,0.0,0.987749,0.19900946,0.0051598805,0.018618533,-0.0050324956,0.103,-0.022,-0.088,0.0
618,1,7420,1.0978783,0.0009782858,0.08390491,-8.326673e-17,-0.008533806,0.103,-0.176,0.0,0.0,0.987749,0.19900946,0.0051598805,0.018618533,-0.0050324956,0.103,-0.044,-0.11,0.0
618,2,7424,1.0978783,0.0009782858,0.08390491,-8.326673e-17,-0.008533806,0.103,-0.198,0.0,0.0,0.987749,0.19900946,0.0051598805,0.018618533,-0.0050324956,0.103,-0.066,-0.132,0.0
619,0,7428,1.0978783,0.0009782858,0.08390491,-8.326673e-17,-0.008533806,0.103,-0.22,0.0,0.0,0.987749,0.19900946,0.0051598805,0.018618533,-0.0050324956,0.103,-0.088,-0.154,0.0
619,1,7432,1.0978783,0.0009782858,0.08390491,-8.326673e-17,-0.008533806,0.103,-0.242,0.0,0.0,0.987749,0.19900946,0.0051598805,0.018618533,-0.0050324956,0.103,-0.11,-0.176,0.0
619,2,7436,1.0978783,0.0009782858,0.08390491,-8.326673e-17,-0.008533806,0.103,-0.264,0.0,0.0,0.987749,0.19900946,0.0051598805,0.018618533,-0.0050324956,0.103,-0.132,-0.198,0.0
620,0,7440,1.0978783,0.0009782858,0.08390491,-8.326673e-17,-0.008533806,0.103,-0.286,0.0,0.0,0.987749,0.19900946,0.0051598805,0.018618533,-0.0050324956,0.103,-0.154,-0.22,0.0
620,1,7444,1.0978783,0.0009782858,0.08390491,-8.326673e-17,-0.008533806,0.103,-0.308,0.0,0.0,0.987749,0.19900946,0.0051598805,0.018618533,-0.0050324956,0.103,-0.176,-0.242,0.0
620,2,7448,1.0978783,0.0009782858,0.08390491,-8.326673e-17,-0.008533806,0.103,-0.33,0.0,0.0,0.987749,0.19900946,0.0051598805,0.018618533,-0.0050324956,0.103,-0.198,-0.264,0.0
621,0,7452,1.0978783,0.0009782858,0.08390491,-8.326673e-17,-0.008533806,0.103,-0.308,0.0,0.0,0.987749,0.19900946,0.0051598805,0.018618533,-0.0050324956,0.103,-0.22,-0.242,0.0
621,1,7456,1.0978783,0.0009782858,0.08390491,-8.326673e-17,-0.008533806,0.103,-0.28595084,-2.5664783e-06,0.0006749989,0.987749,0.19900946,0.0051598805,0.018618533,-0.0050324956,0.103,-0.24195191,-0.21998832,0.00061445695
621,2,7460,1.0978783,0.0009782858,0.08390491,-8.326673e-17,-0.008533806,0.103,-0.26395082,0.0,0.0,0.987749,0.19900946,0.0051598805,0.018618533,-0.0050324956,0.103,-0.26395193,-0.19798832,0.0
622,0,7464,1.0978783,0.0009782858,0.08390491,-8.326673e-17,-0.008533806,0.103,-0.24174331,-3.1882424e-05,0.0011736104,0.987749,0.19900946,0.0051598805,0.018618533,-0.0050324956,0.103,-0.28567925,-0.17591916,-0.0002493263
622,1,7468,1.0978783,0.0009782858,0.08390491,-8.326673e-17,-0.008533806,0.103,-0.21504468,-4.4368426e-05,0.0015815808,0.987749,0.19900946,0.0051598805,0.018618533,-0.0050324956,0.103,-0.30071393,-0.15212747,-0.0006833702
622,2,7472,1.0978783,0.0009782858,0.08390491,-8.326673e-17,-0.008533806,0.103,-0.19304468,0.0,0.0,0.987749,0.19900946,0.0051598805,0.018618533,-0.0050324956,0.103,-0.32271394,-0.13012747,0.0
623,0,7476,1.0978783,0.0009782858,0.08390491,-8.326673e-17,-0.008533806,0.103,-0.17104468,0.0,0.0,0.987749,0.19900946,0.0051598805,0.018618533,-0.0050324956,0.103,-0.34471393,-0.108127475,0.0
623,1,7480,1.0978783,0.0009782858,0.08390491,-8.326673e-17,-0.008533806,0.103,-0.14904468,0.0,0.0,0.987749,0.19900946,0.0051598805,0.018618533,-0.0050324956,0.103,-0.36671394,-0.086127475,0.0
623,2,7484,1.0978783,0.0009782858,0.08390491,-8.326673e-17,-0.008533806,0.103,-0.12704468,0.0,0.0,0.987749,0.19900946,0.0051598805,0.018618533,-0.0050324956,0.103,-0.38871393,-0.064127475,0.0
624,0,7488,1.0978783,0.0009782858,0.08390491,-8.326673e-17,-0.008533806,0.103,-0.10504468,0.0,0.0,0.987749,0.19900946,0.0051598805,0.018618533,-0.0050324956,0.103,-0.41071394,-0.04212747,0.0
624,1,7492,1.0978783,0.0009782858,0.08390491,-8.326673e-17,-0.008533806,0.103,-0.08304468,0.0,0.0,0.987749,0.19900946,0.0051598805,0.018618533,-0.0050324956,0.103,-0.43271393,-0.020127472,0.0
624,2,7496,1.0978783,0.0009782858,0.08390491,-8.326673e-17,-0.008533806,0.103,-0.061044674,0.0,0.0,0.987749,0.19900946,0.0051598805,0.018618533,-0.0050324956,0.103,-0.45471394,0.0,0.0
625,0,7500,1.0722116,0.0009782858,0.08390491,-8.326673e-17,-0.008533806,0.103,-0.039044674,0.0,0.0,0.987749,0.19900946,0.0051598805,0.018618533,-0.0050324956,0.103,-0.47671393,0.0,0.0
625,1,7504,1.046545,0.0009782858,0.08390491,-8.326673e-17,-0.008533806,0.103,-0.017044675,0.0,0.0,0.987749,0.19900946,0.0051598805,0.018618533,-0.0050324956,0.103,-0.49871394,0.0,0.0
625,2,7508,1.0208783,0.0009782858,0.08390491,-8.326673e-17,-0.008533806,0.103,0.0,0.0,0.0,0.987749,0.19900946,0.0051598805,0.018618533,-0.0050324956,0.103,-0.5207139,0.0,0.0
626,0,7512,1.0208783,0.0009782858,0.08390491,-8.326673e-17,-0.008533806,0.103,0.022,0.0,0.0,0.987749,0.19900946,0.0051598805,0.018618533,-0.0050324956,0.103,-0.54271394,0.0,0.0
626,1,7516,1.0208783,0.0009782858,0.08390491,-8.326673e-17,-0.008533806,0.103,0.044,0.0,0.0,0.987749,0.19900946,0.0051598805,0.018618533,-0.0050324956,0.103,-0.56471395,0.0,0.0
626,2,7520,1.0208783,0.0009782858,0.08390491,-8.326673e-17,-0.008533806,0.103,0.066,0.0,0.0,0.987749,0.19900946,0.0051598805,0.018618533,-0.0050324956,0.103,-0.5867139,0.0,0.0
627,0,7524,1.0208783,0.0009782858,0.08390491,-8.326673e-17,-0.008533806,0.103,0.088,0.0,0.0,0.987749,0.19900946,0.0051598805,0.018618533,-0.0050324956,0.103,-0.6087139,0.0,0.0
627,1,7528,1.0208783,0.0009782858,0.08390491,-8.326673e-17,-0.008533806,0.103,0.11,0.0,0.0,0.987749,0.19900946,0.0051598805,0.018618533,-0.0050324956,0.103,-0.616,0.0,0.0
627,2,7532,1.0208783,0.0009782858,0.08390491,-8.326673e-17,-0.008533806,0.103,0.132,0.0,0.0,0.987749,0.19900946,0.0051598805,0.018618533,-0.0050324956,0.103,-0.616,0.0,0.0
628,0,7536,1.0208783,0.0009782858,0.08390491,-8.326673e-17,-0.008533806,0.103,0.11,0.0,0.0,0.987749,0.19900946,0.0051598805,0.018618533,-0.0050324956,0.103,-0.594,0.0,0.0
628,1,7540,1.0208783,0.0009782858,0.08390491,-8.326673e-17,-0.008533806,0.103,0.088,0.0,0.0,0.987749,0.19900946,0.0051598805,0.018618533,-0.0050324956,0.103,-0.572,0.0,0.0
628,2,7544,1.0208783,0.0009782858,0.08390491,-8.326673e-17,-0.008533806,0.103,0.066,0.0,0.0,0.987749,0.19900946,0.0051598805,0.018618533,-0.0050324956,0.103,-0.55,0.0,0.0
629,0,7548,1.0208783,0.0009782858,0.08390491,-8.326673e-17,-0.008533806,0.103,0.044,0.0,0.0,0.987749,0.19900946,0.0051598805,0.018618533,-0.0050324956,0.103,-0.528,0.0,0.0
629,1,7552,1.0208783,0.0009782858,0.08390491,-8.326673e-17,-0.008533806,0.103,0.022,0.0,0.0,0.987749,0.19900946,0.0051598805,0.018618533,-0.0050324956,0.103,-0.506,0.0,0.0
629,2,7556,1.0208783,0.0009782858,0.08390491,-8.326673e-17,-0.008533806,0.103,0.0,0.0,0.0,0.987749,0.19900946,0.0051598805,0.018618533,-0.0050324956,0.103,-0.484,0.0,0.0
630,0,7560,1.0208783,0.0009782858,0.08390491,-8.326673e-17,-0.008533806,0.103,0.0,0.0,0.0,0.987749,0.19900946,0.0051598805,0.018618533,-0.0050324956,0.103,-0.462,0.0,0.0
630,1,7564,1.0208783,0.0009782858,0.08390491,-8.326673e-17,-0.008533806,0.103,0.0,0.0,0.0,0.987749,0.19900946,0.0051598805,0.018618533,-0.0050324956,0.103,-0.44,0.0,0.0
630,2,7568,1.0208783,0.0009782858,0.08390491,-8.326673e-17,-0.008533806,0.103,0.0,0.0,0.0,0.987749,0.19900946,0.0051598805,0.018618533,-0.0050324956,0.103,-0.418,0.0,0.0
631,0,7572,1.0208783,0.0009782858,0.08390491,-8.326673e-17,-0.008533806,0.103,0.0,0.0,0.0,0.987749,0.19900946,0.0051598805,0.018618533,-0.0050324956,0.103,-0.396,0.0,0.0
631,1,7576,1.0208783,0.0009782858,0.08390491,-8.326673e-17,-0.008533806,0.103,0.0,0.0,0.0,0.987749,0.19900946,0.0051598805,0.018618533,-0.0050324956,0.103,-0.374,0.0,0.0
631,2,7580,1.0208783,0.0009782858,0.08390491,-8.326673e-17,-0.008533806,0.103,0.0,0.0,0.0,0.987749,0.19900946,0.0051598805,0.018618533,-0.0050324956,0.103,-0.352,0.0,0.0
632,0,7584,1.0208783,0.0009782858,0.08390491,-8.326673e-17,-0.008533806,0.103,0.0,0.0,0.0060444027,0.987749,0.19900946,0.0051598805,0.018618533,-0.0050324956,0.103,-0.32322654,0.0022133738,0.0068106246
632,1,7588,1.0208783,0.0009782858,0.08390491,-8.326673e-17,-0.008533806,0.103,0.0,0.0,0.0057113855,0.987749,0.19900946,0.0051598805,0.018618533,-0.0050324956,0.103,-0.2820742,0.006230894,0.0072182156
632,2,7592,1.0208783,0.0009782858,0.08390491,-8.326673e-17,-0.008533806,0.103,0.0,0.0,0.005576685,0.987749,0.19900946,0.0051598805,0.018618533,-0.0050324956,0.103,-0.24003482,0.0063962,0.007963902
633,0,7596,1.0208783,0.0009782858,0.08390491,-8.326673e-17,-0.008533806,0.103,0.0,0.0,0.005626588,0.987749,0.19900946,0.0051598805,0.018618533,-0.0050324956,0.103,-0.2043775,0.0043705422,0.009025845
633,1,7600,1.0208783,0.0009782858,0.08390491,-8.326673e-17,-0.008533806,0.103,0.0,0.0,0.0054520476,0.987749,0.19900946,0.0051598805,0.018618533,-0.0050324956,0.103,-0.16664334,0.00504886,0.009671002
633,2,7604,1.0208783,0.0009782858,0.08390491,-8.326673e-17,-0.008533806,0.103,0.0,0.0,0.0054095783,0.987749,0.19900946,0.0051598805,0.018618533,-0.0050324956,0.103,-0.13173576,0.0041299686,0.010507367
634,0,7608,1.0208783,0.0009782858,0.08390491,-8.326673e-17,-0.008533806,0.103,0.0,0.0,0.005355117,0.987749,0.19900946,0.0051598805,0.018618533,-0.0050324956,0.103,-0.09966582,0.0032562893,0.011297912
634,1,7612,1.0208783,0.0009782858,0.08390491,-8.326673e-17,-0.008533806,0.103,0.0,0.0,0.0055363416,0.987749,0.19900946,0.0051598805,0.018618533,-0.0050324956,0.103,-0.073399164,0.0013616964,0.012607376
634,2,7616,1.0208783,0.0009782858,0.08390491,-8.326673e-17,-0.008533806,0.103,0.0,0.0,0.0053224284,0.987749,0.19900946,0.0051598805,0.018618533,-0.0050324956,0.103,-0.047101326,0.001387041,0.012841964
635,0,7620,1.0208783,0.0009782858,0.08390491,-8.326673e-17,-0.008533806,0.103,0.0,0.0,0.0049989643,0.987749,0.19900946,0.0051598805,0.018618533,-0.0050324956,0.103,-0.022132697,0.0012047454,0.012769809
635,1,7624,1.0208783,0.0009782858,0.08390491,-8.326673e-17,-0.008533806,0.103,0.0,0.0,0.0047374787,0.987749,0.19900946,0.0051598805,0.018618533,-0.0050324956,0.103,-0.00011256139,8.386052e-06,0.012619651
635,2,7628,1.0208783,0.0009782858,0.08390491,-8.326673e-17,-0.008533806,0.103,0.0,0.0,0.0052019246,0.987749,0.19900946,0.0051598805,0.018618533,-0.0050324956,0.103,0.0,0.0,0.014305129
636,0,7632,1.0208783,0.0009782858,0.08390491,-8.326673e-17,-0.008533806,0.103,0.0,0.0,0.0052970406,0.987749,0.19900946,0.0051598805,0.018618533,-0.0050324956,0.103,-0.020754807,0.0005102455,0.015009307
636,1,7636,1.0208783,0.0009782858,0.08390491,-8.326673e-17,-0.008533806,0.103,0.0,0.0,0.005392073,0.987749,0.19900946,0.0051598805,0.018618533,-0.0050324956,0.103,-0.041293647,0.0005911002,0.01542803
636,2,7640,1.0208783,0.0009782858,0.08390491,-8.326673e-17,-0.008533806,0.103,0.0,0.0,0.0054417667,0.987749,0.19900946,0.0051598805,0.018618533,-0.0050324956,0.103,-0.061965678,0.0005279346,0.015524214
637,0,7644,1.0208783,0.0009782858,0.08390491,-8.326673e-17,-0.008533806,0.103,7.741926e-11,0.022,0.0054359464,0.987749,0.19900946,0.0051598805,0.018618533,-0.0050324956,0.103,-0.039513577,0.022705575,0.015324856
637,1,7648,1.0208783,0.0009782858,0.08390491,-8.326673e-17,-0.008533806,0.103,-3.308902e-10,0.044000003,0.005448513,0.987749,0.19900946,0.0051598805,0.018618533,-0.0050324956,0.103,-0.017513577,0.044705577,0.015197767
637,2,7652,1.0208783,0.0009782858,0.08390491,-8.326673e-17,-0.008533806,0.103,2.3661936e-10,0.066,0.0054915724,0.987749,0.19900946,0.0051598805,0.018618533,-0.0050324956,0.103,-1.4573681e-10,0.06670558,0.015229022
638,0,7656,1.0208783,0.0009782858,0.08390491,-8.326673e-17,-0.008533806,0.103,3.0704417e-10,0.08800001,0.0055339164,0.987749,0.19900946,0.0051598805,0.018618533,-0.0050324956,0.103,-1.0029987e-10,0.088705584,0.015262583
638,1,7660,1.0208783,0.0009782858,0.08390491,-8.326673e-17,-0.008533806,0.103,0.0,0.11000001,0.0,0.987749,0.19900946,0.0051598805,0.018618533,-0.0050324956,0.103,0.0,0.110705584,0.0
638,2,7664,1.0208783,0.0009782858,0.08390491,-8.326673e-17,-0.008533806,0.103,0.0,0.13200001,0.0,0.987749,0.19900946,0.0051598805,0.018618533,-0.0050324956,0.103,0.0,0.13270558,0.0
639,0,7668,1.0208783,0.0009782858,0.08390491,-8.326673e-17,-0.008533806,0.103,0.0,0.11000001,0.0,0.987749,0.19900946,0.0051598805,0.018618533,-0.0050324956,0.103,-0.022,0.15470558,0.0
639,1,7672,1.0208783,0.0009782858,0.08390491,-8.326673e-17,-0.008533806,0.103,0.0,0.08800001,0.0,0.987749,0.19900946,0.0051598805,0.018618533,-0.0050324956,0.103,-0.044,0.17670558,0.0
639,2,7676,1.0208783,0.0009782858,0.08390491,-8.326673e-17,-0.008533806,0.103,0.0,0.06600001,0.0,0.987749,0.19900946,0.0051598805,0.018618533,-0.0050324956,0.103,-0.066,0.19870558,0.0
640,0,7680,1.0208783,0.0009782858,0.08390491,-8.326673e-17,-0.008533806,0.103,0.0,0.044000007,0.0,0.987749,0.19900946,0.0051598805,0.018618533,-0.0050324956,0.103,-0.088,0.17670558,0.0
640,1,7684,1.0208783,0.0009782858,0.08390491,-8.326673e-17,-0.008533806,0.103,0.0,0.022000007,0.0,0.987749,0.19900946,0.0051598805,0.018618533,-0.0050324956,0.103,-0.11,0.15470558,0.0
640,2,7688,1.0208783,0.0009782858,0.08390491,-8.326673e-17,-0.008533806,0.103,0.0,6.7940005e-09,0.0,0.987749,0.19900946,0.0051598805,0.018618533,-0.0050324956,0.103,-0.132,0.13270558,0.0
641,0,7692,1.0208783,0.0009782858,0.08390491,-8.326673e-17,-0.008533806,0.103,0.0,-0.021999992,0.0,0.987749,0.19900946,0.0051598805,0.018618533,-0.0050324956,0.103,-0.11,0.110705584,0.0
641,1,7696,1.0208783,0.0009782858,0.08390491,-8.326673e-17,-0.008533806,0.103,0.0,-0.043999992,0.0,0.987749,0.19900946,0.0051598805,0.018618533,-0.0050324956,0.103,-0.088,0.088705584,0.0
641,2,7700,1.0208783,0.0009782858,0.08390491,-8.326673e-17,-0.008533806,0.103,0.0,-0.06599999,0.0,0.987749,0.19900946,0.0051598805,0.018618533,-0.0050324956,0.103,-0.066,0.066705585,0.0
642,0,7704,1.0208783,0.0009782858,0.08390491,-8.326673e-17,-0.008533806,0.103,0.0,-0.08799999,0.0,0.987749,0.19900946,0.0051598805,0.018618533,-0.0050324956,0.103,-0.044,0.088705584,0.0
642,1,7708,1.0208783,0.0009782858,0.08390491,-8.326673e-17,-0.008533806,0.103,0.0,-0.10999999,0.0,0.987749,0.19900946,0.0051598805,0.018618533,-0.0050324956,0.103,-0.022,0.110705584,0.0
642,2,7712,1.0208783,0.0009782858,0.08390491,-8.326673e-17,-0.008533806,0.103,0.0,-0.132,0.0,0.987749,0.19900946,0.0051598805,0.018618533,-0.0050324956,0.103,0.0,0.13270558,0.0
643,0,7716,1.0208783,0.0009782858,0.08390491,-8.326673e-17,-0.008533806,0.103,0.0,-0.154,0.0,0.987749,0.19900946,0.0051598805,0.018618533,-0.0050324956,0.103,0.0,0.110705584,0.0
643,1,7720,1.0208783,0.0009782858,0.08390491,-8.326673e-17,-0.008533806,0.103,0.0,-0.176,0.0,0.987749,0.19900946,0.0051598805,0.018618533,-0.0050324956,0.103,0.0,0.088705584,0.0
643,2,7724,1.0208783,0.0009782858,0.08390491,-8.326673e-17,-0.008533806,0.103,0.0,-0.198,0.0,0.987749,0.19900946,0.0051598805,0.018618533,-0.0050324956,0.103,0.0,0.066705585,0.0
644,0,7728,1.0208783,0.0009782858,0.08390491,-8.326673e-17,-0.008533806,0.103,0.0,-0.22,0.0,0.987749,0.19900946,0.0051598805,0.018618533,-0.0050324956,0.103,0.0,0.088705584,0.0
644,1,7732,1.0208783,0.0009782858,0.08390491,-8.326673e-17,-0.008533806,0.103,0.0,-0.242,0.0,0.987749,0.19900946,0.0051598805,0.018618533,-0.0050324956,0.103,0.0,0.110705584,0.0
644,2,7736,1.0208783,0.0009782858,0.08390491,-8.326673e-17,-0.008533806,0.103,0.0,-0.264,0.0,0.987749,0.19900946,0.0051598805,0.018618533,-0.0050324956,0.103,0.0,0.13270558,0.0
645,0,7740,1.0208783,0.0009782858,0.08390491,-8.326673e-17,-0.008533806,0.103,0.0,-0.28599998,0.0,0.987749,0.19900946,0.0051598805,0.018618533,-0.0050324956,0.103,0.0,0.15470558,0.0
645,1,7744,1.0208783,0.0009782858,0.08390491,-8.326673e-17,-0.008533806,0.103,0.0,-0.308,0.0,0.987749,0.19900946,0.0051598805,0.018618533,-0.0050324956,0.103,0.0,0.17670558,0.0
645,2,7748,1.0208783,0.0009782858,0.08390491,-8.326673e-17,-0.008533806,0.103,0.0,-0.32999998,0.0,0.987749,0.19900946,0.0051598805,0.018618533,-0.0050324956,0.103,0.0,0.19870558,0.0
646,0,7752,1.0208783,0.0009782858,0.08390491,-8.326673e-17,-0.008533806,0.103,0.0,-0.352,0.0,0.987749,0.19900946,0.0051598805,0.018618533,-0.0050324956,0.103,0.0,0.22070558,0.0
646,1,7756,1.0208783,0.0009782858,0.08390491,-8.326673e-17,-0.008533806,0.103,0.0,-0.37399998,0.0,0.987749,0.19900946,0.0051598805,0.018618533,-0.0050324956,0.103,0.0,0.24270558,0.0
646,2,7760,1.0208783,0.0009782858,0.08390491,-8.326673e-17,-0.008533806,0.103,0.0,-0.396,0.0,0.987749,0.19900946,0.0051598805,0.018618533,-0.0050324956,0.103,0.0,0.2647056,0.0
647,0,7764,1.0208783,0.0009782858,0.08390491,-8.326673e-17,-0.008533806,0.103,0.0,-0.41799998,0.0,0.987749,0.19900946,0.0051598805,0.018618533,-0.0050324956,0.103,0.0,0.28670558,0.0
647,1,7768,1.0208783,0.0009782858,0.08390491,-8.326673e-17,-0.008533806,0.103,0.0,-0.44,0.0,0.987749,0.19900946,0.0051598805,0.018618533,-0.0050324956,0.103,0.0,0.3087056,0.0
647,2,7772,1.0208783,0.0009782858,0.08390491,-8.326673e-17,-0.008533806,0.103,0.0,-0.46199998,0.0,0.987749,0.19900946,0.0051598805,0.018618533,-0.0050324956,0.103,0.0,0.33070558,0.0
648,0,7776,1.0208783,0.0009782858,0.08390491,-8.326673e-17,-0.008533806,0.103,0.0,-0.484,0.0,0.987749,0.19900946,0.0051598805,0.018618533,-0.0050324956,0.103,0.0,0.3527056,0.0
648,1,7780,1.0208783,0.0009782858,0.08390491,-8.326673e-17,-0.008533806,0.103,0.0,-0.506,0.0,0.987749,0.19900946,0.0051598805,0.018618533,-0.0050324956,0.103,0.0,0.37470558,0.0
648,2,7784,1.0208783,0.0009782858,0.08390491,-8.326673e-17,-0.008533806,0.103,0.0,-0.528,0.0,0.987749,0.19900946,0.0051598805,0.018618533,-0.0050324956,0.103,0.0,0.3967056,0.0
649,0,7788,1.0208783,0.0009782858,0.08390491,-8.326673e-17,-0.008533806,0.103,0.0,-0.506,0.0,0.987749,0.19900946,0.0051598805,0.018618533,-0.0050324956,0.103,-0.022,0.41870558,0.0
649,1,7792,1.0208783,0.0009782858,0.08390491,-8.326673e-17,-0.008533806,0.103,0.0,-0.484,0.0,0.987749,0.19900946,0.0051598805,0.018618533,-0.0050324956,0.103,-0.044,0.4407056,0.0
649,2,7796,1.0208783,0.0009782858,0.08390491,-8.326673e-17,-0.008533806,0.103,0.0,-0.46199998,0.0,0.987749,0.19900946,0.0051598805,0.018618533,-0.0050324956,0.103,-0.066,0.46270558,0.0
650,0,7800,1.0208783,0.0009782858,0.08390491,-8.326673e-17,-0.008533806,0.103,0.0,-0.44,0.0,0.987749,0.19900946,0.0051598805,0.018618533,-0.0050324956,0.103,-0.044,0.4407056,0.0
650,1,7804,1.0208783,0.0009782858,0.08390491,-8.326673e-17,-0.008533806,0.103,0.0,-0.41799998,0.0,0.987749,0.19900946,0.0051598805,0.018618533,-0.0050324956,0.103,-0.022,0.41870558,0.0
650,2,7808,1.0208783,0.0009782858,0.08390491,-8.326673e-17,-0.008533806,0.103,0.0,-0.396,0.0,0.987749,0.19900946,0.0051598805,0.018618533,-0.0050324956,0.103,0.0,0.3967056,0.0
651,0,7812,1.0208783,0.0009782858,0.08390491,-8.326673e-17,-0.008533806,0.103,0.0,-0.37399998,0.0,0.987749,0.19900946,0.0051598805,0.018618533,-0.0050324956,0.103,0.0,0.37470558,0.0
651,1,7816,1.0208783,0.0009782858,0.08390491,-8.326673e-17,-0.008533806,0.103,0.0,-0.352,0.0,0.987749,0.19900946,0.0051598805,0.018618533,-0.0050324956,0.103,0.0,0.3527056,0.0
651,2,7820,1.0208783,0.0009782858,0.08390491,-8.326673e-17,-0.008533806,0.103,0.0,-0.32999998,0.0,0.987749,0.19900946,0.0051598805,0.018618533,-0.0050324956,0.103,0.0,0.33070558,0.0
652,0,7824,1.0208783,0.0009782858,0.08390491,-8.326673e-17,-0.008533806,0.103,0.0,-0.308,0.0,0.987749,0.19900946,0.0051598805,0.018618533,-0.0050324956,0.103,0.0,0.3087056,0.0
652,1,7828,1.0208783,0.0009782858,0.08390491,-8.326673e-17,-0.008533806,0.103,0.0,-0.28599998,0.0,0.987749,0.19900946,0.0051598805,0.018618533,-0.0050324956,0.103,0.0,0.28670558,0.0
652,2,7832,1.0208783,0.0009782858,0.08390491,-8.326673e-17,-0.008533806,0.103,0.0,-0.264,0.0,0.987749,0.19900946,0.0051598805,0.018618533,-0.0050324956,0.103,0.0,0.2647056,0.0
653,0,7836,1.0208783,0.0009782858,0.08390491,-8.326673e-17,-0.008533806,0.103,0.0,-0.242,0.0,0.987749,0.19900946,0.0051598805,0.018618533,-0.0050324956,0.103,0.022,0.24270558,0.0
653,1,7840,1.0208783,0.0009782858,0.08390491,-8.326673e-17,-0.008533806,0.103,0.0,-0.22,0.0,0.987749,0.19900946,0.0051598805,0.018618533,-0.0050324956,0.103,0.044,0.22070558,0.0
653,2,7844,1.0208783,0.0009782858,0.08390491,-8.326673e-17,-0.008533806,0.103,0.0,-0.198,0.0,0.987749,0.19900946,0.0051598805,0.018618533,-0.0050324956,0.103,0.066,0.19870558,0.0
654,0,7848,1.0208783,0.0009782858,0.08390491,-8.326673e-17,-0.008533806,0.103,0.0,-0.176,0.0,0.987749,0.19900946,0.0051598805,0.018618533,-0.0050324956,0.103,0.088,0.17670558,0.0
654,1,7852,1.0208783,0.0009782858,0.08390491,-8.326673e-17,-0.008533806,0.103,0.0,-0.154,0.0,0.987749,0.19900946,0.0051598805,0.018618533,-0.0050324956,0.103,0.11,0.15470558,0.0
654,2,7856,1.0208783,0.0009782858,0.08390491,-8.326673e-17,-0.008533806,0.103,0.0,-0.132,0.0,0.987749,0.19900946,0.0051598805,0.018618533,-0.0050324956,0.103,0.132,0.13270558,0.0
655,0,7860,1.0208783,0.0009782858,0.08390491,-8.326673e-17,-0.008533806,0.103,0.0,-0.10999999,0.0,0.987749,0.19900946,0.0051598805,0.018618533,-0.0050324956,0.103,0.154,0.110705584,0.0
655,1,7864,1.0208783,0.0009782858,0.08390491,-8.326673e-17,-0.008533806,0.103,0.0,-0.08799999,0.0,0.987749,0.19900946,0.0051598805,0.018618533,-0.0050324956,0.103,0.176,0.088705584,0.0
655,2,7868,1.0208783,0.0009782858,0.08390491,-8.326673e-17,-0.008533806,0.103,0.0,-0.06599999,0.0,0.987749,0.19900946,0.0051598805,0.018618533,-0.0050324956,0.103,0.198,0.066705585,0.0
656,0,7872,1.0208783,0.0009782858,0.08390491,-8.326673e-17,-0.008533806,0.103,0.0,-0.043999992,0.0,0.987749,0.19900946,0.0051598805,0.018618533,-0.0050324956,0.103,0.22,0.044705585,0.0
656,1,7876,1.0208783,0.0009782858,0.08390491,-8.326673e-17,-0.008533806,0.103,0.0,-0.021999992,0.0,0.987749,0.19900946,0.0051598805,0.018618533,-0.0050324956,0.103,0.242,0.022705583,0.0
656,2,7880,1.0208783,0.0009782858,0.08390491,-8.326673e-17,-0.008533806,0.103,0.0,6.7940005e-09,0.0,0.987749,0.19900946,0.0051598805,0.018618533,-0.0050324956,0.103,0.264,0.00070558384,0.0
657,0,7884,1.0208783,0.0009782858,0.08390491,-8.326673e-17,-0.008533806,0.103,0.0,0.022000007,0.0,0.987749,0.19900946,0.0051598805,0.018618533,-0.0050324956,0.103,0.286,0.0,0.0
657,1,7888,1.0208783,0.0009782858,0.08390491,-8.326673e-17,-0.008533806,0.103,0.0,0.044000007,0.0,0.987749,0.19900946,0.0051598805,0.018618533,-0.0050324956,0.103,0.308,0.0,0.0
657,2,7892,1.0208783,0.0009782858,0.08390491,-8.326673e-17,-0.008533806,0.103,0.0,0.06600001,0.0,0.987749,0.19900946,0.0051598805,0.018618533,-0.0050324956,0.103,0.33,0.0,0.0
658,0,7896,1.0208783,0.0009782858,0.08390491,-8.326673e-17,-0.008533806,0.103,0.0,0.08800001,0.0,0.987749,0.19900946,0.0051598805,0.018618533,-0.0050324956,0.103,0.352,-0.022,0.0
658,1,7900,1.0208783,0.0009782858,0.08390491,-8.326673e-17,-0.008533806,0.103,0.0,0.11000001,0.0,0.987749,0.19900946,0.0051598805,0.018618533,-0.0050324956,0.103,0.374,-0.044,0.0
658,2,7904,1.0208783,0.0009782858,0.08390491,-8.326673e-17,-0.008533806,0.103,0.0,0.13200001,0.0,0.987749,0.19900946,0.0051598805,0.018618533,-0.0050324956,0.103,0.396,-0.066,0.0
659,0,7908,1.0208783,0.0009782858,0.08390491,-8.326673e-17,-0.008533806,0.103,0.0,0.15400001,0.0,0.987749,0.19900946,0.0051598805,0.018618533,-0.0050324956,0.103,0.374,-0.088,0.0
659,1,7912,1.0208783,0.0009782858,0.08390491,-8.326673e-17,-0.008533806,0.103,0.0,0.17600001,0.0,0.987749,0.19900946,0.0051598805,0.018618533,-0.0050324956,0.103,0.352,-0.11,0.0
659,2,7916,1.0208783,0.0009782858,0.08390491,-8.326673e-17,-0.008533806,0.103,0.0,0.19800001,0.0,0.987749,0.19900946,0.0051598805,0.018618533,-0.0050324956,0.103,0.33,-0.132,0.0
660,0,7920,1.0208783,0.0009782858,0.08390491,-8.326673e-17,-0.008533806,0.103,0.0,0.22000001,0.0,0.987749,0.19900946,0.0051598805,0.018618533,-0.0050324956,0.103,0.308,-0.154,0.0
660,1,7924,1.0208783,0.0009782858,0.08390491,-8.326673e-17,-0.008533806,0.103,0.0,0.24200001,0.0,0.987749,0.19900946,0.0051598805,0.018618533,-0.0050324956,0.103,0.286,-0.176,0.0
660,2,7928,1.0208783,0.0009782858,0.08390491,-8.326673e-17,-0.008533806,0.103,0.0,0.264,0.0,0.987749,0.19900946,0.0051598805,0.018618533,-0.0050324956,0.103,0.264,-0.198,0.0
661,0,7932,1.0208783,0.0009782858,0.08390491,-8.326673e-17,-0.008533806,0.103,0.0,0.286,0.0,0.987749,0.19900946,0.0051598805,0.018618533,-0.0050324956,0.103,0.242,-0.22,0.0
661,1,7936,1.0208783,0.0009782858,0.08390491,-8.326673e-17,-0.008533806,0.103,0.0,0.308,0.0,0.987749,0.19900946,0.0051598805,0.018618533,-0.0050324956,0.103,0.22,-0.242,0.0
661,2,7940,1.0208783,0.0009782858,0.08390491,-8.326673e-17,-0.008533806,0.103,0.0,0.33,0.0,0.987749,0.19900946,0.0051598805,0.018618533,-0.0050324956,0.103,0.198,-0.264,0.0
662,0,7944,1.0208783,0.0009782858,0.08390491,-8.326673e-17,-0.008533806,0.103,0.0,0.352,0.0,0.987749,0.19900946,0.0051598805,0.018618533,-0.0050324956,0.103,0.176,-0.242,0.0
662,1,7948,1.0208783,0.0009782858,0.08390491,-8.326673e-17,-0.008533806,0.103,0.0,0.374,0.0,0.987749,0.19900946,0.0051598805,0.018618533,-0.0050324956,0.103,0.154,-0.22,0.0
662,2,7952,1.0208783,0.0009782858,0.08390491,-8.326673e-17,-0.008533806,0.103,0.0,0.396,0.0,0.987749,0.19900946,0.0051598805,0.018618533,-0.0050324956,0.103,0.132,-0.198,0.0
663,0,7956,1.0208783,0.0009782858,0.08390491,-8.326673e-17,-0.008533806,0.103,0.0,0.418,0.0,0.987749,0.19900946,0.0051598805,0.018618533,-0.0050324956,0.103,0.11,-0.176,0.0
663,1,7960,1.0208783,0.0009782858,0.08390491,-8.326673e-17,-0.008533806,0.103,0.0,0.44,0.0,0.987749,0.19900946,0.0051598805,0.018618533,-0.0050324956,0.103,0.088,-0.154,0.0
663,2,7964,1.0208783,0.0009782858,0.08390491,-8.326673e-17,-0.008533806,0.103,0.0,0.462,0.0,0.987749,0.19900946,0.0051598805,0.018618533,-0.0050324956,0.103,0.066,-0.132,0.0
664,0,7968,1.0208783,0.0009782858,0.08390491,-8.326673e-17,-0.008533806,0.103,0.0,0.44,0.0,0.987749,0.19900946,0.0051598805,0.018618533,-0.0050324956,0.103,0.044,-0.11,0.0
664,1,7972,1.0208783,0.0009782858,0.08390491,-8.326673e-17,-0.008533806,0.103,0.0,0.418,0.0,0.987749,0.19900946,0.0051598805,0.018618533,-0.0050324956,0.103,0.022,-0.088,0.0
664,2,7976,1.0208783,0.0009782858,0.08390491,-8.326673e-17,-0.008533806,0.103,0.0,0.396,0.0,0.987749,0.19900946,0.0051598805,0.018618533,-0.0050324956,0.103,0.0,-0.066,0.0
665,0,7980,1.0208783,0.0009782858,0.08390491,-8.326673e-17,-0.008533806,0.103,0.0,0.374,0.0,0.987749,0.19900946,0.0051598805,0.018618533,-0.0050324956,0.103,-0.022,-0.088,0.0
665,1,7984,1.0208783,0.0009782858,0.08390491,-8.326673e-17,-0.008533806,0.103,0.0,0.352,0.0,0.987749,0.19900946,0.0051598805,0.018618533,-0.0050324956,0.103,-0.044,-0.11,0.0
665,2,7988,1.0208783,0.0009782858,0.08390491,-8.326673e-17,-0.008533806,0.103,0.0,0.33,0.0,0.987749,0.19900946,0.0051598805,0.018618533,-0.0050324956,0.103,-0.066,-0.132,0.0
666,0,7992,1.0208783,0.0009782858,0.08390491,-8.326673e-17,-0.008533806,0.103,0.0,0.308,0.0,0.987749,0.19900946,0.0051598805,0.018618533,-0.0050324956,0.103,-0.088,-0.154,0.0
666,1,7996,1.0208783,0.0009782858,0.08390491,-8.326673e-17,-0.008533806,0.103,0.0,0.286,0.0,0.987749,0.19900946,0.0051598805,0.018618533,-0.0050324956,0.103,-0.11,-0.176,0.0
666,2,8000,1.0208783,0.0009782858,0.08390491,-8.326673e-17,-0.008533806,0.103,0.0,0.264,0.0,0.987749,0.19900946,0.0051598805,0.018618533,-0.0050324956,0.103,-0.132,-0.198,0.0
667,0,8004,1.0208783,0.0009782858,0.08390491,-8.326673e-17,-0.008533806,0.103,0.0,0.24200001,0.0,0.987749,0.19900946,0.0051598805,0.018618533,-0.0050324956,0.103,-0.154,-0.176,0.0
667,1,8008,1.0208783,0.0009782858,0.08390491,-8.326673e-17,-0.008533806,0.103,0.0,0.22000001,0.0,0.987749,0.19900946,0.0051598805,0.018618533,-0.0050324956,0.103,-0.176,-0.154,0.0
667,2,8012,1.0208783,0.0009782858,0.08390491,-8.326673e-17,-0.008533806,0.103,0.0,0.19800001,0.0,0.987749,0.19900946,0.0051598805,0.018618533,-0.0050324956,0.103,-0.198,-0.132,0.0
668,0,8016,1.0208783,0.0009782858,0.08390491,-8.326673e-17,-0.008533806,0.103,0.0,0.17600001,0.0,0.987749,0.19900946,0.0051598805,0.018618533,-0.0050324956,0.103,-0.176,-0.154,0.0
668,1,8020,1.0208783,0.0009782858,0.08390491,-8.326673e-17,-0.008533806,0.103,0.0,0.15400001,0.0,0.987749,0.19900946,0.0051598805,0.018618533,-0.0050324956,0.103,-0.154,-0.176,0.0
668,2,8024,1.0208783,0.0009782858,0.08390491,-8.326673e-17,-0.008533806,0.103,0.0,0.13200001,0.0,0.987749,0.19900946,0.0051598805,0.018618533,-0.0050324956,0.103,-0.132,-0.198,0.0
669,0,8028,1.0208783,0.0009782858,0.08390491,-8.326673e-17,-0.008533806,0.103,0.0,0.11000001,0.07333333,0.987749,0.19900946,0.0051598805,0.018618533,-0.0050324956,0.103,-0.11,-0.22,0.0
669,1,8032,1.0208783,0.0009782858,0.08390491,-8.326673e-17,-0.008533806,0.103,0.0,0.08800001,0.14666666,0.987749,0.19900946,0.0051598805,0.018618533,-0.0050324956,0.103,-0.088,-0.242,0.0
669,2,8036,1.0208783,0.0009782858,0.08390491,-8.326673e-17,-0.008533806,0.103,0.0,0.06600001,0.22,0.987749,0.19900946,0.0051598805,0.018618533,-0.0050324956,0.103,-0.066,-0.264,0.0
670,0,8040,1.0208783,0.0009782858,0.08390491,-8.326673e-17,-0.008533806,0.103,0.0,0.044000007,0.29333332,0.987749,0.19900946,0.0051598805,0.018618533,-0.0050324956,0.103,-0.044,-0.286,0.0
670,1,8044,1.0208783,0.0009782858,0.08390491,-8.326673e-17,-0.008533806,0.103,0.0,0.022000007,0.36666667,0.987749,0.19900946,0.0051598805,0.018618533,-0.0050324956,0.103,-0.022,-0.308,0.0
670,2,8048,1.0208783,0.0009782858,0.08390491,-8.326673e-17,-0.008533806,0.103,0.0,6.7940005e-09,0.44,0.987749,0.19900946,0.0051598805,0.018618533,-0.0050324956,0.103,0.0,-0.33,0.0
671,0,8052,1.0208783,0.0009782858,0.08390491,-8.326673e-17,-0.008533806,0.103,0.022,0.0,0.36666667,0.987749,0.19900946,0.0051598805,0.018618533,-0.0050324956,0.103,0.0,-0.308,0.0
671,1,8056,1.0208783,0.0009782858,0.08390491,-8.326673e-17,-0.008533806,0.103,0.044,0.0,0.29333332,0.987749,0.19900946,0.0051598805,0.018618533,-0.0050324956,0.103,0.0,-0.286,0.0
671,2,8060,1.0208783,0.0009782858,0.08390491,-8.326673e-17,-0.008533806,0.103,0.066,0.0,0.22,0.987749,0.19900946,0.0051598805,0.018618533,-0.0050324956,0.103,0.0,-0.264,0.0
672,0,8064,1.0208783,0.0009782858,0.08390491,-8.326673e-17,-0.008533806,0.103,0.088,0.0,0.14666666,0.987749,0.19900946,0.0051598805,0.018618533,-0.0050324956,0.103,0.0,-0.242,0.0
672,1,8068,1.0208783,0.0009782858,0.08390491,-8.326673e-17,-0.008533806,0.103,0.11,0.0,0.07333333,0.987749,0.19900946,0.0051598805,0.018618533,-0.0050324956,0.103,0.0,-0.22,0.0
672,2,8072,1.0208783,0.0009782858,0.08390491,-8.326673e-17,-0.008533806,0.103,0.132,0.0,0.0,0.987749,0.19900946,0.0051598805,0.018618533,-0.0050324956,0.103,0.0,-0.198,0.0
673,0,8076,1.0208783,0.0009782858,0.08390491,-8.326673e-17,-0.008533806,0.103,0.154,0.0,0.0,0.987749,0.19900946,0.0051598805,0.018618533,-0.0050324956,0.103,0.0,-0.176,0.0
673,1,8080,1.0208783,0.0009782858,0.08390491,-8.326673e-17,-0.008533806,0.103,0.176,0.0,0.0,0.987749,0.19900946,0.0051598805,0.018618533,-0.0050324956,0.103,0.0,-0.154,0.0
673,2,8084,1.0208783,0.0009782858,0.08390491,-8.326673e-17,-0.008533806,0.103,0.198,0.0,0.0,0.987749,0.19900946,0.0051598805,0.018618533,-0.0050324956,0.103,0.0,-0.132,0.0
674,0,8088,1.0208783,0.0009782858,0.08390491,-8.326673e-17,-0.008533806,0.103,0.22,0.0,0.0,0.9620823,0.19900946,0.0051598805,0.018618533,-0.0050324956,0.103,0.0,-0.11,0.0
674,1,8092,1.0208783,0.0009782858,0.08390491,-8.326673e-17,-0.008533806,0.103,0.242,0.0,0.0,0.9364157,0.19900946,0.0051598805,0.018618533,-0.0050324956,0.103,0.0,-0.088,0.0
674,2,8096,1.0208783,0.0009782858,0.08390491,-8.326673e-17,-0.008533806,0.103,0.264,0.0,0.0,0.91074896,0.19900946,0.0051598805,0.018618533,-0.0050324956,0.103,0.0,-0.066,0.0
675,0,8100,1.0208783,0.0009782858,0.08390491,-8.326673e-17,-0.008533806,0.103,0.286,0.0,0.0,0.91074896,0.19900946,0.0051598805,0.018618533,-0.0050324956,0.103,0.0,-0.044,0.0
675,1,8104,1.0208783,0.0009782858,0.08390491,-8.326673e-17,-0.008533806,0.103,0.308,0.0,0.0,0.91074896,0.19900946,0.0051598805,0.018618533,-0.0050324956,0.103,0.0,-0.022,0.0
675,2,8108,1.0208783,0.0009782858,0.08390491,-8.326673e-17,-0.008533806,0.103,0.33,0.0,0.0,0.91074896,0.19900946,0.0051598805,0.018618533,-0.0050324956,0.103,0.0,0.0,0.0
676,0,8112,1.0208783,0.0009782858,0.08390491,-8.326673e-17,-0.008533806,0.103,0.352,0.0,0.0,0.91074896,0.19900946,0.0051598805,0.018618533,-0.0050324956,0.103,0.0,0.0,0.0
676,1,8116,1.0208783,0.0009782858,0.08390491,-8.326673e-17,-0.008533806,0.103,0.374,0.0,0.0,0.91074896,0.19900946,0.0051598805,0.018618533,-0.0050324956,0.103,0.0,0.0,0.0
676,2,8120,1.0208783,0.0009782858,0.08390491,-8.326673e-17,-0.008533806,0.103,0.396,0.0,0.0,0.91074896,0.19900946,0.0051598805,0.018618533,-0.0050324956,0.103,0.0,0.0,0.0
677,0,8124,1.0208783,0.0009782858,0.08390491,-8.326673e-17,-0.008533806,0.103,0.374,0.022,0.0,0.91074896,0.19900946,0.0051598805,0.018618533,-0.0050324956,0.103,0.0,0.0,0.0
677,1,8128,1.0208783,0.0009782858,0.08390491,-8.326673e-17,-0.008533806,0.103,0.352,0.044,0.0,0.91074896,0.19900946,0.0051598805,0.018618533,-0.0050324956,0.103,0.0,0.0,0.0
677,2,8132,1.0208783,0.0009782858,0.08390491,-8.326673e-17,-0.008533806,0.103,0.33,0.066,0.0,0.91074896,0.19900946,0.0051598805,0.018618533,-0.0050324956,0.103,0.0,0.0,0.0
678,0,8136,1.0208783,0.0009782858,0.08390491,-8.326673e-17,-0.008533806,0.103,0.308,0.088,0.0,0.91074896,0.19900946,0.0051598805,0.018618533,-0.0050324956,0.103,0.0,0.0,0.0
678,1,8140,1.0208783,0.0009782858,0.08390491,-8.326673e-17,-0.008533806,0.103,0.286,0.11,0.0,0.91074896,0.19900946,0.0051598805,0.018618533,-0.0050324956,0.103,0.0,0.0,0.0
678,2,8144,1.0208783,0.0009782858,0.08390491,-8.326673e-17,-0.008533806,0.103,0.264,0.132,0.0,0.91074896,0.19900946,0.0051598805,0.018618533,-0.0050324956,0.103,0.0,0.0,0.0
679,0,8148,1.0208783,0.0009782858,0.08390491,-8.326673e-17,-0.008533806,0.103,0.242,0.154,0.0,0.91074896,0.19900946,0.0051598805,0.018618533,-0.0050324956,0.103,0.0,0.022,0.0
679,1,8152,1.0208783,0.0009782858,0.08390491,-8.326673e-17,-0.008533806,0.103,0.22,0.176,0.0,0.91074896,0.19900946,0.0051598805,0.018618533,-0.0050324956,0.103,0.0,0.044,0.0
679,2,8156,1.0208783,0.0009782858,0.08390491,-8.326673e-17,-0.008533806,0.103,0.198,0.198,0.0,0.91074896,0.19900946,0.0051598805,0.018618533,-0.0050324956,0.103,0.0,0.066,0.0
680,0,8160,1.0208783,0.0009782858,0.08390491,-8.326673e-17,-0.008533806,0.103,0.176,0.176,0.0,0.91074896,0.19900946,0.0051598805,0.018618533,-0.0050324956,0.103,0.0,0.088,0.0
680,1,8164,1.0208783,0.0009782858,0.08390491,-8.326673e-17,-0.008533806,0.103,0.154,0.154,0.0,0.91074896,0.19900946,0.0051598805,0.018618533,-0.0050324956,0.103,0.0,0.11,0.0
680,2,8168,1.0208783,0.0009782858,0.08390491,-8.326673e-17,-0.008533806,0.103,0.132,0.132,0.0,0.91074896,0.19900946,0.0051598805,0.018618533,-0.0050324956,0.103,0.0,0.132,0.0
681,0,8172,1.0208783,0.0009782858,0.08390491,-8.326673e-17,-0.008533806,0.103,0.11,0.11,0.0,0.91074896,0.19900946,0.0051598805,0.018618533,-0.0050324956,0.103,0.022,0.154,0.0
681,1,8176,1.0208783,0.0009782858,0.08390491,-8.326673e-17,-0.008533806,0.103,0.088,0.088,0.0,0.91074896,0.19900946,0.0051598805,0.018618533,-0.0050324956,0.103,0.044,0.176,0.0
681,2,8180,1.0208783,0.0009782858,0.08390491,-8.326673e-17,-0.008533806,0.103,0.066,0.066,0.0,0.91074896,0.19900946,0.0051598805,0.018618533,-0.0050324956,0.103,0.066,0.198,0.0
682,0,8184,1.0208783,0.0009782858,0.08390491,-8.326673e-17,-0.008533806,0.103,0.044,0.044,0.0,0.91074896,0.19900946,0.0051598805,0.018618533,-0.0050324956,0.103,0.044,0.176,0.0
682,1,8188,1.0208783,0.0009782858,0.08390491,-8.326673e-17,-0.008533806,0.103,0.022,0.022,0.0,0.91074896,0.19900946,0.0051598805,0.018618533,-0.0050324956,0.103,0.022,0.154,0.0
682,2,8192,1.0208783,0.0009782858,0.08390491,-8.326673e-17,-0.008533806,0.103,0.0,0.0,0.0,0.91074896,0.19900946,0.0051598805,0.018618533,-0.0050324956,0.103,0.0,0.132,0.0
683,0,8196,0.99521166,0.0009782858,0.08390491,-8.326673e-17,-0.008533806,0.103,0.0,0.0,0.0,0.91074896,0.19900946,0.0051598805,0.018618533,-0.0050324956,0.103,0.0,0.11,0.0
683,1,8200,0.96954495,0.0009782858,0.08390491,-8.326673e-17,-0.008533806,0.103,0.0,0.0,0.0,0.91074896,0.19900946,0.0051598805,0.018618533,-0.0050324956,0.103,0.0,0.088,0.0
683,2,8204,0.9438783,0.0009782858,0.08390491,-8.326673e-17,-0.008533806,0.103,0.0,0.0,0.0,0.91074896,0.19900946,0.0051598805,0.018618533,-0.0050324956,0.103,0.0,0.066,0.0
684,0,8208,0.9438783,0.0009782858,0.08390491,-8.326673e-17,-0.008533806,0.103,0.0,0.0,0.0,0.91074896,0.19900946,0.0051598805,0.018618533,-0.0050324956,0.103,0.0,0.044,0.0
684,1,8212,0.9438783,0.0009782858,0.08390491,-8.326673e-17,-0.008533806,0.103,0.0,0.0,0.0,0.91074896,0.19900946,0.0051598805,0.018618533,-0.0050324956,0.103,0.0,0.022,0.0
684,2,8216,0.9438783,0.0009782858,0.08390491,-8.326673e-17,-0.008533806,0.103,0.0,0.0,0.0,0.91074896,0.19900946,0.0051598805,0.018618533,-0.0050324956,0.103,0.0,0.0,0.0
685,0,8220,0.91821164,0.0009782858,0.08390491,-8.326673e-17,-0.008533806,0.103,0.0,0.0,0.0,0.91074896,0.19900946,0.0051598805,0.018618533,-0.0050324956,0.103,0.0,0.0,0.0
685,1,8224,0.892545,0.0009782858,0.08390491,-8.326673e-17,-0.008533806,0.103,0.0,0.0,0.0,0.91074896,0.19900946,0.0051598805,0.018618533,-0.0050324956,0.103,0.0,0.0,0.0
685,2,8228,0.86687833,0.0009782858,0.08390491,-8.326673e-17,-0.008533806,0.103,0.0,0.0,0.0,0.91074896,0.19900946,0.0051598805,0.018618533,-0.0050324956,0.103,0.0,0.0,0.0
686,0,8232,0.86687833,0.0009782858,0.08390491,-8.326673e-17,-0.008533806,0.103,0.0,0.0,0.0,0.91074896,0.19900946,0.0051598805,0.018618533,-0.0050324956,0.103,0.0,0.0,0.0
686,1,8236,0.86687833,0.0009782858,0.08390491,-8.326673e-17,-0.008533806,0.103,0.0,0.0,0.0,0.91074896,0.19900946,0.0051598805,0.018618533,-0.0050324956,0.103,0.0,0.0,0.0
686,2,8240,0.86687833,0.0009782858,0.08390491,-8.326673e-17,-0.008533806,0.103,0.0,0.0,0.0,0.91074896,0.19900946,0.0051598805,0.018618533,-0.0050324956,0.103,0.0,0.0,0.0
687,0,8244,0.86687833,0.0009782858,0.08390491,-8.326673e-17,-0.008533806,0.103,0.0,0.0,0.0,0.91074896,0.19900946,0.0051598805,0.018618533,-0.0050324956,0.103,0.0,0.0,0.0
687,1,8248,0.86687833,0.0009782858,0.08390491,-8.326673e-17,-0.008533806,0.103,0.0,0.0,0.0,0.91074896,0.19900946,0.0051598805,0.018618533,-0.0050324956,0.103,0.0,0.0,0.0
687,2,8252,0.86687833,0.0009782858,0.08390491,-8.326673e-17,-0.008533806,0.103,0.0,0.0,0.0,0.91074896,0.19900946,0.0051598805,0.018618533,-0.0050324956,0.103,0.0,0.0,0.0
688,0,8256,0.86687833,0.0009782858,0.08390491,-8.326673e-17,-0.008533806,0.103,0.0,0.0,0.0,0.91074896,0.19900946,0.0051598805,0.018618533,-0.0050324956,0.103,0.0,0.0,0.0
688,1,8260,0.86687833,0.0009782858,0.08390491,-8.326673e-17,-0.008533806,0.103,0.0,0.0,0.0,0.91074896,0.19900946,0.0051598805,0.018618533,-0.0050324956,0.103,0.0,0.0,0.0
688,2,8264,0.86687833,0.0009782858,0.08390491,-8.326673e-17,-0.008533806,0.103,0.0,0.0,0.0,0.91074896,0.19900946,0.0051598805,0.018618533,-0.0050324956,0.103,0.0,0.0,0.0
689,0,8268,0.892545,0.0009782858,0.08390491,-8.326673e-17,-0.008533806,0.103,0.0,0.0,0.0,0.91074896,0.19900946,0.0051598805,0.018618533,-0.0050324956,0.103,0.0,0.0,0.0
689,1,8272,0.91821164,0.0009782858,0.08390491,-8.326673e-17,-0.008533806,0.103,0.0,0.0,0.0,0.91074896,0.19900946,0.0051598805,0.018618533,-0.0050324956,0.103,0.0,0.0,0.0
689,2,8276,0.9438783,0.0009782858,0.08390491,-8.326673e-17,-0.008533806,0.103,0.0,0.0,0.0,0.91074896,0.19900946,0.0051598805,0.018618533,-0.0050324956,0.103,0.0,0.0,0.0
690,0,8280,0.96954495,0.0009782858,0.08390491,-8.326673e-17,-0.008533806,0.103,0.0,0.0,0.0,0.91074896,0.19900946,0.0051598805,0.018618533,-0.0050324956,0.103,0.0,0.0,0.0
690,1,8284,0.99521166,0.0009782858,0.08390491,-8.326673e-17,-0.008533806,0.103,0.0,0.0,0.0,0.91074896,0.19900946,0.0051598805,0.018618533,-0.0050324956,0.103,0.0,0.0,0.0
690,2,8288,1.0208783,0.0009782858,0.08390491,-8.326673e-17,-0.008533806,0.103,0.0,0.0,0.0,0.91074896,0.19900946,0.0051598805,0.018618533,-0.0050324956,0.103,0.0,0.0,0.0
691,0,8292,1.046545,0.0009782858,0.08390491,-8.326673e-17,-0.008533806,0.103,0.0,0.0,0.0,0.91074896,0.19900946,0.0051598805,0.018618533,-0.0050324956,0.103,0.022,0.0,0.0
691,1,8296,1.0722116,0.0009782858,0.08390491,-8.326673e-17,-0.008533806,0.103,0.0,0.0,0.0,0.91074896,0.19900946,0.0051598805,0.018618533,-0.0050324956,0.103,0.044,0.0,0.0
691,2,8300,1.0978783,0.0009782858,0.08390491,-8.326673e-17,-0.008533806,0.103,0.0,0.0,0.0,0.91074896,0.19900946,0.0051598805,0.018618533,-0.0050324956,0.103,0.066,0.0,0.0
692,0,8304,1.0978783,0.0009782858,0.08390491,-8.326673e-17,-0.008533806,0.103,0.0,0.0,0.0,0.91074896,0.19900946,0.0051598805,0.018618533,-0.0050324956,0.103,0.088,0.0,0.0
692,1,8308,1.0978783,0.0009782858,0.08390491,-8.326673e-17,-0.008533806,0.103,0.0,0.0,0.0,0.91074896,0.19900946,0.0051598805,0.018618533,-0.0050324956,0.103,0.11,0.0,0.0
692,2,8312,1.0978783,0.0009782858,0.08390491,-8.326673e-17,-0.008533806,0.103,0.0,0.0,0.0,0.91074896,0.19900946,0.0051598805,0.018618533,-0.0050324956,0.103,0.132,0.0,0.0
693,0,8316,1.0978783,0.0009782858,0.08390491,-8.326673e-17,-0.008533806,0.103,0.0,0.0,0.0,0.91074896,0.19900946,0.0051598805,0.018618533,-0.0050324956,0.103,0.11,0.0,0.0
693,1,8320,1.0978783,0.0009782858,0.08390491,-8.326673e-17,-0.008533806,0.103,0.0,0.0,0.0,0.91074896,0.19900946,0.0051598805,0.018618533,-0.0050324956,0.103,0.088,0.0,0.0
693,2,8324,1.0978783,0.0009782858,0.08390491,-8.326673e-17,-0.008533806,0.103,0.0,0.0,0.0,0.91074896,0.19900946,0.0051598805,0.018618533,-0.0050324956,0.103,0.066,0.0,0.0
694,0,8328,1.0978783,0.0009782858,0.08390491,-8.326673e-17,-0.008533806,0.103,0.0,0.0,0.0,0.91074896,0.19900946,0.0051598805,0.018618533,-0.0050324956,0.103,0.044,0.0,0.0
694,1,8332,1.0978783,0.0009782858,0.08390491,-8.326673e-17,-0.008533806,0.103,0.0,0.0,0.0,0.91074896,0.19900946,0.0051598805,0.018618533,-0.0050324956,0.103,0.022,0.0,0.0
694,2,8336,1.0978783,0.0009782858,0.08390491,-8.326673e-17,-0.008533806,0.103,0.0,0.0,0.0,0.91074896,0.19900946,0.0051598805,0.018618533,-0.0050324956,0.103,0.0,0.0,0.0
695,0,8340,1.0978783,0.021144953,0.08390491,0.09166667,-0.008533806,0.103,0.0,0.0,0.0,0.91074896,0.19900946,0.0051598805,0.018618533,-0.0050324956,0.103,0.0,0.0,0.0
695,1,8344,1.0978783,0.041311618,0.08390491,0.18333334,-0.008533806,0.103,0.0,0.0,0.0,0.91074896,0.19900946,0.0051598805,0.018618533,-0.0050324956,0.103,0.0,0.0,0.0
695,2,8348,1.0978783,0.061478287,0.08390491,0.275,-0.008533806,0.103,0.0,0.0,0.0,0.91074896,0.19900946,0.0051598805,0.018618533,-0.0050324956,0.103,0.0,0.0,0.0
696,0,8352,1.0978783,0.08164495,0.08390491,0.36666667,-0.008533806,0.103,0.0,0.0,0.0,0.91074896,0.19900946,0.0051598805,0.018618533,-0.0050324956,0.103,0.0,-0.022,0.0
696,1,8356,1.0978783,0.10181162,0.08390491,0.45833334,-0.008533806,0.103,0.0,0.0,0.0,0.91074896,0.19900946,0.0051598805,0.018618533,-0.0050324956,0.103,0.0,-0.044,0.0
696,2,8360,1.0978783,0.12197828,0.08390491,0.55,-0.008533806,0.103,0.0,0.0,0.0,0.91074896,0.19900946,0.0051598805,0.018618533,-0.0050324956,0.103,0.0,-0.066,0.0
697,0,8364,1.0978783,0.14214495,0.08390491,0.64166665,-0.008533806,0.103,0.0,0.0,0.0,0.91074896,0.19900946,0.0051598805,0.018618533,-0.0050324956,0.103,0.0,-0.088,0.0
697,1,8368,1.0978783,0.16231161,0.08390491,0.73333335,-0.008533806,0.103,0.0,0.0,0.0,0.91074896,0.19900946,0.0051598805,0.018618533,-0.0050324956,0.103,0.0,-0.11,0.0
697,2,8372,1.0978783,0.18247828,0.08390491,0.825,-0.008533806,0.103,0.0,0.0,0.0,0.91074896,0.19900946,0.0051598805,0.018618533,-0.0050324956,0.103,0.0,-0.132,0.0
698,0,8376,1.0978783,0.18247828,0.08390491,0.825,-0.008533806,0.103,0.0,0.0,0.0,0.91074896,0.19900946,0.0051598805,0.018618533,-0.0050324956,0.103,0.0,-0.154,0.0
698,1,8380,1.0978783,0.18247828,0.08390491,0.825,-0.008533806,0.103,0.0,0.0,0.0,0.91074896,0.19900946,0.0051598805,0.018618533,-0.0050324956,0.103,0.0,-0.176,0.0
698,2,8384,1.0978783,0.18247828,0.08390491,0.825,-0.008533806,0.103,0.0,0.0,0.0,0.91074896,0.19900946,0.0051598805,0.018618533,-0.0050324956,0.103,0.0,-0.198,0.0
699,0,8388,1.0978783,0.18247828,0.08390491,0.825,-0.008533806,0.103,0.0,0.0,0.0,0.91074896,0.19900946,0.0051598805,0.018618533,-0.0050324956,0.103,0.0,-0.176,0.0
699,1,8392,1.0978783,0.18247828,0.08390491,0.825,-0.008533806,0.103,0.0,0.0,0.0,0.91074896,0.19900946,0.0051598805,0.018618533,-0.0050324956,0.103,0.0,-0.154,0.0
699,2,8396,1.0978783,0.18247828,0.08390491,0.825,-0.008533806,0.103,0.0,0.0,0.0,0.91074896,0.19900946,0.0051598805,0.018618533,-0.0050324956,0.103,0.0,-0.132,0.0
700,0,8400,1.0978783,0.18247828,0.08390491,0.825,-0.008533806,0.103,0.0,0.0,0.0,0.91074896,0.19900946,0.0051598805,0.018618533,-0.0050324956,0.103,0.0,-0.11,0.0
700,1,8404,1.0978783,0.18247828,0.08390491,0.825,-0.008533806,0.103,0.0,0.0,0.0,0.91074896,0.19900946,0.0051598805,0.018618533,-0.0050324956,0.103,0.0,-0.088,0.0
700,2,8408,1.0978783,0.18247828,0.08390491,0.825,-0.008533806,0.103,0.0,0.0,0.0,0.91074896,0.19900946,0.0051598805,0.018618533,-0.0050324956,0.103,0.0,-0.066,0.0
701,0,8412,1.0978783,0.18247828,0.08390491,0.825,-0.008533806,0.103,0.0,0.0,0.0,0.91074896,0.19900946,0.0051598805,0.018618533,-0.0050324956,0.103,-0.022,-0.044,0.0
701,1,8416,1.0978783,0.18247828,0.08390491,0.825,-0.008533806,0.103,0.0,0.0,0.0,0.91074896,0.19900946,0.0051598805,0.018618533,-0.0050324956,0.103,-0.044,-0.022,0.0
701,2,8420,1.0978783,0.18247828,0.08390491,0.825,-0.008533806,0.103,0.0,0.0,0.0,0.91074896,0.19900946,0.0051598805,0.018618533,-0.0050324956,0.103,-0.066,2.0816682e-17,0.0
702,0,8424,1.0978783,0.18247828,0.08390491,0.825,-0.008533806,0.103,0.0,0.0,0.0,0.91074896,0.19900946,0.0051598805,0.018618533,-0.0050324956,0.103,-0.044,0.0,0.0
702,1,8428,1.0978783,0.18247828,0.08390491,0.825,-0.008533806,0.103,0.0,0.0,0.0,0.91074896,0.19900946,0.0051598805,0.018618533,-0.0050324956,0.103,-0.022,0.0,0.0
702,2,8432,1.0978783,0.18247828,0.08390491,0.825,-0.008533806,0.103,0.0,0.0,0.0,0.91074896,0.19900946,0.0051598805,0.018618533,-0.0050324956,0.103,0.0,0.0,0.0
703,0,8436,1.1235449,0.18247828,0.08390491,0.825,-0.008533806,0.103,0.0,0.0,0.0,0.91074896,0.19900946,0.0051598805,0.018618533,-0.0050324956,0.103,0.0,0.0,0.0
703,1,8440,1.1492116,0.18247828,0.08390491,0.825,-0.008533806,0.103,0.0,0.0,0.0,0.91074896,0.19900946,0.0051598805,0.018618533,-0.0050324956,0.103,0.0,0.0,0.0
703,2,8444,1.1748784,0.18247828,0.08390491,0.825,-0.008533806,0.103,0.0,0.0,0.0,0.91074896,0.19900946,0.0051598805,0.018618533,-0.0050324956,0.103,0.0,0.0,0.0
704,0,8448,1.2,0.18247828,0.08390491,0.825,-0.008533806,0.103,0.0,0.0,0.0,0.91074896,0.19900946,0.0051598805,0.018618533,-0.0050324956,0.103,0.0,0.0,0.0
704,1,8452,1.2,0.18247828,0.08390491,0.825,-0.008533806,0.103,0.0,0.0,0.0,0.91074896,0.19900946,0.0051598805,0.018618533,-0.0050324956,0.103,0.0,0.0,0.0
704,2,8456,1.2,0.18247828,0.08390491,0.825,-0.008533806,0.103,0.0,0.0,0.0,0.91074896,0.19900946,0.0051598805,0.018618533,-0.0050324956,0.103,0.0,0.0,0.0
705,0,8460,1.2,0.18247828,0.08390491,0.825,-0.008533806,0.103,0.0,0.0,0.0,0.9364157,0.19900946,0.0051598805,0.018618533,-0.0050324956,0.103,0.0,0.0,0.0
705,1,8464,1.2,0.18247828,0.08390491,0.825,-0.008533806,0.103,0.0,0.0,0.0,0.9620823,0.19900946,0.0051598805,0.018618533,-0.0050324956,0.103,0.0,0.0,0.0
705,2,8468,1.2,0.18247828,0.08390491,0.825,-0.008533806,0.103,0.0,0.0,0.0,0.987749,0.19900946,0.0051598805,0.018618533,-0.0050324956,0.103,0.0,0.0,0.0
706,0,8472,1.2,0.18247828,0.08390491,0.825,-0.008533806,0.103,0.0,0.0,0.0,0.987749,0.19900946,0.0051598805,0.018618533,-0.0050324956,0.103,0.0,0.0,0.0
706,1,8476,1.2,0.18247828,0.08390491,0.825,-0.008533806,0.103,0.0,0.0,0.0,0.987749,0.19900946,0.0051598805,0.018618533,-0.0050324956,0.103,0.0,0.0,0.0
706,2,8480,1.2,0.18247828,0.08390491,0.825,-0.008533806,0.103,0.0,0.0,0.0,0.987749,0.19900946,0.0051598805,0.018618533,-0.0050324956,0.103,0.0,0.0,0.0
707,0,8484,1.2,0.18247828,0.08390491,0.825,-0.008533806,0.103,0.0,-0.022,0.0,0.987749,0.19900946,0.0051598805,0.018618533,-0.0050324956,0.103,0.0,0.0,0.0
707,1,8488,1.2,0.18247828,0.08390491,0.825,-0.008533806,0.103,0.0,-0.044,0.0,0.987749,0.19900946,0.0051598805,0.018618533,-0.0050324956,0.103,0.0,0.0,0.0
707,2,8492,1.2,0.18247828,0.08390491,0.825,-0.008533806,0.103,0.0,-0.066,0.0,0.987749,0.19900946,0.0051598805,0.018618533,-0.0050324956,0.103,0.0,0.0,0.0
708,0,8496,1.2,0.18247828,0.08390491,0.825,-0.008533806,0.103,0.0,-0.088,0.0,0.987749,0.19900946,0.0051598805,0.018618533,-0.0050324956,0.103,0.0,0.022,0.0
708,1,8500,1.2,0.18247828,0.08390491,0.825,-0.008533806,0.103,0.0,-0.11,0.0,0.987749,0.19900946,0.0051598805,0.018618533,-0.0050324956,0.103,0.0,0.044,0.0
708,2,8504,1.2,0.18247828,0.08390491,0.825,-0.008533806,0.103,0.0,-0.132,0.0,0.987749,0.19900946,0.0051598805,0.018618533,-0.0050324956,0.103,0.0,0.066,0.0
709,0,8508,1.2,0.18247828,0.08390491,0.825,-0.008533806,0.103,0.0,-0.154,0.07333333,0.987749,0.19900946,0.0051598805,0.018618533,-0.0050324956,0.103,0.0,0.088,0.0
709,1,8512,1.2,0.18247828,0.08390491,0.825,-0.008533806,0.103,0.0,-0.176,0.14666666,0.987749,0.19900946,0.0051598805,0.018618533,-0.0050324956,0.103,0.0,0.11,0.0
709,2,8516,1.2,0.18247828,0.08390491,0.825,-0.008533806,0.103,0.0,-0.198,0.22,0.987749,0.19900946,0.0051598805,0.018618533,-0.0050324956,0.103,0.0,0.132,0.0
710,0,8520,1.2,0.18247828,0.08390491,0.825,-0.008533806,0.103,0.0,-0.22,0.29333332,0.987749,0.19900946,0.0051598805,0.018618533,-0.0050324956,0.103,0.0,0.154,0.0
710,1,8524,1.2,0.18247828,0.08390491,0.825,-0.008533806,0.103,0.0,-0.242,0.36666667,0.987749,0.19900946,0.0051598805,0.018618533,-0.0050324956,0.103,0.0,0.176,0.0
710,2,8528,1.2,0.18247828,0.08390491,0.825,-0.008533806,0.103,0.0,-0.264,0.44,0.987749,0.19900946,0.0051598805,0.018618533,-0.0050324956,0.103,0.0,0.198,0.0
711,0,8532,1.2,0.18247828,0.08390491,0.825,-0.008533806,0.103,0.0,-0.286,0.5133333,0.987749,0.19900946,0.0051598805,0.018618533,-0.0050324956,0.103,0.0,0.22,0.0
711,1,8536,1.2,0.18247828,0.08390491,0.825,-0.008533806,0.103,0.0,-0.308,0.58666664,0.987749,0.19900946,0.0051598805,0.018618533,-0.0050324956,0.103,0.0,0.242,0.0
711,2,8540,1.2,0.18247828,0.08390491,0.825,-0.008533806,0.103,0.0,-0.33,0.66,0.987749,0.19900946,0.0051598805,0.018618533,-0.0050324956,0.103,0.0,0.264,0.0
712,0,8544,1.2,0.18247828,0.08390491,0.825,-0.008533806,0.103,0.0,-0.352,0.73333335,0.987749,0.19900946,0.0051598805,0.018618533,-0.0050324956,0.103,0.0,0.286,0.0
712,1,8548,1.2,0.18247828,0.08390491,0.825,-0.008533806,0.103,0.0,-0.374,0.8066667,0.987749,0.19900946,0.0051598805,0.018618533,-0.0050324956,0.103,0.0,0.308,0.0
712,2,8552,1.2,0.18247828,0.08390491,0.825,-0.008533806,0.103,0.0,-0.396,0.88,0.987749,0.19900946,0.0051598805,0.018618533,-0.0050324956,0.103,0.0,0.33,0.0
713,0,8556,1.2,0.18247828,0.08390491,0.825,-0.008533806,0.103,0.0,-0.374,0.8066667,0.987749,0.19900946,0.0051598805,0.018618533,-0.0050324956,0.103,0.0,0.352,0.0
713,1,8560,1.2,0.18247828,0.08390491,0.825,-0.008533806,0.103,0.0,-0.352,0.73333335,0.987749,0.19900946,0.0051598805,0.018618533,-0.0050324956,0.103,0.0,0.374,0.0
713,2,8564,1.2,0.18247828,0.08390491,0.825,-0.008533806,0.103,0.0,-0.33,0.66,0.987749,0.19900946,0.0051598805,0.018618533,-0.0050324956,0.103,0.0,0.396,0.0
714,0,8568,1.2,0.18247828,0.08390491,0.825,-0.008533806,0.103,-0.022,-0.308,0.58666664,0.987749,0.19900946,0.0051598805,0.018618533,-0.0050324956,0.103,0.0,0.418,0.0
714,1,8572,1.2,0.18247828,0.08390491,0.825,-0.008533806,0.103,-0.044,-0.286,0.5133333,0.987749,0.19900946,0.0051598805,0.018618533,-0.0050324956,0.103,0.0,0.44,0.0
714,2,8576,1.2,0.18247828,0.08390491,0.825,-0.008533806,0.103,-0.066,-0.264,0.44,0.987749,0.19900946,0.0051598805,0.018618533,-0.0050324956,0.103,0.0,0.462,0.0
715,0,8580,1.2,0.18247828,0.08390491,0.825,-0.008533806,0.103,-0.088,-0.242,0.36666667,0.987749,0.19900946,0.0051598805,0.018618533,-0.0050324956,0.103,0.022,0.44,0.0
715,1,8584,1.2,0.18247828,0.08390491,0.825,-0.008533806,0.103,-0.11,-0.22,0.29333332,0.987749,0.19900946,0.0051598805,0.018618533,-0.0050324956,0.103,0.044,0.418,0.0
715,2,8588,1.2,0.18247828,0.08390491,0.825,-0.008533806,0.103,-0.132,-0.198,0.22,0.987749,0.19900946,0.0051598805,0.018618533,-0.0050324956,0.103,0.066,0.396,0.0
716,0,8592,1.2,0.18247828,0.08390491,0.825,-0.008533806,0.103,-0.154,-0.176,0.14666666,0.987749,0.19900946,0.0051598805,0.018618533,-0.0050324956,0.103,0.044,0.418,0.0
716,1,8596,1.2,0.18247828,0.08390491,0.825,-0.008533806,0.103,-0.176,-0.154,0.07333333,0.987749,0.19900946,0.0051598805,0.018618533,-0.0050324956,0.103,0.022,0.44,0.0
716,2,8600,1.2,0.18247828,0.08390491,0.825,-0.008533806,0.103,-0.198,-0.132,0.0,0.987749,0.19900946,0.0051598805,0.018618533,-0.0050324956,0.103,0.0,0.462,0.0
717,0,8604,1.2,0.18247828,0.08390491,0.825,-0.008533806,0.103,-0.22,-0.11,0.0,0.987749,0.19900946,0.0051598805,0.018618533,-0.0050324956,0.103,0.022,0.44,0.0
717,1,8608,1.2,0.18247828,0.08390491,0.825,-0.008533806,0.103,-0.242,-0.088,0.0,0.987749,0.19900946,0.0051598805,0.018618533,-0.0050324956,0.103,0.044,0.418,0.0
717,2,8612,1.2,0.18247828,0.08390491,0.825,-0.008533806,0.103,-0.264,-0.066,0.0,0.987749,0.19900946,0.0051598805,0.018618533,-0.0050324956,0.103,0.066,0.396,0.0
718,0,8616,1.2,0.18247828,0.08390491,0.825,-0.008533806,0.103,-0.286,-0.044,0.0,0.987749,0.19900946,0.0051598805,0.018618533,-0.0050324956,0.103,0.088,0.374,0.0
718,1,8620,1.2,0.18247828,0.08390491,0.825,-0.008533806,0.103,-0.308,-0.022,0.0,0.987749,0.19900946,0.0051598805,0.018618533,-0.0050324956,0.103,0.11,0.352,0.0
718,2,8624,1.2,0.18247828,0.08390491,0.825,-0.008533806,0.103,-0.33,0.0,0.0,0.987749,0.19900946,0.0051598805,0.018618533,-0.0050324956,0.103,0.132,0.33,0.0
719,0,8628,1.2,0.18247828,0.08390491,0.825,-0.008533806,0.103,-0.352,0.0,0.0,0.987749,0.19900946,0.0051598805,0.018618533,-0.0050324956,0.103,0.154,0.308,0.0
719,1,8632,1.2,0.18247828,0.08390491,0.825,-0.008533806,0.103,-0.374,0.0,0.0,0.987749,0.19900946,0.0051598805,0.018618533,-0.0050324956,0.103,0.176,0.286,0.0
719,2,8636,1.2,0.18247828,0.08390491,0.825,-0.008533806,0.103,-0.396,0.0,0.0,0.987749,0.19900946,0.0051598805,0.018618533,-0.0050324956,0.103,0.198,0.264,0.0
720,0,8640,1.2,0.18247828,0.08390491,0.825,-0.008533806,0.103,-0.418,0.0,0.0,0.987749,0.19900946,0.0051598805,0.018618533,-0.0050324956,0.103,0.22,0.242,0.0
720,1,8644,1.2,0.18247828,0.08390491,0.825,-0.008533806,0.103,-0.44,0.0,0.0,0.987749,0.19900946,0.0051598805,0.018618533,-0.0050324956,0.103,0.242,0.22,0.0
720,2,8648,1.2,0.18247828,0.08390491,0.825,-0.008533806,0.103,-0.462,0.0,0.0,0.987749,0.19900946,0.0051598805,0.018618533,-0.0050324956,0.103,0.264,0.198,0.0
721,0,8652,1.2,0.18247828,0.08390491,0.825,-0.008533806,0.103,-0.44,0.0,0.0,0.987749,0.19900946,0.0051598805,0.018618533,-0.0050324956,0.103,0.286,0.176,0.0
721,1,8656,1.2,0.18247828,0.08390491,0.825,-0.008533806,0.103,-0.418,0.0,0.0,0.987749,0.19900946,0.0051598805,0.018618533,-0.0050324956,0.103,0.308,0.154,0.0
721,2,8660,1.2,0.18247828,0.08390491,0.825,-0.008533806,0.103,-0.396,0.0,0.0,0.987749,0.19900946,0.0051598805,0.018618533,-0.0050324956,0.103,0.33,0.132,0.0
722,0,8664,1.2,0.18247828,0.08390491,0.825,-0.008533806,0.103,-0.374,0.022,0.0,0.987749,0.19900946,0.0051598805,0.018618533,-0.0050324956,0.103,0.352,0.11,0.0
722,1,8668,1.2,0.18247828,0.08390491,0.825,-0.008533806,0.103,-0.352,0.044,0.0,0.987749,0.19900946,0.0051598805,0.018618533,-0.0050324956,0.103,0.374,0.088,0.0
722,2,8672,1.2,0.18247828,0.08390491,0.825,-0.008533806,0.103,-0.33,0.066,0.0,0.987749,0.19900946,0.0051598805,0.018618533,-0.0050324956,0.103,0.396,0.066,0.0
723,0,8676,1.2,0.18247828,0.08390491,0.825,-0.008533806,0.103,-0.308,0.088,0.0,0.987749,0.19900946,0.0051598805,0.018618533,-0.0050324956,0.103,0.418,0.044,0.0
723,1,8680,1.2,0.18247828,0.08390491,0.825,-0.008533806,0.103,-0.286,0.11,0.0,0.987749,0.19900946,0.0051598805,0.018618533,-0.0050324956,0.103,0.44,0.022,0.0
723,2,8684,1.2,0.18247828,0.08390491,0.825,-0.008533806,0.103,-0.264,0.132,0.0,0.987749,0.19900946,0.0051598805,0.018618533,-0.0050324956,0.103,0.462,-2.0816682e-17,0.0
724,0,8688,1.2,0.18247828,0.08390491,0.825,-0.008533806,0.103,-0.242,0.154,0.0,0.987749,0.19900946,0.0051598805,0.018618533,-0.0050324956,0.103,0.484,0.0,0.0
724,1,8692,1.2,0.18247828,0.08390491,0.825,-0.008533806,0.103,-0.22,0.176,0.0,0.987749,0.19900946,0.0051598805,0.018618533,-0.0050324956,0.103,0.506,0.0,0.0
724,2,8696,1.2,0.18247828,0.08390491,0.825,-0.008533806,0.103,-0.198,0.198,0.0,0.987749,0.19900946,0.0051598805,0.018618533,-0.0050324956,0.103,0.528,0.0,0.0
725,0,8700,1.2,0.18247828,0.08390491,0.825,-0.008533806,0.103,-0.176,0.22,0.0,0.987749,0.19900946,0.0051598805,0.018618533,-0.0050324956,0.103,0.55,0.022,0.0
725,1,8704,1.2,0.18247828,0.08390491,0.825,-0.008533806,0.103,-0.154,0.242,0.0,0.987749,0.19900946,0.0051598805,0.018618533,-0.0050324956,0.103,0.572,0.044,0.0
725,2,8708,1.2,0.18247828,0.08390491,0.825,-0.008533806,0.103,-0.132,0.264,0.0,0.987749,0.19900946,0.0051598805,0.018618533,-0.0050324956,0.103,0.594,0.066,0.0
726,0,8712,1.2,0.18247828,0.08390491,0.825,-0.008533806,0.103,-0.11,0.286,0.0,0.987749,0.19900946,0.0051598805,0.018618533,-0.0050324956,0.103,0.616,0.088,0.0
726,1,8716,1.2,0.18247828,0.08390491,0.825,-0.008533806,0.103,-0.088,0.308,0.0,0.987749,0.19900946,0.0051598805,0.018618533,-0.0050324956,0.103,0.616,0.11,0.0
726,2,8720,1.2,0.18247828,0.08390491,0.825,-0.008533806,0.103,-0.066,0.33,0.0,0.987749,0.19900946,0.0051598805,0.018618533,-0.0050324956,0.103,0.616,0.132,0.0
727,0,8724,1.2,0.18247828,0.08390491,0.825,-0.008533806,0.103,-0.044,0.308,0.0,0.987749,0.19900946,0.0051598805,0.018618533,-0.0050324956,0.103,0.594,0.154,0.0
727,1,8728,1.2,0.18247828,0.08390491,0.825,-0.008533806,0.103,-0.022,0.286,0.0,0.987749,0.19900946,0.0051598805,0.018618533,-0.0050324956,0.103,0.572,0.176,0.0
727,2,8732,1.2,0.18247828,0.08390491,0.825,-0.008533806,0.103,0.0,0.264,0.0,0.987749,0.19900946,0.0051598805,0.018618533,-0.0050324956,0.103,0.55,0.198,0.0
728,0,8736,1.2,0.18247828,0.08390491,0.825,-0.008533806,0.103,0.0,0.242,0.0,0.987749,0.19900946,0.0051598805,0.018618533,-0.0050324956,0.103,0.528,0.22,0.0
728,1,8740,1.2,0.18247828,0.08390491,0.825,-0.008533806,0.103,0.0,0.22,0.0,0.987749,0.19900946,0.0051598805,0.018618533,-0.0050324956,0.103,0.506,0.242,0.0
728,2,8744,1.2,0.18247828,0.08390491,0.825,-0.008533806,0.103,0.0,0.198,0.0,0.987749,0.19900946,0.0051598805,0.018618533,-0.0050324956,0.103,0.484,0.264,0.0
729,0,8748,1.2,0.18247828,0.08390491,0.825,-0.008533806,0.103,0.0,0.176,0.0,0.987749,0.19900946,0.0051598805,0.018618533,-0.0050324956,0.103,0.462,0.286,0.0
729,1,8752,1.2,0.18247828,0.08390491,0.825,-0.008533806,0.103,0.0,0.154,0.0,0.987749,0.19900946,0.0051598805,0.018618533,-0.0050324956,0.103,0.44,0.308,0.0
729,2,8756,1.2,0.18247828,0.08390491,0.825,-0.008533806,0.103,0.0,0.132,0.0,0.987749,0.19900946,0.0051598805,0.018618533,-0.0050324956,0.103,0.418,0.33,0.0
730,0,8760,1.2,0.18247828,0.08390491,0.825,-0.008533806,0.103,0.0,0.11,0.0,0.987749,0.19900946,0.0051598805,0.018618533,-0.0050324956,0.103,0.396,0.352,0.0
730,1,8764,1.2,0.18247828,0.08390491,0.825,-0.008533806,0.103,0.0,0.088,0.0,0.987749,0.19900946,0.0051598805,0.018618533,-0.0050324956,0.103,0.374,0.374,0.0
730,2,8768,1.2,0.18247828,0.08390491,0.825,-0.008533806,0.103,0.0,0.066,0.0,0.987749,0.19900946,0.0051598805,0.018618533,-0.0050324956,0.103,0.352,0.396,0.0
731,0,8772,1.2,0.18247828,0.08390491,0.825,-0.008533806,0.103,0.0,0.088,0.0,0.987749,0.19900946,0.0051598805,0.018618533,-0.0050324956,0.103,0.33,0.374,0.0
731,1,8776,1.2,0.18247828,0.08390491,0.825,-0.008533806,0.103,0.0,0.11,0.0,0.987749,0.19900946,0.0051598805,0.018618533,-0.0050324956,0.103,0.308,0.352,0.0
731,2,8780,1.2,0.18247828,0.08390491,0.825,-0.008533806,0.103,0.0,0.132,0.0,0.987749,0.19900946,0.0051598805,0.018618533,-0.0050324956,0.103,0.286,0.33,0.0
732,0,8784,1.2,0.18247828,0.08390491,0.825,-0.008533806,0.103,0.0,0.154,0.0,0.987749,0.19900946,0.0051598805,0.018618533,-0.0050324956,0.103,0.264,0.308,0.0
732,1,8788,1.2,0.18247828,0.08390491,0.825,-0.008533806,0.103,0.0,0.176,0.0,0.987749,0.19900946,0.0051598805,0.018618533,-0.0050324956,0.103,0.242,0.286,0.0
732,2,8792,1.2,0.18247828,0.08390491,0.825,-0.008533806,0.103,0.0,0.198,0.0,0.987749,0.19900946,0.0051598805,0.018618533,-0.0050324956,0.103,0.22,0.264,0.0
733,0,8796,1.2,0.18247828,0.08390491,0.825,-0.008533806,0.103,0.0,0.22,0.0,0.987749,0.19900946,0.0051598805,0.018618533,-0.0050324956,0.103,0.198,0.242,0.0
733,1,8800,1.2,0.18247828,0.08390491,0.825,-0.008533806,0.103,0.0,0.242,0.0,0.987749,0.19900946,0.0051598805,0.018618533,-0.0050324956,0.103,0.176,0.22,0.0
733,2,8804,1.2,0.18247828,0.08390491,0.825,-0.008533806,0.103,0.0,0.264,0.0,0.987749,0.19900946,0.0051598805,0.018618533,-0.0050324956,0.103,0.154,0.198,0.0
734,0,8808,1.2,0.18247828,0.08390491,0.825,-0.008533806,0.103,0.0,0.286,0.0,0.987749,0.19900946,0.0051598805,0.018618533,-0.0050324956,0.103,0.132,0.176,0.0
734,1,8812,1.2,0.18247828,0.08390491,0.825,-0.008533806,0.103,0.0,0.308,0.0,0.987749,0.19900946,0.0051598805,0.018618533,-0.0050324956,0.103,0.11,0.154,0.0
734,2,8816,1.2,0.18247828,0.08390491,0.825,-0.008533806,0.103,0.0,0.33,0.0,0.987749,0.19900946,0.0051598805,0.018618533,-0.0050324956,0.103,0.088,0.132,0.0
735,0,8820,1.2,0.18247828,0.08390491,0.825,-0.008533806,0.103,0.0,0.352,0.0,0.987749,0.19900946,0.0051598805,0.018618533,-0.0050324956,0.103,0.066,0.11,0.0
735,1,8824,1.2,0.18247828,0.08390491,0.825,-0.008533806,0.103,0.0,0.374,0.0,0.987749,0.19900946,0.0051598805,0.018618533,-0.0050324956,0.103,0.044,0.088,0.0
735,2,8828,1.2,0.18247828,0.08390491,0.825,-0.008533806,0.103,0.0,0.396,0.0,0.987749,0.19900946,0.0051598805,0.018618533,-0.0050324956,0.103,0.022,0.066,0.0
736,0,8832,1.2,0.18247828,0.08390491,0.825,-0.008533806,0.103,0.0,0.418,0.0,0.987749,0.19900946,0.0051598805,0.018618533,-0.0050324956,0.103,0.0,0.044,0.0
736,1,8836,1.2,0.18247828,0.08390491,0.825,-0.008533806,0.103,0.0,0.44,0.0,0.987749,0.19900946,0.0051598805,0.018618533,-0.0050324956,0.103,0.0,0.022,0.0
736,2,8840,1.2,0.18247828,0.08390491,0.825,-0.008533806,0.103,0.0,0.462,0.0,0.987749,0.19900946,0.0051598805,0.018618533,-0.0050324956,0.103,0.0,0.0,0.0
737,0,8844,1.2,0.18247828,0.08390491,0.825,-0.008533806,0.103,0.0,0.484,0.0,0.987749,0.19900946,0.0051598805,0.018618533,-0.0050324956,0.103,0.022,0.0,0.0
737,1,8848,1.2,0.18247828,0.08390491,0.825,-0.008533806,0.103,0.0,0.506,0.0,0.987749,0.19900946,0.0051598805,0.018618533,-0.0050324956,0.103,0.044,0.0,0.0
737,2,8852,1.2,0.18247828,0.08390491,0.825,-0.008533806,0.103,0.0,0.528,0.0,0.987749,0.19900946,0.0051598805,0.018618533,-0.0050324956,0.103,0.066,0.0,0.0
738,0,8856,1.2,0.18247828,0.08390491,0.825,-0.008533806,0.103,0.0,0.55,0.0,0.987749,0.19900946,0.0051598805,0.018618533,-0.0050324956,0.103,0.044,0.0,0.0
738,1,8860,1.2,0.18247828,0.08390491,0.825,-0.008533806,0.103,0.0,0.572,0.0,0.987749,0.19900946,0.0051598805,0.018618533,-0.0050324956,0.103,0.022,0.0,0.0
738,2,8864,1.2,0.18247828,0.08390491,0.825,-0.008533806,0.103,0.0,0.594,0.0,0.987749,0.19900946,0.0051598805,0.018618533,-0.0050324956,0.103,0.0,0.0,0.0
739,0,8868,1.2,0.18247828,0.08390491,0.825,-0.008533806,0.103,0.0,0.616,0.0,0.987749,0.19900946,0.0051598805,0.018618533,-0.0050324956,0.103,0.0,0.0,0.0
739,1,8872,1.2,0.18247828,0.08390491,0.825,-0.008533806,0.103,0.0,0.616,0.0,0.987749,0.19900946,0.0051598805,0.018618533,-0.0050324956,0.103,0.0,0.0,0.0
739,2,8876,1.2,0.18247828,0.08390491,0.825,-0.008533806,0.103,0.0,0.616,0.0,0.987749,0.19900946,0.0051598805,0.018618533,-0.0050324956,0.103,0.0,0.0,0.0
740,0,8880,1.2,0.18247828,0.08390491,0.825,-0.008533806,0.103,0.0,0.594,0.0,0.987749,0.19900946,0.0051598805,0.018618533,-0.0050324956,0.103,0.0,0.0,0.0
740,1,8884,1.2,0.18247828,0.08390491,0.825,-0.008533806,0.103,0.0,0.572,0.0,0.987749,0.19900946,0.0051598805,0.018618533,-0.0050324956,0.103,0.0,0.0,0.0
740,2,8888,1.2,0.18247828,0.08390491,0.825,-0.008533806,0.103,0.0,0.55,0.0,0.987749,0.19900946,0.0051598805,0.018618533,-0.0050324956,0.103,0.0,0.0,0.0
741,0,8892,1.2,0.18247828,0.08390491,0.825,-0.008533806,0.103,-0.022,0.528,0.0,0.987749,0.19900946,0.0051598805,0.018618533,-0.0050324956,0.103,0.022,-0.022,0.0
741,1,8896,1.2,0.18247828,0.08390491,0.825,-0.008533806,0.103,-0.044,0.506,0.0,0.987749,0.19900946,0.0051598805,0.018618533,-0.0050324956,0.103,0.044,-0.044,0.0
741,2,8900,1.2,0.18247828,0.08390491,0.825,-0.008533806,0.103,-0.066,0.484,0.0,0.987749,0.19900946,0.0051598805,0.018618533,-0.0050324956,0.103,0.066,-0.066,0.0
742,0,8904,1.2,0.18247828,0.08390491,0.825,-0.008533806,0.103,-0.088,0.462,0.0,0.987749,0.19900946,0.0051598805,0.018618533,-0.0050324956,0.103,0.044,-0.044,0.0
742,1,8908,1.2,0.18247828,0.08390491,0.825,-0.008533806,0.103,-0.11,0.44,0.0,0.987749,0.19900946,0.0051598805,0.018618533,-0.0050324956,0.103,0.022,-0.022,0.0
742,2,8912,1.2,0.18247828,0.08390491,0.825,-0.008533806,0.103,-0.132,0.418,0.0,0.987749,0.19900946,0.0051598805,0.018618533,-0.0050324956,0.103,0.0,0.0,0.0
743,0,8916,1.2,0.18247828,0.08390491,0.825,-0.008533806,0.103,-0.154,0.396,0.0,0.987749,0.19900946,0.0051598805,0.018618533,-0.0050324956,0.103,0.0,0.0,0.0
743,1,8920,1.2,0.18247828,0.08390491,0.825,-0.008533806,0.103,-0.176,0.374,0.0,0.987749,0.19900946,0.0051598805,0.018618533,-0.0050324956,0.103,0.0,0.0,0.0
743,2,8924,1.2,0.18247828,0.08390491,0.825,-0.008533806,0.103,-0.198,0.352,0.0,0.987749,0.19900946,0.0051598805,0.018618533,-0.0050324956,0.103,0.0,0.0,0.0
744,0,8928,1.2,0.18247828,0.08390491,0.825,-0.008533806,0.103,-0.22,0.33,0.0,0.987749,0.19900946,0.0051598805,0.018618533,-0.0050324956,0.103,0.0,0.0,0.0
744,1,8932,1.2,0.18247828,0.08390491,0.825,-0.008533806,0.103,-0.242,0.308,0.0,0.987749,0.19900946,0.0051598805,0.018618533,-0.0050324956,0.103,0.0,0.0,0.0
744,2,8936,1.2,0.18247828,0.08390491,0.825,-0.008533806,0.103,-0.264,0.286,0.0,0.987749,0.19900946,0.0051598805,0.018618533,-0.0050324956,0.103,0.0,0.0,0.0
745,0,8940,1.2,0.18247828,0.08390491,0.825,-0.008533806,0.103,-0.286,0.264,0.0,0.987749,0.19900946,0.0051598805,0.018618533,-0.0050324956,0.103,0.022,0.0,0.0
745,1,8944,1.2,0.18247828,0.08390491,0.825,-0.008533806,0.103,-0.308,0.242,0.0,0.987749,0.19900946,0.0051598805,0.018618533,-0.0050324956,0.103,0.044,0.0,0.0
745,2,8948,1.2,0.18247828,0.08390491,0.825,-0.008533806,0.103,-0.33,0.22,0.0,0.987749,0.19900946,0.0051598805,0.018618533,-0.0050324956,0.103,0.066,0.0,0.0
746,0,8952,1.2,0.18247828,0.08390491,0.825,-0.008533806,0.103,-0.352,0.198,0.0,0.987749,0.19900946,0.0051598805,0.018618533,-0.0050324956,0.103,0.044,0.0,0.0
746,1,8956,1.2,0.18247828,0.08390491,0.825,-0.008533806,0.103,-0.374,0.176,0.0,0.987749,0.19900946,0.0051598805,0.018618533,-0.0050324956,0.103,0.022,0.0,0.0
746,2,8960,1.2,0.18247828,0.08390491,0.825,-0.008533806,0.103,-0.396,0.154,0.0,0.987749,0.19900946,0.0051598805,0.018618533,-0.0050324956,0.103,0.0,0.0,0.0
747,0,8964,1.2,0.18247828,0.08390491,0.825,-0.008533806,0.103,-0.418,0.132,0.0,0.987749,0.19900946,0.0051598805,0.018618533,-0.0050324956,0.103,0.0,0.0,0.0
747,1,8968,1.2,0.18247828,0.08390491,0.825,-0.008533806,0.103,-0.44,0.11,0.0,0.987749,0.19900946,0.0051598805,0.018618533,-0.0050324956,0.103,0.0,0.0,0.0
747,2,8972,1.2,0.18247828,0.08390491,0.825,-0.008533806,0.103,-0.462,0.088,0.0,0.987749,0.19900946,0.0051598805,0.018618533,-0.0050324956,0.103,0.0,0.0,0.0
748,0,8976,1.2,0.18247828,0.08390491,0.825,-0.008533806,0.103,-0.44,0.066,0.0,0.987749,0.19900946,0.0051598805,0.018618533,-0.0050324956,0.103,0.0,0.0,0.0
748,1,8980,1.2,0.18247828,0.08390491,0.825,-0.008533806,0.103,-0.418,0.044,0.0,0.987749,0.19900946,0.0051598805,0.018618533,-0.0050324956,0.103,0.0,0.0,0.0
748,2,8984,1.2,0.18247828,0.08390491,0.825,-0.008533806,0.103,-0.396,0.022,0.0,0.987749,0.19900946,0.0051598805,0.018618533,-0.0050324956,0.103,0.0,0.0,0.0
749,0,8988,1.2,0.18247828,0.08390491,0.825,-0.008533806,0.103,-0.374,0.0,0.0,0.987749,0.19900946,0.0051598805,0.018618533,-0.0050324956,0.103,0.0,0.0,0.0
749,1,8992,1.2,0.18247828,0.08390491,0.825,-0.008533806,0.103,-0.352,0.0,0.0,0.987749,0.19900946,0.0051598805,0.018618533,-0.0050324956,0.103,0.0,0.0,0.0
749,2,8996,1.2,0.18247828,0.08390491,0.825,-0.008533806,0.103,-0.33,0.0,0.0,0.987749,0.19900946,0.0051598805,0.018618533,-0.0050324956,0.103,0.0,0.0,0.0
750,0,9000,1.2,0.18247828,0.08390491,0.825,-0.008533806,0.103,-0.308,0.0,0.0,0.987749,0.19900946,0.0051598805,0.018618533,-0.0050324956,0.103,0.0,0.0,0.0
750,1,9004,1.2,0.18247828,0.08390491,0.825,-0.008533806,0.103,-0.286,0.0,0.0,0.987749,0.19900946,0.0051598805,0.018618533,-0.0050324956,0.103,0.0,0.0,0.0
750,2,9008,1.2,0.18247828,0.08390491,0.825,-0.008533806,0.103,-0.2638814,-1.2113002e-06,-0.014261636,0.987749,0.19900946,0.0051598805,0.018618533,-0.0050324956,0.103,0.0,0.0,-0.0036971043
751,0,9012,1.2,0.18247828,0.08390491,0.825,-0.008533806,0.103,-0.23958638,-5.4966386e-06,-0.014284374,0.987749,0.19900946,0.0051598805,0.018618533,-0.0050324956,0.103,0.0,0.0,-0.0037153345
751,1,9016,1.2,0.18247828,0.08390491,0.825,-0.008533806,0.103,-0.21568497,2.9686667e-05,-0.014466491,0.987749,0.19900946,0.0051598805,0.018618533,-0.0050324956,0.103,0.0,0.0,-0.003793438
751,2,9020,1.2,0.18247828,0.08390491,0.825,-0.008533806,0.103,-0.18820001,0.00012561206,-0.014352924,0.987749,0.19900946,0.0051598805,0.018618533,-0.0050324956,0.103,0.0,0.0,-0.0037779822
752,0,9024,1.2,0.18247828,0.08390491,0.825,-0.008533806,0.103,-0.15598729,-0.02157607,-0.01404267,0.987749,0.19900946,0.0051598805,0.018618533,-0.0050324956,0.103,0.0,0.0,-0.003735301
752,1,9028,1.2,0.18247828,0.08390491,0.825,-0.008533806,0.103,-0.12452376,-0.04328521,-0.013809206,0.987749,0.19900946,0.0051598805,0.018618533,-0.0050324956,0.103,0.0,0.0,-0.0037786013
752,2,9032,1.2,0.18247828,0.08390491,0.825,-0.008533806,0.103,-0.090027,-0.06470664,-0.012782399,0.987749,0.19900946,0.0051598805,0.018618533,-0.0050324956,0.103,0.0,0.0,-0.0036976365
753,0,9036,1.2,0.18247828,0.08390491,0.825,-0.008533806,0.103,-0.05994438,-0.086286865,-0.012472754,0.987749,0.19900946,0.0051598805,0.018618533,-0.0050324956,0.103,0.0,0.0,-0.0039472594
753,1,9040,1.2,0.18247828,0.08390491,0.825,-0.008533806,0.103,-0.030944936,-0.10786863,-0.0114540225,0.987749,0.19900946,0.0051598805,0.018618533,-0.0050324956,0.103,0.0,0.0,-0.0040211338
753,2,9044,1.2,0.18247828,0.08390491,0.825,-0.008533806,0.103,-0.0055358824,-0.12964956,-0.010637593,0.987749,0.19900946,0.0051598805,0.018618533,-0.0050324956,0.103,0.0,0.0,-0.004051107
754,0,9048,1.2,0.18247828,0.08390491,0.825,-0.008533806,0.103,0.0023936091,-0.15148818,-0.010024197,0.987749,0.19900946,0.0051598805,0.018618533,-0.0050324956,0.103,0.0,0.0,-0.004100473
754,1,9052,1.2,0.18247828,0.08390491,0.825,-0.008533806,0.103,0.0019427927,-0.17337665,-0.010512673,0.987749,0.19900946,0.0051598805,0.018618533,-0.0050324956,0.103,0.0,0.0,-0.0045855194
754,2,9056,1.2,0.18247828,0.08390491,0.825,-0.008533806,0.103,0.002038988,-0.19526608,-0.010592491,0.987749,0.19900946,0.0051598805,0.018618533,-0.0050324956,0.103,0.0,0.0,-0.0048785447
755,0,9060,1.2,0.18247828,0.08390491,0.825,-0.008533806,0.103,0.0014069029,-0.21718955,-0.011627471,0.987749,0.19900946,0.0051598805,0.018618533,-0.0050324956,0.103,0.0,0.0,-0.0056690155
755,1,9064,1.2,0.18247828,0.08390491,0.825,-0.008533806,0.103,0.0008503539,-0.23915076,-0.012199128,0.987749,0.19900946,0.0051598805,0.018618533,-0.0050324956,0.103,0.0,0.0,-0.006267545
755,2,9068,1.2,0.18247828,0.08390491,0.825,-0.008533806,0.103,0.0005852454,-0.26112548,-0.012625708,0.987749,0.19900946,0.0051598805,0.018618533,-0.0050324956,0.103,0.0,0.0,-0.006744101
756,0,9072,1.2,0.18247828,0.08390491,0.825,-0.008533806,0.103,0.00038860482,-0.28311127,-0.012879994,0.987749,0.19900946,0.0051598805,0.018618533,-0.0050324956,0.103,0.0,0.0,-0.0071373703
756,1,9076,1.2,0.18247828,0.08390491,0.825,-0.008533806,0.103,0.00014703118,-0.30510697,-0.01320558,0.987749,0.19900946,0.0051598805,0.018618533,-0.0050324956,0.103,0.0,0.0,-0.007607304
756,2,9080,1.2,0.18247828,0.08390491,0.825,-0.008533806,0.103,0.0001015678,-0.3271036,-0.013313808,0.987749,0.19900946,0.0051598805,0.018618533,-0.0050324956,0.103,0.0,0.0,-0.007916682
757,0,9084,1.2,0.18247828,0.08390491,0.825,-0.008533806,0.103,9.987518e-06,-0.3491033,-0.013403181,0.987749,0.19900946,0.0051598805,0.018618533,-0.0050324956,0.103,0.0,0.0,-0.008180464
757,1,9088,1.2,0.18247828,0.08390491,0.825,-0.008533806,0.103,0.0,-0.37110332,0.0,0.987749,0.19900946,0.0051598805,0.018618533,-0.0050324956,0.103,0.0,0.0,0.0
757,2,9092,1.2,0.18247828,0.08390491,0.825,-0.008533806,0.103,0.0,-0.3931033,0.0,0.987749,0.19900946,0.0051598805,0.018618533,-0.0050324956,0.103,0.0,0.0,0.0
758,0,9096,1.2,0.18247828,0.08390491,0.825,-0.008533806,0.103,0.0,-0.41510332,0.0,0.987749,0.19900946,0.0051598805,0.018618533,-0.0050324956,0.103,0.0,0.0,0.0
758,1,9100,1.2,0.18247828,0.08390491,0.825,-0.008533806,0.103,0.0,-0.4371033,0.0,0.987749,0.19900946,0.0051598805,0.018618533,-0.0050324956,0.103,0.0,0.0,0.0
758,2,9104,1.2,0.18247828,0.08390491,0.825,-0.008533806,0.103,0.0,-0.45910332,0.0,0.987749,0.19900946,0.0051598805,0.018618533,-0.0050324956,0.103,0.0,0.0,0.0
759,0,9108,1.2,0.18247828,0.08390491,0.825,-0.008533806,0.103,0.0,-0.4371033,0.0,0.987749,0.19900946,0.0051598805,0.018618533,-0.0050324956,0.103,0.0,0.0,0.0
759,1,9112,1.2,0.18247828,0.08390491,0.825,-0.008533806,0.103,0.0,-0.41510332,0.0,0.987749,0.19900946,0.0051598805,0.018618533,-0.0050324956,0.103,0.0,0.0,0.0
759,2,9116,1.2,0.18247828,0.08390491,0.825,-0.008533806,0.103,0.0,-0.3931033,0.0,0.987749,0.19900946,0.0051598805,0.018618533,-0.0050324956,0.103,0.0,0.0,0.0
760,0,9120,1.2,0.18247828,0.08390491,0.825,-0.008533806,0.103,0.0,-0.37110332,0.0,0.987749,0.19900946,0.0051598805,0.018618533,-0.0050324956,0.103,0.0,0.0,0.0
760,1,9124,1.2,0.18247828,0.08390491,0.825,-0.008533806,0.103,0.0,-0.3491033,0.0,0.987749,0.19900946,0.0051598805,0.018618533,-0.0050324956,0.103,0.0,0.0,0.0
760,2,9128,1.2,0.18247828,0.08390491,0.825,-0.008533806,0.103,0.0,-0.32710332,0.0,0.987749,0.19900946,0.0051598805,0.018618533,-0.0050324956,0.103,0.0,0.0,0.0
761,0,9132,1.2,0.18247828,0.08390491,0.825,-0.008533806,0.103,-0.022,-0.3051033,0.0,0.987749,0.19900946,0.0051598805,0.018618533,-0.0050324956,0.103,0.0,0.0,0.0
761,1,9136,1.2,0.18247828,0.08390491,0.825,-0.008533806,0.103,-0.044,-0.28310332,0.0,0.987749,0.19900946,0.0051598805,0.018618533,-0.0050324956,0.103,0.0,0.0,0.0
761,2,9140,1.2,0.18247828,0.08390491,0.825,-0.008533806,0.103,-0.066,-0.2611033,0.0,0.987749,0.19900946,0.0051598805,0.018618533,-0.0050324956,0.103,0.0,0.0,0.0
762,0,9144,1.2,0.18247828,0.08390491,0.825,-0.008533806,0.103,-0.044,-0.23910332,0.0,0.987749,0.19900946,0.0051598805,0.018618533,-0.0050324956,0.103,0.0,0.0,0.0
762,1,9148,1.2,0.18247828,0.08390491,0.825,-0.008533806,0.103,-0.022,-0.21710332,0.0,0.987749,0.19900946,0.0051598805,0.018618533,-0.0050324956,0.103,0.0,0.0,0.0
762,2,9152,1.2,0.18247828,0.08390491,0.825,-0.008533806,0.103,0.0,-0.19510332,0.0,0.987749,0.19900946,0.0051598805,0.018618533,-0.0050324956,0.103,0.0,0.0,0.0
763,0,9156,1.2,0.18247828,0.08390491,0.825,-0.008533806,0.103,0.0,-0.17310332,0.0,0.987749,0.19900946,0.0051598805,0.018618533,-0.0050324956,0.103,0.0,0.0,0.0
763,1,9160,1.2,0.18247828,0.08390491,0.825,-0.008533806,0.103,0.0,-0.15110332,0.0,0.987749,0.19900946,0.0051598805,0.018618533,-0.0050324956,0.103,0.0,0.0,0.0
763,2,9164,1.2,0.18247828,0.08390491,0.825,-0.008533806,0.103,0.0,-0.12910332,0.0,0.987749,0.19900946,0.0051598805,0.018618533,-0.0050324956,0.103,0.0,0.0,0.0
764,0,9168,1.2,0.18247828,0.08390491,0.825,-0.008533806,0.103,0.0,-0.10710331,0.0,0.987749,0.19900946,0.0051598805,0.018618533,-0.0050324956,0.103,0.0,0.0,0.0
764,1,9172,1.2,0.18247828,0.08390491,0.825,-0.008533806,0.103,0.0,-0.08510331,0.0,0.987749,0.19900946,0.0051598805,0.018618533,-0.0050324956,0.103,0.0,0.0,0.0
764,2,9176,1.2,0.18247828,0.08390491,0.825,-0.008533806,0.103,0.0,-0.06310331,0.0,0.987749,0.19900946,0.0051598805,0.018618533,-0.0050324956,0.103,0.0,0.0,0.0
765,0,9180,1.2,0.18247828,0.08390491,0.825,-0.008533806,0.103,0.0,-0.041103315,0.0,0.987749,0.19900946,0.0051598805,0.018618533,-0.0050324956,0.103,0.0,0.0,0.0
765,1,9184,1.2,0.18247828,0.08390491,0.825,-0.008533806,0.103,0.0,-0.019103313,0.0,0.987749,0.19900946,0.0051598805,0.018618533,-0.0050324956,0.103,0.0,0.0,0.0
765,2,9188,1.2,0.18247828,0.08390491,0.825,-0.008533806,0.103,0.0,0.002896687,0.0,0.987749,0.19900946,0.0051598805,0.018618533,-0.0050324956,0.103,0.0,0.0,0.0
766,0,9192,1.2,0.18247828,0.08390491,0.825,-0.008533806,0.103,0.0,0.024896687,0.0,0.987749,0.19900946,0.0051598805,0.018618533,-0.0050324956,0.103,0.0,0.0,0.0
766,1,9196,1.2,0.18247828,0.08390491,0.825,-0.008533806,0.103,0.0,0.04689669,0.0,0.987749,0.19900946,0.0051598805,0.018618533,-0.0050324956,0.103,0.0,0.0,0.0
766,2,9200,1.2,0.18247828,0.08390491,0.825,-0.008533806,0.103,0.0,0.06889669,0.0,0.987749,0.19900946,0.0051598805,0.018618533,-0.0050324956,0.103,0.0,0.0,0.0
767,0,9204,1.2,0.18247828,0.08390491,0.825,-0.008533806,0.103,0.0,0.09089669,0.0,0.987749,0.19900946,0.0051598805,0.018618533,-0.0050324956,0.103,0.0,0.0,0.0
767,1,9208,1.2,0.18247828,0.08390491,0.825,-0.008533806,0.103,0.0,0.11289669,0.0,0.987749,0.19900946,0.0051598805,0.018618533,-0.0050324956,0.103,0.0,0.0,0.0
767,2,9212,1.2,0.18247828,0.08390491,0.825,-0.008533806,0.103,0.0,0.13489668,0.0,0.987749,0.19900946,0.0051598805,0.018618533,-0.0050324956,0.103,0.0,0.0,0.0
768,0,9216,1.2,0.18247828,0.08390491,0.825,-0.008533806,0.103,0.0,0.15689668,0.0,0.987749,0.19900946,0.0051598805,0.018618533,-0.0050324956,0.103,0.0,0.0,0.0
768,1,9220,1.2,0.18247828,0.08390491,0.825,-0.008533806,0.103,0.0,0.17889668,0.0,0.987749,0.19900946,0.0051598805,0.018618533,-0.0050324956,0.103,0.0,0.0,0.0
768,2,9224,1.2,0.18247828,0.08390491,0.825,-0.008533806,0.103,0.0,0.20089668,0.0,0.987749,0.19900946,0.0051598805,0.018618533,-0.0050324956,0.103,0.0,0.0,0.0
769,0,9228,1.2,0.18247828,0.08390491,0.825,-0.008533806,0.103,0.0,0.22289668,0.0,0.987749,0.19900946,0.0051598805,0.018618533,-0.0050324956,0.103,0.0,0.0,0.0
769,1,9232,1.2,0.18247828,0.08390491,0.825,-0.008533806,0.103,0.0,0.24489668,0.0,0.987749,0.19900946,0.0051598805,0.018618533,-0.0050324956,0.103,0.0,0.0,0.0
769,2,9236,1.2,0.18247828,0.08390491,0.825,-0.008533806,0.103,0.0,0.2668967,0.0,0.987749,0.19900946,0.0051598805,0.018618533,-0.0050324956,0.103,0.0,0.0,0.0
770,0,9240,1.2,0.18247828,0.08390491,0.825,-0.008533806,0.103,0.0,0.28889668,0.0,0.987749,0.19900946,0.0051598805,0.018618533,-0.0050324956,0.103,0.0,0.0,0.0
770,1,9244,1.2,0.18247828,0.08390491,0.825,-0.008533806,0.103,0.0,0.3108967,0.0,0.987749,0.19900946,0.0051598805,0.018618533,-0.0050324956,0.103,0.0,0.0,0.0
770,2,9248,1.2,0.18247828,0.08390491,0.825,-0.008533806,0.103,0.0,0.33289668,0.0,0.987749,0.19900946,0.0051598805,0.018618533,-0.0050324956,0.103,0.0,0.0,0.0
771,0,9252,1.2,0.18247828,0.08390491,0.825,-0.008533806,0.103,0.0,0.3548967,0.0,0.987749,0.19900946,0.0051598805,0.018618533,-0.0050324956,0.103,0.0,0.0,0.0
771,1,9256,1.2,0.18247828,0.08390491,0.825,-0.008533806,0.103,0.0,0.37689668,0.0,0.987749,0.19900946,0.0051598805,0.018618533,-0.0050324956,0.103,0.0,0.0,0.0
771,2,9260,1.2,0.18247828,0.08390491,0.825,-0.008533806,0.103,0.0,0.3988967,0.0,0.987749,0.19900946,0.0051598805,0.018618533,-0.0050324956,0.103,0.0,0.0,0.0
772,0,9264,1.2,0.18247828,0.08390491,0.825,-0.008533806,0.103,0.0,0.42089668,0.0,0.987749,0.19900946,0.0051598805,0.018618533,-0.0050324956,0.103,0.0,0.0,0.0
772,1,9268,1.2,0.18247828,0.08390491,0.825,-0.008533806,0.103,0.0,0.4428967,0.0,0.987749,0.19900946,0.0051598805,0.018618533,-0.0050324956,0.103,0.0,0.0,0.0
772,2,9272,1.2,0.18247828,0.08390491,0.825,-0.008533806,0.103,0.0,0.46489668,0.0,0.987749,0.19900946,0.0051598805,0.018618533,-0.0050324956,0.103,0.0,0.0,0.0
773,0,9276,1.2,0.18247828,0.08390491,0.825,-0.008533806,0.103,0.0,0.4428967,0.0,0.987749,0.19900946,0.0051598805,0.018618533,-0.0050324956,0.103,0.0,0.0,0.0
773,1,9280,1.2,0.18247828,0.08390491,0.825,-0.008533806,0.103,0.0,0.42089668,0.0,0.987749,0.19900946,0.0051598805,0.018618533,-0.0050324956,0.103,0.0,0.0,0.0
773,2,9284,1.2,0.18247828,0.08390491,0.825,-0.008533806,0.103,0.0,0.3988967,0.0,0.987749,0.19900946,0.0051598805,0.018618533,-0.0050324956,0.103,0.0,0.0,0.0
774,0,9288,1.2,0.18247828,0.08390491,0.825,-0.008533806,0.103,-0.022,0.37689668,0.0,0.987749,0.19900946,0.0051598805,0.018618533,-0.0050324956,0.103,0.0,0.0,0.0
774,1,9292,1.2,0.18247828,0.08390491,0.825,-0.008533806,0.103,-0.044,0.3548967,0.0,0.987749,0.19900946,0.0051598805,0.018618533,-0.0050324956,0.103,0.0,0.0,0.0
774,2,9296,1.2,0.18247828,0.08390491,0.825,-0.008533806,0.103,-0.066,0.33289668,0.0,0.987749,0.19900946,0.0051598805,0.018618533,-0.0050324956,0.103,0.0,0.0,0.0
775,0,9300,1.2,0.18247828,0.08390491,0.825,-0.008533806,0.103,-0.088,0.3108967,0.0,0.987749,0.19900946,0.0051598805,0.018618533,-0.0050324956,0.103,0.0,0.0,0.0
775,1,9304,1.2,0.18247828,0.08390491,0.825,-0.008533806,0.103,-0.11,0.28889668,0.0,0.987749,0.19900946,0.0051598805,0.018618533,-0.0050324956,0.103,0.0,0.0,0.0
775,2,9308,1.2,0.18247828,0.08390491,0.825,-0.008533806,0.103,-0.132,0.2668967,0.0,0.987749,0.19900946,0.0051598805,0.018618533,-0.0050324956,0.103,0.0,0.0,0.0
776,0,9312,1.2,0.18247828,0.08390491,0.825,-0.008533806,0.103,-0.154,0.24489668,0.0,0.987749,0.19900946,0.0051598805,0.018618533,-0.0050324956,0.103,0.0,0.0,0.0
776,1,9316,1.2,0.18247828,0.08390491,0.825,-0.008533806,0.103,-0.1757213,0.22288924,-0.012287465,0.987749,0.19900946,0.0051598805,0.018618533,-0.0050324956,0.103,0.0,0.0,-0.007202941
776,2,9320,1.2,0.18247828,0.08390491,0.825,-0.008533806,0.103,-0.19717196,0.20087233,-0.013064113,0.987749,0.19900946,0.0051598805,0.018618533,-0.0050324956,0.103,0.0,0.0,-0.007337596
777,0,9324,1.2,0.18247828,0.08390491,0.825,-0.008533806,0.103,-0.21692756,0.17882328,-0.01375439,0.987749,0.19900946,0.0051598805,0.018618533,-0.0050324956,0.103,0.0,0.0,-0.007483264
777,1,9328,1.2,0.18247828,0.08390491,0.825,-0.008533806,0.103,-0.23240553,0.15673329,-0.014280479,0.987749,0.19900946,0.0051598805,0.018618533,-0.0050324956,0.103,0.0,0.0,-0.0075447415
777,2,9332,1.2,0.18247828,0.08390491,0.825,-0.008533806,0.103,-0.24075098,0.13459732,-0.014636977,0.987749,0.19900946,0.0051598805,0.018618533,-0.0050324956,0.103,0.0,0.0,-0.007552635
778,0,9336,1.2,0.18247828,0.08390491,0.825,-0.008533806,0.103,-0.23959847,0.112052836,-0.014781975,0.987749,0.19900946,0.0051598805,0.018618533,-0.0050324956,0.103,0.0,0.0,-0.007436863
778,1,9340,1.2,0.18247828,0.08390491,0.825,-0.008533806,0.103,-0.23898609,0.08966339,-0.015399999,0.987749,0.19900946,0.0051598805,0.018618533,-0.0050324956,0.103,0.0,0.0,-0.007642861
778,2,9344,1.2,0.18247828,0.08390491,0.825,-0.008533806,0.103,-0.23109223,0.067203715,-0.0154374065,0.987749,0.19900946,0.0051598805,0.018618533,-0.0050324956,0.103,0.0,0.0,-0.0075946245
779,0,9348,1.2,0.18247828,0.08390491,0.825,-0.008533806,0.103,-0.21430454,0.04457965,-0.015179096,0.987749,0.19900946,0.0051598805,0.018618533,-0.0050324956,0.103,0.0,0.0,-0.0074532307
779,1,9352,1.2,0.18247828,0.08390491,0.825,-0.008533806,0.103,-0.19624294,0.021922098,-0.015206837,0.987749,0.19900946,0.0051598805,0.018618533,-0.0050324956,0.103,0.0,0.0,-0.007535989
779,2,9356,1.2,0.18247828,0.08390491,0.825,-0.008533806,0.103,-0.17646828,-0.0006317743,-0.014985147,0.987749,0.19900946,0.0051598805,0.018618533,-0.0050324956,0.103,0.0,0.0,-0.0075851395
780,0,9360,1.2,0.18247828,0.08390491,0.825,-0.008533806,0.103,-0.11887573,-0.00053838943,-0.014447273,0.987749,0.19900946,0.0051598805,0.018618533,-0.0050324956,0.103,0.0,0.0,-0.007451534
780,1,9364,1.2,0.18247828,0.08390491,0.825,-0.008533806,0.103,-0.074042745,-0.00030794914,-0.014449177,0.987749,0.19900946,0.0051598805,0.018618533,-0.0050324956,0.103,0.0,0.0,-0.0076567633
780,2,9368,1.2,0.18247828,0.08390491,0.825,-0.008533806,0.103,-0.03854188,-0.00014851154,-0.014039646,0.987749,0.19900946,0.0051598805,0.018618533,-0.0050324956,0.103,0.0,0.0,-0.0077272933
781,0,9372,1.2,0.18247828,0.08390491,0.825,-0.008533806,0.103,-0.01103355,-5.490866e-05,-0.012703284,0.987749,0.19900946,0.0051598805,0.018618533,-0.0050324956,0.103,0.0,0.0,-0.0071878484
781,1,9376,1.2,0.18247828,0.08390491,0.825,-0.008533806,0.103,0.0,0.0,-0.01297497,0.987749,0.19900946,0.0051598805,0.018618533,-0.0050324956,0.103,0.0,0.0,-0.007488613
781,2,9380,1.2,0.18247828,0.08390491,0.825,-0.008533806,0.103,0.0,0.0,-0.013820829,0.987749,0.19900946,0.0051598805,0.018618533,-0.0050324956,0.103,0.0,0.0,-0.008142653
782,0,9384,1.2,0.18247828,0.08390491,0.825,-0.008533806,0.103,0.0,0.0,-0.013345573,0.987749,0.19900946,0.0051598805,0.018618533,-0.0050324956,0.103,0.0,0.0,-0.008128857
782,1,9388,1.2,0.18247828,0.08390491,0.825,-0.008533806,0.103,0.0,0.0,-0.013381519,0.987749,0.19900946,0.0051598805,0.018618533,-0.0050324956,0.103,0.0,0.0,-0.008501608
782,2,9392,1.2,0.18247828,0.08390491,0.825,-0.008533806,0.103,0.0,0.0,-0.013179068,0.987749,0.19900946,0.0051598805,0.018618533,-0.0050324956,0.103,0.0,0.0,-0.0087107355
783,0,9396,1.2,0.18247828,0.08390491,0.825,-0.008533806,0.103,0.0,0.0,-0.013767922,0.987749,0.19900946,0.0051598805,0.018618533,-0.0050324956,0.103,0.0,0.0,-0.009241406
783,1,9400,1.2,0.18247828,0.08390491,0.825,-0.008533806,0.103,0.0,0.0,-0.014585459,0.987749,0.19900946,0.0051598805,0.018618533,-0.0050324956,0.103,0.0,0.0,-0.009820684
783,2,9404,1.2,0.18247828,0.08390491,0.825,-0.008533806,0.103,0.0,0.0,-0.015238474,0.987749,0.19900946,0.0051598805,0.018618533,-0.0050324956,0.103,0.0,0.0,-0.010337211
784,0,9408,1.2,0.18247828,0.08390491,0.825,-0.008533806,0.103,0.0,0.0,-0.01561276,0.987749,0.19900946,0.0051598805,0.018618533,-0.0050324956,0.103,0.0,0.0,-0.010639447
784,1,9412,1.2,0.18247828,0.08390491,0.825,-0.008533806,0.103,0.0,0.0,-0.01619809,0.987749,0.19900946,0.0051598805,0.018618533,-0.0050324956,0.103,0.0,0.0,-0.01108513
784,2,9416,1.2,0.18247828,0.08390491,0.825,-0.008533806,0.103,0.0,0.0,-0.016599925,0.987749,0.19900946,0.0051598805,0.018618533,-0.0050324956,0.103,0.0,0.0,-0.011384329
785,0,9420,1.2,0.18247828,0.08390491,0.825,-0.008533806,0.103,0.0,0.0,-0.016869735,0.987749,0.19900946,0.0051598805,0.018618533,-0.0050324956,0.103,0.0,0.0,-0.011571642
785,1,9424,1.2,0.18247828,0.08390491,0.825,-0.008533806,0.103,0.0,0.0,-0.017253399,0.987749,0.19900946,0.0051598805,0.018618533,-0.0050324956,0.103,0.0,0.0,-0.011845865
785,2,9428,1.2,0.18247828,0.08390491,0.825,-0.008533806,0.103,0.0,0.0,-0.01776142,0.987749,0.19900946,0.0051598805,0.018618533,-0.0050324956,0.103,0.0,0.0,-0.012241494
786,0,9432,1.2,0.18247828,0.08390491,0.825,-0.008533806,0.103,0.0,0.0,-0.017993852,0.987749,0.19900946,0.0051598805,0.018618533,-0.0050324956,0.103,0.0,0.0,-0.012403192
786,1,9436,1.2,0.18247828,0.08390491,0.825,-0.008533806,0.103,0.0,0.0,-0.018236972,0.987749,0.19900946,0.0051598805,0.018618533,-0.0050324956,0.103,0.0,0.0,-0.01254534
786,2,9440,1.2,0.18247828,0.08390491,0.825,-0.008533806,0.103,0.0,0.0,-0.018626371,0.987749,0.19900946,0.0051598805,0.018618533,-0.0050324956,0.103,0.0,0.0,-0.012823724
787,0,9444,1.1743333,0.18247828,0.08390491,0.825,-0.008533806,0.103,0.0,0.0,-0.019029621,0.987749,0.19900946,0.0051598805,0.018618533,-0.0050324956,0.103,0.0,0.0,-0.013029708
787,1,9448,1.1486667,0.18247828,0.08390491,0.825,-0.008533806,0.103,0.0,0.0,-0.019433515,0.987749,0.19900946,0.0051598805,0.018618533,-0.0050324956,0.103,0.0,0.0,-0.013260308
787,2,9452,1.123,0.18247828,0.08390491,0.825,-0.008533806,0.103,0.0,0.0,-0.019905383,0.987749,0.19900946,0.0051598805,0.018618533,-0.0050324956,0.103,0.0,0.0,-0.013555082
788,0,9456,1.0973334,0.18247828,0.08390491,0.825,-0.008533806,0.103,0.0,0.0,-0.020359812,0.987749,0.19900946,0.0051598805,0.018618533,-0.0050324956,0.103,0.0,0.0,-0.013831595
788,1,9460,1.0716667,0.18247828,0.08390491,0.825,-0.008533806,0.103,0.0,0.0,-0.020755544,0.987749,0.19900946,0.0051598805,0.018618533,-0.0050324956,0.103,0.0,0.0,-0.014090192
788,2,9464,1.0478626,0.18247828,0.08390491,0.825,-0.008533806,0.103,0.0,0.0,-0.021094123,0.987749,0.19900946,0.0051598805,0.018618533,-0.0050324956,0.103,0.0,0.0,-0.014299454
789,0,9468,1.0478626,0.18247828,0.08390491,0.825,-0.008533806,0.103,0.0,0.0,-0.021327693,0.987749,0.19900946,0.0051598805,0.018618533,-0.0050324956,0.103,0.0,0.0,-0.014468726
789,1,9472,1.0478626,0.18247828,0.08390491,0.825,-0.008533806,0.103,0.0,0.0,-0.02135795,0.987749,0.19900946,0.0051598805,0.018618533,-0.0050324956,0.103,0.0,0.0,-0.01446877
789,2,9476,1.0478626,0.18247828,0.08390491,0.825,-0.008533806,0.103,0.0,0.0,-0.021637022,0.987749,0.19900946,0.0051598805,0.018618533,-0.0050324956,0.103,0.0,0.0,-0.014637013
790,0,9480,1.0478626,0.18247828,0.08390491,0.825,-0.008533806,0.103,0.0,0.0,-0.021623207,0.987749,0.19900946,0.0051598805,0.018618533,-0.0050324956,0.103,0.0,0.0,-0.014544397
790,1,9484,1.0478626,0.18247828,0.08390491,0.825,-0.008533806,0.103,0.0,0.0,-0.021569751,0.987749,0.19900946,0.0051598805,0.018618533,-0.0050324956,0.103,0.0,0.0,-0.014437481
790,2,9488,1.0478626,0.18247828,0.08390491,0.825,-0.008533806,0.103,0.0,0.0,-0.021667928,0.987749,0.19900946,0.0051598805,0.018618533,-0.0050324956,0.103,0.0,0.0,-0.014441723
791,0,9492,1.0735292,0.18247828,0.08390491,0.825,-0.008533806,0.103,0.0,0.0,-0.021542896,0.987749,0.19900946,0.0051598805,0.018618533,-0.0050324956,0.103,0.0,0.0,-0.014311001
791,1,9496,1.099196,0.18247828,0.08390491,0.825,-0.008533806,0.103,0.0,0.0,-0.021305278,0.987749,0.19900946,0.0051598805,0.018618533,-0.0050324956,0.103,0.0,0.0,-0.014095905
791,2,9500,1.1248627,0.18247828,0.08390491,0.825,-0.008533806,0.103,0.0,0.0,-0.020876162,0.987749,0.19900946,0.0051598805,0.018618533,-0.0050324956,0.103,0.0,0.0,-0.013753846
792,0,9504,1.1505293,0.18247828,0.08390491,0.825,-0.008533806,0.103,0.0,0.0,-0.020860106,0.987749,0.19900946,0.0051598805,0.018618533,-0.0050324956,0.103,0.0,0.0,-0.013681141
792,1,9508,1.176196,0.18247828,0.08390491,0.825,-0.008533806,0.103,0.0,0.0,-0.020880135,0.987749,0.19900946,0.0051598805,0.018618533,-0.0050324956,0.103,0.0,0.0,-0.0136388615
792,2,9512,1.2,0.18247828,0.08390491,0.825,-0.008533806,0.103,0.0,0.0,-0.020995092,0.987749,0.19900946,0.0051598805,0.018618533,-0.0050324956,0.103,0.0,0.0,-0.013706091
793,0,9516,1.2,0.18247828,0.08390491,0.825,-0.008533806,0.103,0.0,0.0,-0.021210236,0.987749,0.19900946,0.0051598805,0.018618533,-0.0050324956,0.103,0.0,0.0,-0.013800257
793,1,9520,1.2,0.18247828,0.08390491,0.825,-0.008533806,0.103,0.0,0.0,-0.021342823,0.987749,0.19900946,0.0051598805,0.018618533,-0.0050324956,0.103,0.0,0.0,-0.013835734
793,2,9524,1.2,0.18247828,0.08390491,0.825,-0.008533806,0.103,0.0,0.0,-0.021334643,0.987749,0.19900946,0.0051598805,0.018618533,-0.0050324956,0.103,0.0,0.0,-0.013794772
794,0,9528,1.2,0.18247828,0.08390491,0.825,-0.008533806,0.103,0.0,0.0,-0.021372674,0.987749,0.19900946,0.0051598805,0.018618533,-0.0050324956,0.103,0.0,0.0,-0.013795709
794,1,9532,1.2,0.18247828,0.08390491,0.825,-0.008533806,0.103,0.0,0.0,-0.021423394,0.987749,0.19900946,0.0051598805,0.018618533,-0.0050324956,0.103,0.0,0.0,-0.013815989
794,2,9536,1.2,0.18247828,0.08390491,0.825,-0.008533806,0.103,0.0,0.0,-0.021368083,0.987749,0.19900946,0.0051598805,0.018618533,-0.0050324956,0.103,0.0,0.0,-0.013754293
795,0,9540,1.2,0.18247828,0.08390491,0.825,-0.008533806,0.103,-2.4848236e-11,-0.022000002,-0.021310285,0.987749,0.19900946,0.0051598805,0.018618533,-0.0050324956,0.103,0.0,0.0,-0.013745039
795,1,9544,1.2,0.18247828,0.08390491,0.825,-0.008533806,0.103,4.0781056e-11,-0.044000003,-0.021094589,0.987749,0.19900946,0.0051598805,0.018618533,-0.0050324956,0.103,0.0,0.0,-0.013598991
795,2,9548,1.2,0.18247828,0.08390491,0.825,-0.008533806,0.103,-7.060527e-11,-0.06600001,-0.021250391,0.987749,0.19900946,0.0051598805,0.018618533,-0.0050324956,0.103,0.0,0.0,-0.013666577
796,0,9552,1.2,0.18247828,0.08390491,0.825,-0.008533806,0.103,8.8947336e-11,-0.08800001,-0.020879304,0.987749,0.19900946,0.0051598805,0.018618533,-0.0050324956,0.103,0.0,0.0,-0.013402444
796,1,9556,1.2,0.18247828,0.08390491,0.825,-0.008533806,0.103,1.1946327e-10,-0.11000001,-0.021167906,0.987749,0.19900946,0.0051598805,0.018618533,-0.0050324956,0.103,0.0,0.0,-0.013547874
796,2,9560,1.2,0.18247828,0.08390491,0.825,-0.008533806,0.103,1.4978832e-10,-0.13200001,-0.021032158,0.987749,0.19900946,0.0051598805,0.018618533,-0.0050324956,0.103,0.0,0.0,-0.013433228
797,0,9564,1.2,0.18247828,0.08390491,0.825,-0.008533806,0.103,1.8652906e-10,-0.15400001,-0.021236172,0.987749,0.19900946,0.0051598805,0.018618533,-0.0050324956,0.103,0.0,0.0,-0.013548344
797,1,9568,1.2,0.18247828,0.08390491,0.825,-0.008533806,0.103,2.207292e-10,-0.17600003,-0.021330845,0.987749,0.19900946,0.0051598805,0.018618533,-0.0050324956,0.103,0.0,0.0,-0.013583915
797,2,9572,1.2,0.18247828,0.08390491,0.825,-0.008533806,0.103,2.5735297e-10,-0.19800003,-0.021448601,0.987749,0.19900946,0.0051598805,0.018618533,-0.0050324956,0.103,0.0,0.0,-0.013617241
798,0,9576,1.2,0.18247828,0.08390491,0.825,-0.008533806,0.103,2.4038144e-10,-0.17600003,-0.021639397,0.987749,0.19900946,0.0051598805,0.018618533,-0.0050324956,0.103,0.0,0.0,-0.013691543
798,1,9580,1.2,0.18247828,0.08390491,0.825,-0.008533806,0.103,-2.9506636e-10,-0.15400003,-0.021656904,0.987749,0.19900946,0.0051598805,0.018618533,-0.0050324956,0.103,0.0,0.0,-0.01368898
798,2,9584,1.2,0.18247828,0.08390491,0.825,-0.008533806,0.103,-1.7948658e-10,-0.13200004,-0.02170637,0.987749,0.19900946,0.0051598805,0.018618533,-0.0050324956,0.103,0.0,0.0,-0.013722873
799,0,9588,1.2,0.18247828,0.08390491,0.825,-0.008533806,0.103,-8.1654856e-11,-0.110000044,-0.021701185,0.987749,0.19900946,0.0051598805,0.018618533,-0.0050324956,0.103,0.0,0.0,-0.013727832
799,1,9592,1.2,0.18247828,0.08390491,0.825,-0.008533806,0.103,4.3770235e-12,-0.088000044,-0.021605127,0.987749,0.19900946,0.0051598805,0.018618533,-0.0050324956,0.103,0.0,0.0,-0.013694453
799,2,9596,1.2,0.18247828,0.08390491,0.825,-0.008533806,0.103,-8.1297614e-11,-0.066000044,-0.021464055,0.987749,0.19900946,0.0051598805,0.018618533,-0.0050324956,0.103,0.0,0.0,-0.013625765
800,0,9600,1.2,0.18247828,0.08390491,0.825,-0.008533806,0.103,-8.774241e-11,-0.04400005,-0.02126617,0.987749,0.19900946,0.0051598805,0.018618533,-0.0050324956,0.103,0.0,0.0,-0.013540447
800,1,9604,1.2,0.18247828,0.08390491,0.825,-0.008533806,0.103,-2.4501318e-11,-0.022000048,-0.021163948,0.987749,0.19900946,0.0051598805,0.018618533,-0.0050324956,0.103,0.0,0.0,-0.013485207
800,2,9608,1.2,0.18247828,0.08390491,0.825,-0.008533806,0.103,3.4251998e-13,-4.8904734e-08,-0.021015165,0.987749,0.19900946,0.0051598805,0.018618533,-0.0050324956,0.103,0.0,0.0,-0.013418396
801,0,9612,1.2,0.18247828,0.08390491,0.825,-0.008533806,0.103,0.0,0.0,-0.020858064,0.987749,0.19900946,0.0051598805,0.018618533,-0.0050324956,0.103,0.0,0.0,-0.013325382
801,1,9616,1.2,0.18247828,0.08390491,0.825,-0.008533806,0.103,0.0,0.0,-0.020674147,0.987749,0.19900946,0.0051598805,0.018618533,-0.0050324956,0.103,0.0,0.0,-0.013212475
801,2,9620,1.2,0.18247828,0.08390491,0.825,-0.008533806,0.103,0.0,0.0,-0.020444894,0.987749,0.19900946,0.0051598805,0.018618533,-0.0050324956,0.103,0.0,0.0,-0.013086556
802,0,9624,1.2,0.18247828,0.08390491,0.825,-0.008533806,0.103,0.0,0.0,-0.020261327,0.987749,0.19900946,0.0051598805,0.018618533,-0.0050324956,0.103,0.0,0.0,-0.012991766
802,1,9628,1.2,0.18247828,0.08390491,0.825,-0.008533806,0.103,0.0,0.0,-0.020106977,0.987749,0.19900946,0.0051598805,0.018618533,-0.0050324956,0.103,0.0,0.0,-0.012886708
802,2,9632,1.2,0.18247828,0.08390491,0.825,-0.008533806,0.103,0.0,0.0,-0.019944638,0.987749,0.19900946,0.0051598805,0.018618533,-0.0050324956,0.103,0.0,0.0,-0.012826739
803,0,9636,1.2,0.18247828,0.08390491,0.825,-0.008533806,0.103,0.0,0.0,-0.019799815,0.987749,0.19900946,0.0051598805,0.018618533,-0.0050324956,0.103,0.0,0.0,-0.012738998
803,1,9640,1.2,0.18247828,0.08390491,0.825,-0.008533806,0.103,0.0,0.0,-0.019680822,0.987749,0.19900946,0.0051598805,0.018618533,-0.0050324956,0.103,0.0,0.0,-0.012677749
803,2,9644,1.2,0.18247828,0.08390491,0.825,-0.008533806,0.103,0.0,0.0,-0.019545762,0.987749,0.19900946,0.0051598805,0.018618533,-0.0050324956,0.103,0.0,0.0,-0.012608507
804,0,9648,1.2,0.18247828,0.08390491,0.825,-0.008533806,0.103,0.0,0.0,-0.019411048,0.987749,0.19900946,0.0051598805,0.018618533,-0.0050324956,0.103,0.0,0.0,-0.012546291
804,1,9652,1.2,0.18247828,0.08390491,0.825,-0.008533806,0.103,0.0,0.0,-0.019274374,0.987749,0.19900946,0.0051598805,0.018618533,-0.0050324956,0.103,0.0,0.0,-0.012469663
804,2,9656,1.2,0.18247828,0.08390491,0.825,-0.008533806,0.103,0.0,0.0,-0.01912891,0.987749,0.19900946,0.0051598805,0.018618533,-0.0050324956,0.103,0.0,0.0,-0.012383062
805,0,9660,1.2,0.18247828,0.08390491,0.825,-0.008533806,0.103,0.0,0.0,-0.019003868,0.987749,0.19900946,0.0051598805,0.018618533,-0.0050324956,0.103,0.0,0.0,-0.012275511
805,1,9664,1.2,0.18247828,0.08390491,0.825,-0.008533806,0.103,0.0,0.0,-0.018947374,0.987749,0.19900946,0.0051598805,0.018618533,-0.0050324956,0.103,0.0,0.0,-0.012214077
805,2,9668,1.2,0.18247828,0.08390491,0.825,-0.008533806,0.103,0.0,0.0,-0.01882688,0.987749,0.19900946,0.0051598805,0.018618533,-0.0050324956,0.103,0.0,0.0,-0.012141348
806,0,9672,1.2,0.18247828,0.08390491,0.825,-0.008533806,0.103,0.022000002,2.2959855e-11,-0.018728517,0.987749,0.19900946,0.0051598805,0.018618533,-0.0050324956,0.103,0.0,0.0,-0.012093747
806,1,9676,1.2,0.18247828,0.08390491,0.825,-0.008533806,0.103,0.044000003,5.449656e-12,-0.018554531,0.987749,0.19900946,0.0051598805,0.018618533,-0.0050324956,0.103,0.0,0.0,-0.012031805
806,2,9680,1.2,0.18247828,0.08390491,0.825,-0.008533806,0.103,0.066,-1.3491298e-10,-0.018203294,0.987749,0.19900946,0.0051598805,0.018618533,-0.0050324956,0.103,0.0,0.0,-0.011962993
807,0,9684,1.2,0.18247828,0.08390491,0.825,-0.008533806,0.103,0.044000003,-1.958774e-11,-0.017855873,0.987749,0.19900946,0.0051598805,0.018618533,-0.0050324956,0.103,0.0,0.0,-0.011908447
807,1,9688,1.2,0.18247828,0.08390491,0.825,-0.008533806,0.103,0.022000005,1.1979677e-11,-0.017643975,0.987749,0.19900946,0.0051598805,0.018618533,-0.0050324956,0.103,0.0,0.0,-0.011845437
807,2,9692,1.2,0.18247828,0.08390491,0.825,-0.008533806,0.103,4.881208e-09,4.3987405e-18,-0.017567523,0.987749,0.19900946,0.0051598805,0.018618533,-0.0050324956,0.103,0.0,0.0,-0.011774052
808,0,9696,1.2,0.18247828,0.08390491,0.825,-0.008533806,0.103,0.0,0.0,-0.017580127,0.987749,0.19900946,0.0051598805,0.018618533,-0.0050324956,0.103,0.0,0.0,-0.0117228
808,1,9700,1.2,0.18247828,0.08390491,0.825,-0.008533806,0.103,0.0,0.0,0.0,0.987749,0.19900946,0.0051598805,0.018618533,-0.0050324956,0.103,0.0,0.0,0.0
808,2,9704,1.2,0.18247828,0.08390491,0.825,-0.008533806,0.103,0.0,0.0,0.0,0.987749,0.19900946,0.0051598805,0.018618533,-0.0050324956,0.103,0.0,0.0,0.0
809,0,9708,1.2,0.18247828,0.08390491,0.825,-0.008533806,0.103,0.0,0.0,0.0,0.987749,0.19900946,0.0051598805,0.018618533,-0.0050324956,0.103,0.0,0.0,0.0
809,1,9712,1.2,0.18247828,0.08390491,0.825,-0.008533806,0.103,0.0,0.0,0.0,0.987749,0.19900946,0.0051598805,0.018618533,-0.0050324956,0.103,0.0,0.0,0.0
809,2,9716,1.2,0.18247828,0.08390491,0.825,-0.008533806,0.103,0.0,0.0,0.0,0.987749,0.19900946,0.0051598805,0.018618533,-0.0050324956,0.103,0.0,0.0,0.0
810,0,9720,1.2,0.18247828,0.08390491,0.825,-0.008533806,0.103,0.0,0.0,0.0,0.987749,0.19900946,0.0051598805,0.018618533,-0.0050324956,0.103,0.0,0.0,0.0
810,1,9724,1.2,0.18247828,0.08390491,0.825,-0.008533806,0.103,0.0,0.0,0.0,0.987749,0.19900946,0.0051598805,0.018618533,-0.0050324956,0.103,0.0,0.0,0.0
810,2,9728,1.2,0.18247828,0.08390491,0.825,-0.008533806,0.103,0.0,0.0,0.0,0.987749,0.19900946,0.0051598805,0.018618533,-0.0050324956,0.103,0.0,0.0,0.0
811,0,9732,1.2,0.18247828,0.08390491,0.825,-0.008533806,0.103,0.022,0.0,0.0,0.987749,0.19900946,0.0051598805,0.018618533,-0.0050324956,0.103,0.0,0.0,0.0
811,1,9736,1.2,0.18247828,0.08390491,0.825,-0.008533806,0.103,0.044,0.0,0.0,0.987749,0.19900946,0.0051598805,0.018618533,-0.0050324956,0.103,0.0,0.0,0.0
811,2,9740,1.2,0.18247828,0.08390491,0.825,-0.008533806,0.103,0.066,0.0,0.0,0.987749,0.19900946,0.0051598805,0.018618533,-0.0050324956,0.103,0.0,0.0,0.0
812,0,9744,1.2,0.18247828,0.08390491,0.825,-0.008533806,0.103,0.088,0.0,0.0,0.987749,0.19900946,0.0051598805,0.018618533,-0.0050324956,0.103,0.0,0.0,0.0
812,1,9748,1.2,0.18247828,0.08390491,0.825,-0.008533806,0.103,0.11,0.0,0.0,0.987749,0.19900946,0.0051598805,0.018618533,-0.0050324956,0.103,0.0,0.0,0.0
812,2,9752,1.2,0.18247828,0.08390491,0.825,-0.008533806,0.103,0.132,0.0,0.0,0.987749,0.19900946,0.0051598805,0.018618533,-0.0050324956,0.103,0.0,0.0,0.0
813,0,9756,1.2,0.18247828,0.08390491,0.825,-0.008533806,0.103,0.11,0.0,0.0,0.987749,0.19900946,0.0051598805,0.018618533,-0.0050324956,0.103,0.0,0.0,0.0
813,1,9760,1.2,0.18247828,0.08390491,0.825,-0.008533806,0.103,0.088,0.0,0.0,0.987749,0.19900946,0.0051598805,0.018618533,-0.0050324956,0.103,0.0,0.0,0.0
813,2,9764,1.2,0.18247828,0.08390491,0.825,-0.008533806,0.103,0.066,0.0,0.0,0.987749,0.19900946,0.0051598805,0.018618533,-0.0050324956,0.103,0.0,0.0,0.0
814,0,9768,1.2,0.18247828,0.08390491,0.825,-0.008533806,0.103,0.044,0.0,0.0,0.987749,0.19900946,0.0051598805,0.018618533,-0.0050324956,0.103,0.0,0.0,0.0
814,1,9772,1.2,0.18247828,0.08390491,0.825,-0.008533806,0.103,0.022,0.0,0.0,0.987749,0.19900946,0.0051598805,0.018618533,-0.0050324956,0.103,0.0,0.0,0.0
814,2,9776,1.2,0.18247828,0.08390491,0.825,-0.008533806,0.103,0.0,0.0,0.0,0.987749,0.19900946,0.0051598805,0.018618533,-0.0050324956,0.103,0.0,0.0,0.0
815,0,9780,1.2,0.18247828,0.08390491,0.825,-0.008533806,0.103,0.0,0.0,0.0,0.987749,0.19900946,0.0051598805,0.018618533,-0.0050324956,0.103,0.0,0.0,0.0
815,1,9784,1.2,0.18247828,0.08390491,0.825,-0.008533806,0.103,0.0,0.0,0.0,0.987749,0.19900946,0.0051598805,0.018618533,-0.0050324956,0.103,0.0,0.0,0.0
815,2,9788,1.2,0.18247828,0.08390491,0.825,-0.008533806,0.103,0.0,0.0,0.0,0.987749,0.19900946,0.0051598805,0.018618533,-0.0050324956,0.103,0.0,0.0,0.0
816,0,9792,1.2,0.18247828,0.08390491,0.825,-0.008533806,0.103,0.0,0.0,0.0,0.987749,0.19900946,0.0051598805,0.018618533,-0.0050324956,0.103,0.0,0.0,0.0
816,1,9796,1.2,0.18247828,0.08390491,0.825,-0.008533806,0.103,0.0,0.0,0.0,0.987749,0.19900946,0.0051598805,0.018618533,-0.0050324956,0.103,0.0,0.0,0.0
816,2,9800,1.2,0.18247828,0.08390491,0.825,-0.008533806,0.103,0.0,0.0,0.0,0.987749,0.19900946,0.0051598805,0.018618533,-0.0050324956,0.103,0.0,0.0,0.0
817,0,9804,1.2,0.18247828,0.08390491,0.825,-0.008533806,0.103,0.0,-0.022,0.0,0.987749,0.19900946,0.0051598805,0.018618533,-0.0050324956,0.103,0.0,0.0,0.0
817,1,9808,1.2,0.18247828,0.08390491,0.825,-0.008533806,0.103,0.0,-0.044,0.0,0.987749,0.19900946,0.0051598805,0.018618533,-0.0050324956,0.103,0.0,0.0,0.0
817,2,9812,1.2,0.18247828,0.08390491,0.825,-0.008533806,0.103,0.0,-0.066,0.0,0.987749,0.19900946,0.0051598805,0.018618533,-0.0050324956,0.103,0.0,0.0,0.0
818,0,9816,1.2,0.18247828,0.08390491,0.825,-0.008533806,0.103,0.0,-0.088,0.0,0.987749,0.19900946,0.0051598805,0.018618533,-0.0050324956,0.103,0.0,0.0,0.0
818,1,9820,1.2,0.18247828,0.08390491,0.825,-0.008533806,0.103,0.0,-0.11,0.0,0.987749,0.19900946,0.0051598805,0.018618533,-0.0050324956,0.103,0.0,0.0,0.0
818,2,9824,1.2,0.18247828,0.08390491,0.825,-0.008533806,0.103,0.0,-0.132,0.0,0.987749,0.19900946,0.0051598805,0.018618533,-0.0050324956,0.103,0.0,0.0,0.0
819,0,9828,1.2,0.18247828,0.08390491,0.825,-0.008533806,0.103,0.0,-0.154,0.0,0.987749,0.19900946,0.0051598805,0.018618533,-0.0050324956,0.103,0.0,0.0,0.0
819,1,9832,1.2,0.18247828,0.08390491,0.825,-0.008533806,0.103,0.0,-0.176,0.0,0.987749,0.19900946,0.0051598805,0.018618533,-0.0050324956,0.103,0.0,0.0,0.0
819,2,9836,1.2,0.18247828,0.08390491,0.825,-0.008533806,0.103,0.0,-0.198,0.0,0.987749,0.19900946,0.0051598805,0.018618533,-0.0050324956,0.103,0.0,0.0,0.0
820,0,9840,1.2,0.18247828,0.08390491,0.825,-0.008533806,0.103,0.0,-0.22,0.0,0.987749,0.19900946,0.0051598805,0.018618533,-0.0050324956,0.103,0.0,0.0,0.0
820,1,9844,1.2,0.18247828,0.08390491,0.825,-0.008533806,0.103,0.0,-0.242,0.0,0.987749,0.19900946,0.0051598805,0.018618533,-0.0050324956,0.103,0.0,0.0,0.0
820,2,9848,1.2,0.18247828,0.08390491,0.825,-0.008533806,0.103,0.0,-0.264,0.0,0.987749,0.19900946,0.0051598805,0.018618533,-0.0050324956,0.103,0.0,0.0,0.0
821,0,9852,1.2,0.18247828,0.08390491,0.825,-0.008533806,0.103,0.0,-0.242,0.0,0.987749,0.19900946,0.0051598805,0.018618533,-0.0050324956,0.103,0.0,0.0,0.0
821,1,9856,1.2,0.18247828,0.08390491,0.825,-0.008533806,0.103,0.0,-0.22,0.0,0.987749,0.19900946,0.0051598805,0.018618533,-0.0050324956,0.103,0.0,0.0,0.0
821,2,9860,1.2,0.18247828,0.08390491,0.825,-0.008533806,0.103,0.0,-0.198,0.0,0.987749,0.19900946,0.0051598805,0.018618533,-0.0050324956,0.103,0.0,0.0,0.0
822,0,9864,1.2,0.18247828,0.08390491,0.825,-0.008533806,0.103,0.0,-0.176,0.0,0.987749,0.19900946,0.0051598805,0.018618533,-0.0050324956,0.103,0.0,0.0,0.0
822,1,9868,1.2,0.18247828,0.08390491,0.825,-0.008533806,0.103,0.0,-0.154,0.0,0.987749,0.19900946,0.0051598805,0.018618533,-0.0050324956,0.103,0.0,0.0,0.0
822,2,9872,1.2,0.18247828,0.08390491,0.825,-0.008533806,0.103,0.0,-0.132,0.0,0.987749,0.19900946,0.0051598805,0.018618533,-0.0050324956,0.103,0.0,0.0,0.0
823,0,9876,1.2,0.18247828,0.08390491,0.825,-0.008533806,0.103,0.0,-0.154,0.0,0.987749,0.19900946,0.0051598805,0.018618533,-0.0050324956,0.103,0.0,0.0,0.0
823,1,9880,1.2,0.18247828,0.08390491,0.825,-0.008533806,0.103,0.0,-0.176,0.0,0.987749,0.19900946,0.0051598805,0.018618533,-0.0050324956,0.103,0.0,0.0,0.0
823,2,9884,1.2,0.18247828,0.08390491,0.825,-0.008533806,0.103,0.0,-0.198,0.0,0.987749,0.19900946,0.0051598805,0.018618533,-0.0050324956,0.103,0.0,0.0,0.0
824,0,9888,1.2,0.18247828,0.08390491,0.825,-0.008533806,0.103,0.0,-0.176,0.0,0.987749,0.19900946,0.0051598805,0.018618533,-0.0050324956,0.103,0.0,0.0,0.0
824,1,9892,1.2,0.18247828,0.08390491,0.825,-0.008533806,0.103,0.0,-0.154,0.0,0.987749,0.19900946,0.0051598805,0.018618533,-0.0050324956,0.103,0.0,0.0,0.0
824,2,9896,1.2,0.18247828,0.08390491,0.825,-0.008533806,0.103,0.0,-0.132,0.0,0.987749,0.19900946,0.0051598805,0.018618533,-0.0050324956,0.103,0.0,0.0,0.0
825,0,9900,1.2,0.18247828,0.08390491,0.825,-0.008533806,0.103,0.0,-0.154,0.0,0.987749,0.19900946,0.0051598805,0.018618533,-0.0050324956,0.103,0.0,0.0,0.0
825,1,9904,1.2,0.18247828,0.08390491,0.825,-0.008533806,0.103,0.0,-0.176,0.0,0.987749,0.19900946,0.0051598805,0.018618533,-0.0050324956,0.103,0.0,0.0,0.0
825,2,9908,1.2,0.18247828,0.08390491,0.825,-0.008533806,0.103,0.0,-0.198,0.0,0.987749,0.19900946,0.0051598805,0.018618533,-0.0050324956,0.103,0.0,0.0,0.0
826,0,9912,1.2,0.18247828,0.08390491,0.825,-0.008533806,0.103,0.0,-0.22,0.0,0.987749,0.19900946,0.0051598805,0.018618533,-0.0050324956,0.103,0.0,0.0,0.0
826,1,9916,1.2,0.18247828,0.08390491,0.825,-0.008533806,0.103,0.0,-0.242,0.0,0.987749,0.19900946,0.0051598805,0.018618533,-0.0050324956,0.103,0.0,0.0,0.0
826,2,9920,1.2,0.18247828,0.08390491,0.825,-0.008533806,0.103,0.0,-0.264,0.0,0.987749,0.19900946,0.0051598805,0.018618533,-0.0050324956,0.103,0.0,0.0,0.0
827,0,9924,1.2,0.18247828,0.08390491,0.825,-0.008533806,0.103,0.0,-0.286,0.0,0.987749,0.19900946,0.0051598805,0.018618533,-0.0050324956,0.103,0.0,0.0,0.0
827,1,9928,1.2,0.18247828,0.08390491,0.825,-0.008533806,0.103,0.0,-0.308,0.0,0.987749,0.19900946,0.0051598805,0.018618533,-0.0050324956,0.103,0.0,0.0,0.0
827,2,9932,1.2,0.18247828,0.08390491,0.825,-0.008533806,0.103,0.0,-0.33,0.0,0.987749,0.19900946,0.0051598805,0.018618533,-0.0050324956,0.103,0.0,0.0,0.0
828,0,9936,1.2,0.18247828,0.08390491,0.825,-0.008533806,0.103,0.0,-0.352,0.0,0.987749,0.19900946,0.0051598805,0.018618533,-0.0050324956,0.103,0.0,0.0,0.0
828,1,9940,1.2,0.18247828,0.08390491,0.825,-0.008533806,0.103,0.0,-0.374,0.0,0.987749,0.19900946,0.0051598805,0.018618533,-0.0050324956,0.103,0.0,0.0,0.0
828,2,9944,1.2,0.18247828,0.08390491,0.825,-0.008533806,0.103,0.0,-0.396,0.0,0.987749,0.19900946,0.0051598805,0.018618533,-0.0050324956,0.103,0.0,0.0,0.0
829,0,9948,1.2,0.18247828,0.08390491,0.825,-0.008533806,0.103,0.0,-0.418,0.0,0.987749,0.19900946,0.0051598805,0.018618533,-0.0050324956,0.103,0.0,0.0,0.0
829,1,9952,1.2,0.18247828,0.08390491,0.825,-0.008533806,0.103,0.0,-0.44,0.0,0.987749,0.19900946,0.0051598805,0.018618533,-0.0050324956,0.103,0.0,0.0,0.0
829,2,9956,1.2,0.18247828,0.08390491,0.825,-0.008533806,0.103,0.0,-0.462,0.0,0.987749,0.19900946,0.0051598805,0.018618533,-0.0050324956,0.103,0.0,0.0,0.0
830,0,9960,1.2,0.18247828,0.08390491,0.825,-0.008533806,0.103,0.0,-0.484,0.0,0.987749,0.19900946,0.0051598805,0.018618533,-0.0050324956,0.103,-0.022,0.0,0.0
830,1,9964,1.2,0.18247828,0.08390491,0.825,-0.008533806,0.103,0.0,-0.506,0.0,0.987749,0.19900946,0.0051598805,0.018618533,-0.0050324956,0.103,-0.044,0.0,0.0
830,2,9968,1.2,0.18247828,0.08390491,0.825,-0.008533806,0.103,0.0,-0.528,0.0,0.987749,0.19900946,0.0051598805,0.018618533,-0.0050324956,0.103,-0.066,0.0,0.0
831,0,9972,1.2,0.18247828,0.08390491,0.825,-0.008533806,0.103,0.0,-0.55,0.0,0.987749,0.19900946,0.0051598805,0.018618533,-0.0050324956,0.103,-0.044,0.022,0.0
831,1,9976,1.2,0.18247828,0.08390491,0.825,-0.008533806,0.103,0.0,-0.572,0.0,0.987749,0.19900946,0.0051598805,0.018618533,-0.0050324956,0.103,-0.022,0.044,0.0
831,2,9980,1.2,0.18247828,0.08390491,0.825,-0.008533806,0.103,0.0,-0.594,0.0,0.987749,0.19900946,0.0051598805,0.018618533,-0.0050324956,0.103,0.0,0.066,0.0
832,0,9984,1.2,0.18247828,0.08390491,0.825,-0.008533806,0.103,0.0,-0.616,0.0,0.987749,0.19900946,0.0051598805,0.018618533,-0.0050324956,0.103,0.0,0.088,0.0
832,1,9988,1.2,0.18247828,0.08390491,0.825,-0.008533806,0.103,0.0,-0.616,0.0,0.987749,0.19900946,0.0051598805,0.018618533,-0.0050324956,0.103,0.0,0.11,0.0
832,2,9992,1.2,0.18247828,0.08390491,0.825,-0.008533806,0.103,0.0,-0.616,0.0,0.987749,0.19900946,0.0051598805,0.018618533,-0.0050324956,0.103,0.0,0.132,0.0
833,0,9996,1.2,0.18247828,0.08390491,0.825,-0.008533806,0.103,0.0,-0.616,0.0,0.987749,0.19900946,0.0051598805,0.018618533,-0.0050324956,0.103,-0.022,0.154,0.0
833,1,10000,1.2,0.18247828,0.08390491,0.825,-0.008533806,0.103,0.0,-0.616,0.0,0.987749,0.19900946,0.0051598805,0.018618533,-0.0050324956,0.103,-0.044,0.176,0.0
833,2,10004,1.2,0.18247828,0.08390491,0.825,-0.008533806,0.103,0.006186322,-0.6108549,-0.00068338215,0.987749,0.19900946,0.0051598805,0.018618533,-0.0050324956,0.103,-0.066151164,0.19794317,-0.0061430032
834,0,10008,1.2,0.18247828,0.08390491,0.825,-0.008533806,0.103,0.052374054,-0.56662476,-1.3583597e-05,0.987749,0.19900946,0.0051598805,0.018618533,-0.0050324956,0.103,-0.08815117,0.21994317,-0.005765896
834,1,10012,1.2,0.18247828,0.08390491,0.825,-0.008533806,0.103,0.108393446,-0.51095784,0.00089256134,0.987749,0.19900946,0.0051598805,0.018618533,-0.0050324956,0.103,-0.11015117,0.24194317,-0.0055239284
834,2,10016,1.2,0.18247828,0.08390491,0.825,-0.008533806,0.103,0.16957517,-0.4460266,0.002052853,0.987749,0.19900946,0.0051598805,0.018618533,-0.0050324956,0.103,-0.13215117,0.2639432,-0.005300318
835,0,10020,1.2,0.18247828,0.08390491,0.825,-0.008533806,0.103,0.209938,-0.40188316,0.004012775,0.987749,0.19900946,0.0051598805,0.018618533,-0.0050324956,0.103,-0.15415119,0.28594318,-0.0060443543
835,1,10024,1.2,0.18247828,0.08390491,0.825,-0.008533806,0.103,0.25587457,-0.3484161,0.005156116,0.987749,0.19900946,0.0051598805,0.018618533,-0.0050324956,0.103,-0.17615119,0.3079432,-0.0055696405
835,2,10028,1.2,0.18247828,0.08390491,0.825,-0.008533806,0.103,0.30113444,-0.29313478,0.005660942,0.987749,0.19900946,0.0051598805,0.018618533,-0.0050324956,0.103,-0.1981512,0.3299432,-0.004832202
836,0,10032,1.2,0.18247828,0.08390491,0.825,-0.008533806,0.103,0.33731395,-0.24866842,0.0060528982,0.987749,0.19900946,0.0051598805,0.018618533,-0.0050324956,0.103,-0.17666125,0.35168594,-0.0044031385
836,1,10036,1.2,0.18247828,0.08390491,0.825,-0.008533806,0.103,0.36361504,-0.21913846,0.007302942,0.987749,0.19900946,0.0051598805,0.018618533,-0.0050324956,0.103,-0.17468767,0.36235756,-0.004616169
836,2,10040,1.2,0.18247828,0.08390491,0.825,-0.008533806,0.103,0.3861739,-0.19602843,0.008457238,0.987749,0.19900946,0.0051598805,0.018618533,-0.0050324956,0.103,-0.1825349,0.36553267,-0.0047900607
837,0,10044,1.1999938,0.18247828,0.08390491,0.825,-0.008533806,0.103,0.37602368,-0.19131602,0.007679778,0.9877487,0.19885898,0.0051598805,0.018618533,-0.0050324956,0.103,-0.20305963,0.35758406,-0.0040478776
837,1,10048,1.1999521,0.18247828,0.08390491,0.825,-0.008533806,0.103,0.36975777,-0.17310876,0.0073078936,0.9877248,0.1983169,0.0051598805,0.018618533,-0.0050324956,0.103,-0.22625127,0.3439573,-0.0037720145
837,2,10052,1.1998097,0.18247828,0.08390491,0.825,-0.008533806,0.103,0.36401913,-0.1460361,0.0065454906,0.98761797,0.1970213,0.0051598805,0.018618533,-0.0050324956,0.103,-0.25033933,0.32499906,-0.0034324962
838,0,10056,1.1994687,0.18247828,0.08390491,0.825,-0.008533806,0.103,0.38988167,-0.10962708,0.00544464,0.9873315,0.19464703,0.0051598805,0.018618533,-0.0050324956,0.103,-0.27440444,0.30011317,-0.0029659604
838,1,10060,1.199094,0.18247828,0.08360322,0.825,-0.008533806,0.103,0.41280663,-0.08294671,0.005134955,0.98700565,0.19244952,0.0051598805,0.01864246,-0.0050324956,0.103,-0.2924681,0.2758079,-0.013290843
838,2,10064,1.1988308,0.18247828,0.08329028,0.825,-0.008533806,0.103,0.4354376,-0.055900782,0.005532763,0.9867759,0.1911457,0.0051598805,0.018685041,-0.0050324956,0.103,-0.30571806,0.25099835,-0.014385151
839,0,10068,1.1986603,0.18247828,0.08309094,0.825,-0.008533806,0.103,0.4579135,-0.022420388,0.006169623,0.98662806,0.19038752,0.0051598805,0.018685041,-0.0050324956,0.103,-0.31448543,0.22601502,-0.01530879
839,1,10072,1.1982942,0.18146269,0.08152975,0.82556325,-0.008533806,0.103,0.47860578,0.022496048,0.004950635,0.9862917,0.18922459,0.0061582294,0.019709384,-0.0050324956,0.103,-0.322326,0.1945334,-0.016190043
839,2,10076,1.1977416,0.1790836,0.078602135,0.8276313,-0.008533806,0.103,0.49013644,0.06758253,0.0035025363,0.98576605,0.18767042,0.008709994,0.022026647,-0.0050324956,0.103,-0.3259554,0.16210487,-0.017041631
840,0,10080,1.1969123,0.17498359,0.07377134,0.83191127,-0.008533806,0.103,0.4894308,0.12932025,0.0011737178,0.98495877,0.18538217,0.013504022,0.026312727,-0.0050324956,0.103,-0.32537177,0.1291208,-0.017844992
840,1,10084,1.1969123,0.17454311,0.07377134,0.83191127,-0.008533806,0.103,0.4858604,0.17423277,0.0044207596,0.98495877,0.18532352,0.013504022,0.026312727,-0.0050324956,0.103,-0.31731403,0.10654312,-0.018573454
840,2,10088,1.196741,0.17300028,0.073345035,0.832247,-0.013614483,0.103,0.47313225,0.22329779,0.002937162,0.98480886,0.18497778,0.014349969,0.026388196,-0.0050324956,0.103,-0.30733553,0.078274496,-0.01926409
841,0,10092,1.1962732,0.17010711,0.07095854,0.83467704,-0.017455064,0.103,0.43774462,0.28734475,0.0013215883,0.98436177,0.1841363,0.017238813,0.028532686,-0.0033993272,0.103,-0.29358357,0.05184224,-0.019773025
841,1,10096,1.1960795,0.16839813,0.070331044,0.83548915,-0.01827182,0.103,0.4058589,0.33050448,0.001709359,0.98418796,0.18360989,0.01836095,0.02906934,-0.0031150545,0.103,-0.2761684,0.032780744,-0.02019491
841,2,10100,1.195778,0.16648918,0.06914234,0.83700746,-0.01957422,0.103,0.3683799,0.36752042,0.0011971493,0.98391104,0.18292996,0.020196337,0.030242931,-0.002186204,0.103,-0.2561407,0.013557342,-0.020507844
842,0,10104,1.1953335,0.16416837,0.06718223,0.83946466,-0.02172629,0.103,0.3408864,0.3889031,0.0,0.9834926,0.18370873,0.023004109,0.03229765,-0.00038712606,0.103,-0.23361301,-0.0031821202,-0.02074404
842,1,10108,1.1950976,0.1623523,0.066596456,0.84062415,-0.022571951,0.103,0.31324998,0.40526924,0.0,0.9832766,0.18397975,0.024464661,0.033068318,0.00018076603,0.103,-0.20949703,-0.013652354,-0.020878345
842,2,10112,1.1948667,0.16076362,0.06607173,0.8417809,-0.023375718,0.103,0.27172115,0.4239834,0.0,0.9830595,0.18401405,0.025946056,0.033828493,0.000732299,0.103,-0.18378806,-0.022266435,-0.020974563
843,0,10116,1.194642,0.1593053,0.06558984,0.84293073,-0.024128558,0.103,0.21147045,0.42118832,0.0,0.9828423,0.18401405,0.027441032,0.03457571,0.0012699045,0.103,-0.1576159,-0.02577725,-0.02101463
843,1,10120,1.1944247,0.15797253,0.06520411,0.8440626,-0.024781018,0.103,0.17694092,0.40466687,0.0,0.9826255,0.18401405,0.028943114,0.03531102,0.001782218,0.103,-0.13118574,-0.02607006,-0.0210174
843,2,10124,1.1942109,0.15675427,0.0649536,0.8451528,-0.025368692,0.103,0.15494092,0.3826669,0.0,0.9824087,0.18401405,0.030447587,0.03603507,0.0022701812,0.103,-0.104464635,-0.024335926,-0.020978272
844,0,10128,1.1940004,0.15559769,0.064833246,0.8461948,-0.025866745,0.103,0.13294092,0.3606669,0.0,0.98219246,0.18401405,0.031912994,0.03674805,0.002718942,0.103,-0.07738944,-0.0210207,-0.020880565
844,1,10132,1.1937629,0.15443635,0.06448809,0.8472526,-0.02594058,0.103,0.10794562,0.33961892,0.0,0.98197573,0.18401405,0.03330979,0.037467353,0.0031205204,0.103,-0.050759338,-0.015330394,-0.020722793
844,2,10136,1.1935192,0.15303297,0.063630745,0.8482798,-0.02594058,0.103,0.07253184,0.3206531,0.0,0.98175913,0.18401405,0.03467098,0.038179412,0.0035012793,0.103,-0.025896616,-0.008610159,-0.020507116
845,0,10140,1.1933097,0.15128532,0.06294566,0.84923023,-0.02594058,0.103,0.045050584,0.29947767,0.03953658,0.98154247,0.18401405,0.036012728,0.038890965,0.0038588094,0.103,-0.0034913458,-0.0011895123,-0.020259306
845,1,10144,1.1930721,0.14948168,0.06268801,0.85020983,-0.02594058,0.103,0.023050584,0.27747768,0.0369684,0.98132545,0.18401405,0.03733833,0.039596796,0.004205073,0.103,0.0,0.0,-0.019995756
845,2,10148,1.1928451,0.14768262,0.062410664,0.85113335,-0.02594058,0.103,0.0010505837,0.25547767,0.033890553,0.981109,0.18401405,0.03863627,0.0403056,0.004555125,0.103,0.0,0.0,-0.019812573
846,0,10152,1.1926217,0.14591485,0.06228363,0.851983,-0.02594058,0.103,-0.010475041,0.23300676,0.030793885,0.980893,0.18401405,0.039923005,0.041019693,0.004902982,0.103,0.0069416002,0.0024668758,-0.019711798
846,1,10156,1.1924038,0.14421067,0.062202677,0.8527393,-0.02594058,0.103,4.0559292e-11,0.21100676,0.02784617,0.98067725,0.18401405,0.04122881,0.041723672,0.00525848,0.103,0.007562422,0.0026174725,-0.019650007
846,2,10160,1.1921917,0.1425895,0.06213862,0.8534109,-0.02594058,0.103,3.5282905e-11,0.18900676,0.025131455,0.98046064,0.18401405,0.04253267,0.04242021,0.005632614,0.103,0.0075900056,0.0026186993,-0.019644035
847,0,10164,1.1919904,0.14104974,0.06213862,0.8540045,-0.02594058,0.103,1.1308184e-11,0.16700676,0.022725621,0.98024464,0.18401405,0.043857027,0.04312148,0.0059887846,0.103,0.007468731,0.0025247626,-0.019728148
847,1,10168,1.1917949,0.13956003,0.06213862,0.8545954,-0.023589937,0.103,-6.4261624e-11,0.14500676,0.0,0.98002875,0.18401405,0.0451767,0.043824736,0.0063527934,0.103,0.007448763,0.0025216457,-0.019810056
847,2,10172,1.1916026,0.13809858,0.06213862,0.85511154,-0.023233715,0.103,-3.9906915e-11,0.12300677,0.0,0.97981316,0.18401405,0.04648967,0.04453225,0.0067199655,0.103,0.007391302,0.0024783679,-0.019925438
848,0,10176,1.1914139,0.13668212,0.06213862,0.855584,-0.022787882,0.103,-1.2864904e-11,0.10100677,0.0,0.979597,0.18401405,0.047812406,0.045241036,0.0070763393,0.103,0.0072123907,0.002350855,-0.02005983
848,1,10180,1.1912241,0.13530627,0.06213862,0.8560304,-0.022297366,0.103,4.7280263e-11,0.07900677,0.0,0.97938156,0.18401405,0.049117126,0.045954157,0.00743214,0.103,0.0071060057,0.002288785,-0.020181987
848,2,10184,1.1910334,0.13396303,0.06213862,0.8564981,-0.021788388,0.103,-2.864976e-11,0.05700677,0.0,0.9791657,0.18401405,0.050406937,0.046660773,0.007776582,0.103,0.006661877,0.0019902966,-0.020275718
849,0,10188,1.1908405,0.13264042,0.06213862,0.85697234,-0.021312745,0.103,-5.2122195e-12,0.03500677,0.0,0.97895086,0.18401405,0.0516918,0.04736008,0.008129602,0.103,0.03282035,0.009274673,-0.020350821
849,1,10192,1.1906495,0.13134763,0.06213862,0.85738176,-0.02078052,0.103,-1.456041e-12,0.01300677,0.0,0.97873604,0.18405949,0.05298227,0.048051916,0.008454984,0.103,0.058933455,0.017095808,-0.020292424
849,2,10196,1.1906495,0.1300919,0.062736854,0.85771704,-0.02078052,0.103,-9.316306e-12,-0.008993231,0.014272433,0.9785217,0.18417624,0.05426304,0.04874217,0.008772599,0.103,0.08520097,0.023851866,-0.02013286
850,0,10200,1.1906495,0.12866057,0.062736854,0.85799444,-0.02078052,0.103,1.7287467e-12,-0.03099323,0.013149145,0.97830766,0.18429942,0.055512,0.049428448,0.00907409,0.103,0.11138771,0.030623186,-0.019890308
850,1,10204,1.1906495,0.12688567,0.062736854,0.8583176,-0.01992824,0.103,-0.021944672,-0.041345924,0.0,0.9780931,0.18437983,0.056711398,0.05010455,0.009371096,0.103,0.1373908,0.038241073,-0.019553298
850,2,10208,1.1906495,0.12490731,0.062736854,0.8586583,-0.01960015,0.103,-0.0010990738,-0.06332685,0.0,0.9778784,0.18438326,0.05788831,0.050781544,0.00966202,0.103,0.16407466,0.04189964,-0.019188574
851,0,10212,1.1906495,0.12285252,0.062736854,0.8589967,-0.01960015,0.103,-0.0257879,-0.076650955,0.0,0.97766453,0.18438326,0.059026632,0.05145783,0.009955246,0.103,0.14885513,0.035338186,-0.01881776
851,1,10216,1.1906495,0.12092034,0.062736854,0.8593545,-0.01960015,0.103,-0.0060666916,-0.09851062,0.010835949,0.9774508,0.18438326,0.060114514,0.052126512,0.010294253,0.103,0.13303225,0.029072875,-0.018598093
851,2,10220,1.1895987,0.119039156,0.062736854,0.859829,-0.01960015,0.103,1.1443029e-11,-0.12051062,0.0100393,0.97723573,0.18438326,0.06118552,0.052793667,0.010648857,0.103,0.116571754,0.023014402,-0.018528901
852,0,10224,1.1895987,0.11789129,0.062736854,0.859829,-0.01960015,0.103,-0.007565211,-0.14208765,0.009187496,0.97723573,0.18438326,0.06118552,0.052793667,0.010648857,0.103,0.09921496,0.019135378,-0.018558217
852,1,10228,1.1895987,0.11780454,0.062736854,0.859829,-0.01960015,0.103,-0.01698343,-0.16178738,0.008381822,0.97723573,0.18438326,0.06118552,0.052793667,0.010648857,0.103,0.08072703,0.019401364,-0.018720455
852,2,10232,1.1895987,0.11771218,0.062736854,0.859829,-0.01960015,0.103,-0.025003066,-0.17891581,0.00207926,0.97723573,0.18438326,0.06118552,0.052793667,0.010648857,0.103,0.06198063,0.017680163,-0.018928675
853,0,10236,1.1895987,0.117629595,0.062736854,0.859829,-0.01960015,0.103,-0.041654315,-0.1881482,0.007012226,0.97723573,0.18438326,0.06118552,0.052793667,0.010648857,0.103,0.04264227,0.016203487,-0.019194886
853,1,10240,1.1895987,0.117484376,0.062736854,0.859829,-0.01960015,0.103,-0.048297547,-0.20097739,0.0065062637,0.97723573,0.18438326,0.06118552,0.052793667,0.010648857,0.103,0.022842042,0.014338074,-0.019477004
853,2,10244,1.1895987,0.1174254,0.062736854,0.859829,-0.01960015,0.103,-0.07195606,-0.1970054,0.0024029268,0.97723573,0.18438326,0.06118552,0.052793667,0.010648857,0.103,0.0024007594,0.014644258,-0.019773174
854,0,10248,1.1895987,0.11742337,0.062736854,0.859829,-0.01960015,0.103,-0.092969045,-0.1788024,0.0027137827,0.97723573,0.18438326,0.06118552,0.052793667,0.010648857,0.103,0.0010736908,0.017620543,-0.020078236
854,1,10252,1.1895987,0.11741493,0.062736854,0.859829,-0.01960015,0.103,-0.10589549,-0.16510734,0.0025471856,0.97723573,0.18438326,0.06118552,0.052793667,0.010648857,0.103,0.0009288376,0.018587936,-0.02029839
854,2,10256,1.1895987,0.117411606,0.062736854,0.859829,-0.01960015,0.103,-0.11376762,-0.15125905,0.0025497454,0.97723573,0.18438326,0.06118552,0.052793667,0.010648857,0.103,0.0007846106,0.019581603,-0.020384887
855,0,10260,1.1895987,0.117411606,0.062736854,0.859829,-0.01960015,0.103,-0.103661776,-0.16265045,0.0034671645,0.97723573,0.18438326,0.06118552,0.052793667,0.010648857,0.103,0.00043079592,0.02744636,-0.020362714
855,1,10264,1.1895987,0.117411606,0.062736854,0.859829,-0.01960015,0.103,-0.09119891,-0.17512716,0.0042932546,0.97723573,0.18438326,0.06118552,0.052793667,0.010648857,0.103,0.00023783605,0.040284127,-0.020291436
855,2,10268,1.1895987,0.117411606,0.062736854,0.859829,-0.01960015,0.103,-0.07153756,-0.1955102,0.00502766,0.97723573,0.18438326,0.06118552,0.052793667,0.010648857,0.103,8.722302e-05,0.05907778,-0.020188492
856,0,10272,1.1895987,0.117411606,0.062736854,0.859829,-0.01960015,0.103,-0.054412518,-0.21354467,0.0050903563,0.97723573,0.18438326,0.06118552,0.052793667,0.010648857,0.103,0.0001579277,0.075927146,-0.020063747
856,1,10276,1.1895987,0.117411606,0.062736854,0.859829,-0.01960015,0.103,-0.038791258,-0.22949907,0.0053394902,0.97723573,0.18438326,0.06118552,0.052793667,0.010648857,0.103,0.00020843986,0.09172046,-0.019953161
856,2,10280,1.1895987,0.117411606,0.062736854,0.859829,-0.01960015,0.103,-0.023739142,-0.24348636,0.005679427,0.97723573,0.18438326,0.06118552,0.052793667,0.010648857,0.103,0.0002498898,0.10699247,-0.019815223
857,0,10284,1.1895987,0.117411606,0.062736854,0.859829,-0.01960015,0.103,-0.010330384,-0.25267324,0.00601145,0.97723573,0.18438326,0.06118552,0.052793667,0.010648857,0.103,0.0004168682,0.11994749,-0.01969813
857,1,10288,1.1895987,0.117411606,0.062736854,0.859829,-0.01960015,0.103,-0.007585241,-0.25926968,0.006478661,0.97723573,0.18438326,0.06118552,0.052793667,0.010648857,0.103,0.0005317448,0.13208549,-0.01956878
857,2,10292,1.1895987,0.117411606,0.062736854,0.859829,-0.01960015,0.103,-0.00674145,-0.26245773,0.006877504,0.97723573,0.18438326,0.06118552,0.052793667,0.010648857,0.103,0.000739418,0.14250365,-0.019427733
858,0,10296,1.1895987,0.117411606,0.062736854,0.859829,-0.01960015,0.103,-0.0073809316,-0.2571294,0.0070624882,0.97723573,0.18438326,0.06118552,0.052793667,0.010648857,0.103,0.0012385381,0.14763762,-0.019299457
858,1,10300,1.1895987,0.117411606,0.062736854,0.859829,-0.01960015,0.103,-0.01001087,-0.2297711,0.006799066,0.97723573,0.18438326,0.06118552,0.052793667,0.010648857,0.103,0.0024703743,0.13860339,-0.019184241
858,2,10304,1.1895987,0.117411606,0.062736854,0.859829,-0.01960015,0.103,-0.0097922385,-0.18990086,0.006644394,0.97723573,0.18438326,0.06118552,0.052793667,0.010648857,0.103,0.0033531026,0.12042794,-0.019102927
859,0,10308,1.1895987,0.117411606,0.062736854,0.859829,-0.01960015,0.103,-0.007829461,-0.1557256,0.0069104955,0.99596596,0.18438326,0.06118552,0.052793667,0.010648857,0.103,0.0035239523,0.104261965,-0.019039052
859,1,10312,1.1895987,0.117411606,0.062736854,0.859829,-0.01960015,0.103,-0.007162647,-0.11644367,0.00661853,1.0126616,0.18438326,0.06118552,0.052793667,0.010648857,0.103,0.0044713146,0.082588345,-0.018986773
859,2,10316,1.1895987,0.11731953,0.062736854,0.859829,-0.01960015,0.103,-0.008014282,-0.063928775,0.004978913,1.0239208,0.18438326,0.06118552,0.052793667,0.010648857,0.103,0.005998819,0.048283435,-0.019001499
860,0,10320,1.1895987,0.1170087,0.062736854,0.859829,-0.01960015,0.103,-0.0074453023,-0.037120055,0.0049751583,1.0330284,0.18438326,0.06118552,0.052793667,0.010648857,0.103,0.004470545,0.0299278,-0.019064525
860,1,10324,1.1893915,0.113904774,0.062736854,0.859829,-0.01960015,0.103,-0.006926581,-0.016720077,0.0033713991,1.0267396,0.18438326,0.061384723,0.052793667,0.010648857,0.103,0.0043543177,0.014194584,-0.01915065
860,2,10328,1.1893685,0.11309074,0.062736854,0.859829,-0.01960015,0.103,-0.004298359,-0.014002584,0.004707397,1.0303328,0.18438326,0.061384723,0.052793667,0.010648857,0.103,0.0026784055,0.01269583,-0.019277541
861,0,10332,1.189231,0.11144958,0.062736854,0.859829,-0.01960015,0.103,-0.0044674804,-0.010768393,0.0040376345,1.0221524,0.18438326,0.061467703,0.052793667,0.010648857,0.103,0.0,0.0,-0.01939633
861,1,10336,1.189189,0.110768616,0.062736854,0.859829,-0.01960015,0.103,-0.004064236,-0.011219057,0.004891719,1.0182337,0.18438326,0.061467703,0.052793667,0.010648857,0.103,0.0,0.0,-0.019480513
861,2,10340,1.1891551,0.11026111,0.062736854,0.859829,-0.01960015,0.103,-0.004164679,-0.011658343,0.0052411817,1.0154207,0.18438326,0.061467703,0.052793667,0.010648857,0.103,0.0,0.0,-0.019595997
862,0,10344,1.1891433,0.10998092,0.062736854,0.859829,-0.01960015,0.103,-0.0040411726,-0.012593198,0.0058502085,1.0137614,0.18438326,0.061467703,0.052793667,0.010648857,0.103,0.0,0.0,-0.019703371
862,1,10348,1.1891372,0.10979357,0.062736854,0.859829,-0.01960015,0.103,-0.004043902,-0.013387254,0.00628225,1.0126266,0.18438326,0.061467703,0.052793667,0.010648857,0.103,0.0,0.0,-0.019767622
862,2,10352,1.1891339,0.10965414,0.062736854,0.859829,-0.01960015,0.103,-0.003994194,-0.014033153,0.006666384,1.0118158,0.18438326,0.061467703,0.052793667,0.010648857,0.103,0.0,0.0,-0.019832864
863,0,10356,1.1891334,0.10955565,0.062736854,0.859829,-0.01960015,0.103,-0.0038856897,-0.014693203,0.0070926487,1.0112567,0.18438326,0.061467703,0.052793667,0.010648857,0.103,0.0,0.0,-0.019890074
863,1,10360,1.1891327,0.10947303,0.062736854,0.859829,-0.01960015,0.103,-0.0038028676,-0.01511575,0.0073706186,1.010819,0.18438326,0.061467703,0.052793667,0.010648857,0.103,0.0,0.0,-0.019970356
863,2,10364,1.1891237,0.10936045,0.062736854,0.859829,-0.01960015,0.103,-0.0037920491,-0.01476018,0.0073115383,1.0103345,0.18438326,0.061467703,0.052793667,0.010648857,0.103,0.0,0.0,-0.020050718
864,0,10368,1.1891237,0.109304555,0.062736854,0.859829,-0.01960015,0.103,-0.0034623225,-0.015488527,0.007995584,1.0200453,0.18438326,0.061467703,0.052793667,0.010648857,0.103,0.0015647823,0.009122342,-0.020096518
864,1,10372,1.1890758,0.10905318,0.062736854,0.859829,-0.01960015,0.103,-0.0036751092,-0.013412518,0.006902554,1.0260954,0.18438326,0.061467703,0.052793667,0.010648857,0.103,0.002530441,0.010987127,-0.020132462
864,2,10376,1.1888765,0.10825202,0.062481806,0.859829,-0.01960015,0.103,-0.0036624356,-0.010080775,0.0055668484,1.0266659,0.18438326,0.062135443,0.052793667,0.010648857,0.103,0.0030107433,0.009279448,-0.020186719
865,0,10380,1.1887015,0.10752935,0.06219081,0.859829,-0.01960015,0.103,-0.0032077804,-0.008954979,0.005625236,1.0271525,0.18438326,0.06275967,0.052793667,0.010648857,0.103,0.027582541,0.010947128,-0.02022378
865,1,10384,1.1885569,0.10692073,0.06192744,0.859829,-0.01960015,0.103,-0.002901388,-0.008599153,0.005769955,1.0279026,0.18438326,0.06328791,0.052793667,0.010648857,0.103,0.052038226,0.013714523,-0.02018465
865,2,10388,1.1883326,0.106055304,0.06117449,0.8600412,-0.01960015,0.103,-0.0029937264,-0.007476535,0.005166267,1.0264661,0.18438326,0.064316,0.052957933,0.010648857,0.103,0.07652089,0.01560258,-0.020045295
866,0,10392,1.1881369,0.105295256,0.06048217,0.86028326,-0.01960015,0.103,-0.0028160368,-0.0070148553,0.005166556,1.0254915,0.18438326,0.06522505,0.053168617,0.010648857,0.103,0.10093874,0.018408664,-0.01985545
866,1,10396,1.1879946,0.104732126,0.06001828,0.86038774,-0.01960015,0.103,-0.0026127293,-0.007035143,0.005430758,1.0255159,0.18438326,0.06585058,0.0532558,0.010648857,0.103,0.12531771,0.021634132,-0.019633682
866,2,10400,1.187862,0.10421633,0.059565704,0.8605136,-0.01960015,0.103,-0.002487408,-0.0069395383,0.005505336,1.0256828,0.18438326,0.066435285,0.053376384,0.010648857,0.103,0.14969659,0.024184946,-0.019385029
867,0,10404,1.1877624,0.10379824,0.05926877,0.8605224,-0.01960015,0.103,-0.002242586,-0.007091654,0.005817419,1.0265106,0.18438326,0.066827826,0.05338782,0.010648857,0.103,0.17398602,0.026278013,-0.019145275
867,1,10408,1.1876627,0.10340123,0.058951143,0.8605559,-0.01960015,0.103,-0.002002631,-0.0070626168,0.005922244,1.0273118,0.18438326,0.06721894,0.053433042,0.010648857,0.103,0.19817588,0.027166622,-0.018895648
867,2,10412,1.1875564,0.10300499,0.05858072,0.8606374,-0.01960015,0.103,-0.0016509554,-0.006908365,0.0059773983,1.0279547,0.18438326,0.06764336,0.05353188,0.010648857,0.103,0.22217987,0.026737196,-0.018654551
868,0,10416,1.18732,0.1022908,0.05743007,0.86141515,-0.01960015,0.103,-0.0014321127,-0.0056373705,0.005020232,1.0263062,0.18438326,0.06884203,0.054338574,0.010648857,0.103,0.24597958,0.02362483,-0.0184265
868,1,10420,1.1870965,0.10158655,0.056345306,0.8621411,-0.01960015,0.103,-0.0011773524,-0.005069504,0.0048516016,1.0250442,0.18438326,0.069950685,0.055093158,0.010648857,0.103,0.2692804,0.01908656,-0.0181983
868,2,10424,1.186984,0.101131566,0.055925988,0.862267,-0.01960015,0.103,-0.0009408037,-0.005472272,0.0054984963,1.0254577,0.18438326,0.07037349,0.055246145,0.010648857,0.103,0.29191434,0.013635244,-0.017979722
869,0,10428,1.1869096,0.100807086,0.055730786,0.862267,-0.01960015,0.103,-0.0006297748,-0.005919586,0.0060225935,1.0265615,0.18362682,0.070555605,0.055246145,0.010648857,0.103,0.3137415,0.0062078172,-0.017786857
869,1,10432,1.18686,0.10058396,0.05567737,0.862267,-0.01960015,0.103,-0.0004887626,-0.0064502163,0.006602329,1.0282265,0.18299697,0.070579186,0.055246145,0.010648857,0.103,0.33446372,-0.003766351,-0.017601434
869,2,10436,1.186809,0.10039401,0.055609204,0.862267,-0.01960015,0.103,-0.00031882524,-0.006788093,0.0069529135,1.0299509,0.18234992,0.070599385,0.055246145,0.010648857,0.103,0.35367924,-0.016929435,-0.017453594
870,0,10440,1.1867096,0.1001233,0.05525785,0.862267,-0.01960015,0.103,-0.0001444516,-0.006490824,0.00668966,1.0306741,0.18142892,0.07087395,0.0552685,0.010648857,0.103,0.3711925,-0.035853155,-0.01732511
870,1,10444,1.1866609,0.09996831,0.05519809,0.862267,-0.01960015,0.103,-2.2702096e-05,-0.007053844,0.0074699703,1.0325668,0.18077415,0.07087395,0.0552685,0.010648857,0.103,0.38646084,-0.05306431,-0.017208505
870,2,10448,1.186518,0.09963095,0.054582603,0.8623879,-0.01960015,0.103,0.00013089819,-0.006296364,0.0066318335,1.0324324,0.17958347,0.07132198,0.05553283,0.010648857,0.103,0.39839566,-0.07605629,-0.017112724
871,0,10452,1.1864152,0.09963095,0.054203574,0.8623879,-0.01960015,0.103,0.000255239,-0.0064056655,0.0070446883,1.0292197,0.17860514,0.07151669,0.055626944,0.010648857,0.103,0.41621473,-0.11286162,-0.017028745
871,1,10456,1.1862751,0.09963095,0.053598944,0.8625898,-0.01960015,0.103,0.00043911344,-0.0060733585,0.0067602014,1.0270017,0.17742005,0.07186801,0.055933468,0.010648857,0.103,0.43369642,-0.14777797,-0.016984086
871,2,10460,1.1861405,0.09963095,0.053027175,0.8627917,-0.01960015,0.103,0.0006371371,-0.0059548332,0.0068123983,1.0256312,0.17624106,0.07214226,0.056230966,0.010648857,0.103,0.44841856,-0.18676202,-0.016931616
872,0,10464,1.1859957,0.09963095,0.052390248,0.863064,-0.01960015,0.103,0.0008630815,-0.0057714963,0.0067247865,1.0247382,0.17497633,0.07242111,0.056602556,0.010648857,0.103,0.45811108,-0.23225565,-0.016841799
872,1,10468,1.1857986,0.09963095,0.051425926,0.86363137,-0.01960015,0.103,0.0009484888,-0.0052118795,0.0062035113,1.0240643,0.17340346,0.07292209,0.057285298,0.010648857,0.103,0.46470633,-0.27919212,-0.016735822
872,2,10472,1.1855503,0.09963095,0.050134208,0.8645007,-0.01992182,0.103,0.0011231527,-0.004527464,0.0055660116,1.0235333,0.17154591,0.07363902,0.058285903,0.010648857,0.103,0.46536547,-0.33046392,-0.01665968
873,0,10476,1.185375,0.09963095,0.049284726,0.86496997,-0.020039242,0.103,0.0,0.0,0.0058185784,1.0232284,0.16999377,0.07389295,0.058879893,0.010648857,0.103,0.41495574,-0.34181514,-0.016612675
873,1,10480,1.1852152,0.09963095,0.048531763,0.8653551,-0.020160915,0.103,0.0,0.0,0.005888207,1.0230119,0.16848941,0.07400289,0.05937659,0.010648857,0.103,0.36286348,-0.3499729,-0.016602358
873,2,10484,1.185072,0.09963095,0.04787574,0.8656493,-0.020241475,0.103,0.0,0.0,0.006041156,1.022843,0.16711184,0.07407228,0.05978825,0.010648857,0.103,0.31367102,-0.35149208,-0.016906256
874,0,10488,1.1849862,0.09963095,0.047557794,0.8656493,-0.020241475,0.103,0.0013046792,-0.0041743573,0.0067483285,1.0227464,0.16606101,0.07407228,0.0598736,0.010648857,0.103,0.2684525,-0.34690696,-0.0032221794
874,1,10492,1.1849138,0.09963095,0.047283657,0.8656493,-0.020241475,0.103,0.00194333,-0.0053231744,0.007267685,1.0226676,0.16523732,0.07407228,0.05989419,0.010648857,0.103,0.22675782,-0.33773047,-0.0036242958
874,2,10496,1.1848345,0.09963095,0.046911824,0.8656493,-0.020241475,0.103,0.002515043,-0.0058012996,0.0075857406,1.0225831,0.16456969,0.07407228,0.05996492,0.010648857,0.103,0.19531251,-0.32137564,-0.00399593
875,0,10500,1.184679,0.09963095,0.046044003,0.8659297,-0.020241475,0.103,0.0027117173,-0.0054168515,0.0070107216,1.0224229,0.16385244,0.07409034,0.060474716,0.010648857,0.103,0.16177958,-0.3053619,-0.0038759385
875,1,10504,1.1844512,0.09963095,0.044706576,0.86664534,-0.020241475,0.103,0.0028863356,-0.004766845,0.0062488257,1.0221916,0.16308413,0.07460259,0.061413098,0.010648857,0.103,0.13324022,-0.2863699,-0.0036025823
875,2,10508,1.1841743,0.09963095,0.043063127,0.8676665,-0.020241475,0.103,0.0032808015,-0.0041814484,0.0054896236,1.0219145,0.16230075,0.07545417,0.06264285,0.010648857,0.103,0.11124022,-0.2643699,-0.0032740405
876,0,10512,1.1840436,0.09963095,0.042355947,0.8678613,-0.020241475,0.103,0.0035548415,-0.004692527,0.006331215,1.0217868,0.16190152,0.07552822,0.06299595,0.010648857,0.103,0.08924023,-0.2423699,-0.003883622
876,1,10516,1.1838952,0.09963095,0.041522197,0.8681577,-0.020241475,0.103,0.0040242504,-0.004849053,0.006330264,1.0216458,0.16158165,0.07570078,0.06344248,0.010648857,0.103,0.06724023,-0.2203699,-0.0039700596
876,2,10520,1.1838516,0.09963095,0.04134692,0.8681577,-0.020241475,0.103,0.0040127994,-0.0057282075,0.0077448157,1.0216105,0.16150355,0.07570078,0.06344248,0.010648857,0.103,0.04524023,-0.19836992,-0.004947946
877,0,10524,1.1838378,0.09963095,0.04134692,0.8681577,-0.020241475,0.103,0.004161375,-0.0066770595,0.0089782225,1.0216053,0.16148767,0.07570078,0.06344248,0.010648857,0.103,0.023240231,-0.17636992,-0.0058378666
877,1,10528,1.1838133,0.09963095,0.041271545,0.8681577,-0.020241475,0.103,0.004348974,-0.0073127653,0.009665128,1.0215902,0.16148397,0.07570078,0.06344248,0.010648857,0.103,0.0012402305,-0.15436992,-0.0063795205
877,2,10532,1.1838133,0.09963095,0.041271545,0.8681577,-0.020241475,0.103,0.0041107424,-0.008381575,0.011285242,1.0215902,0.16148397,0.07570078,0.06344248,0.010648857,0.103,2.7561045e-10,-0.13236994,-0.0075468896
878,0,10536,1.1838077,0.09963095,0.041271545,0.8681577,-0.020241475,0.103,0.0,0.0,0.011771796,1.0215902,0.16148397,0.07570078,0.06344248,0.010648857,0.103,1.9869029e-10,-0.110369936,-0.007930141
878,1,10540,1.1838077,0.09963095,0.041271545,0.8681577,-0.020241475,0.103,0.0,0.0,0.013269752,1.0215902,0.16148397,0.07570078,0.06344248,0.010648857,0.103,-2.6792882e-11,-0.088369936,-0.008804684
878,2,10544,1.1838077,0.09963095,0.041271545,0.8681577,-0.020241475,0.103,0.0,0.0,0.014590017,1.0215902,0.16145009,0.07570078,0.06344248,0.010648857,0.103,1.019033e-10,-0.066369936,-0.009536578
879,0,10548,1.1838077,0.09963095,0.041271545,0.8681577,-0.020241475,0.103,0.0,0.0,0.01607564,1.0215902,0.16137904,0.07570078,0.06344248,0.010648857,0.103,-1.0181224e-11,-0.04436994,-0.010340871
879,1,10552,1.1838077,0.09963095,0.041271545,0.8681577,-0.020241475,0.103,0.0,0.0,0.018258428,1.0215902,0.16133033,0.07570078,0.06344248,0.010648857,0.103,-6.218655e-12,-0.02236994,-0.011523075
879,2,10556,1.1838077,0.09963095,0.041271545,0.8681577,-0.020241475,0.103,0.0,0.0,0.019355439,1.0215902,0.16128527,0.07570078,0.06344248,0.010648857,0.103,2.349346e-13,-0.00036994036,-0.012019905
880,0,10560,1.1838077,0.09963095,0.041271545,0.8269566,-0.020241475,0.103,0.0,0.0,0.020601505,1.0215902,0.16126099,0.07570078,0.06344248,0.010648857,0.103,-0.0033524525,0.020587679,-0.012576445
880,1,10564,1.1838077,0.09963095,0.041271545,0.7852167,-0.020241475,0.103,0.0,0.0,0.020946255,1.0215902,0.16123635,0.07570078,0.06344248,0.010648857,0.103,-0.0066019553,0.04049753,-0.012560394
880,2,10568,1.1838077,0.09963095,0.041271545,0.74705076,-0.020241475,0.103,0.0,0.0,0.01987545,1.0215902,0.16114637,0.07570078,0.06344248,0.010648857,0.103,-0.01026182,0.059185106,-0.011706145
881,0,10572,1.1838077,0.09963095,0.041271545,0.74853617,-0.020241475,0.103,0.001954076,-0.010091521,0.020118847,1.0215902,0.16105738,0.07570078,0.06344248,0.010648857,0.103,-0.013407096,0.07677008,-0.011637084
881,1,10576,1.1838043,0.09963095,0.041271545,0.754405,-0.020241475,0.103,0.0023266089,-0.012528885,0.017281171,1.0215902,0.16050632,0.07570078,0.06344248,0.010648857,0.103,-0.018476956,0.09254416,-0.009830523
881,2,10580,1.183759,0.09963095,0.041115694,0.76391524,-0.020241475,0.103,0.0023028306,-0.011852513,0.015262999,1.0215628,0.15929341,0.07570078,0.06344248,0.010648857,0.103,-0.023339314,0.106532246,-0.008527615
882,0,10584,1.1836436,0.09963095,0.040534683,0.7758538,-0.020241475,0.103,0.0013436835,-0.010075321,0.013455996,1.0214722,0.15731943,0.07570078,0.06344248,0.010648857,0.103,-0.029002242,0.11873459,-0.0074167405
882,1,10588,1.1834898,0.09963095,0.039688066,0.78675944,-0.020241475,0.103,0.0009340617,-0.008815449,0.012533439,1.0213443,0.15508568,0.07570078,0.06344248,0.010648857,0.103,-0.035557866,0.13026421,-0.0068443315
882,2,10592,1.1834111,0.09963095,0.039271303,0.79282105,-0.020241475,0.103,0.00076088076,-0.009208188,0.013755226,1.021283,0.15366092,0.07570078,0.06344248,0.010648857,0.103,-0.040707517,0.14195763,-0.0074241105
883,0,10596,1.1833603,0.09963095,0.03900426,0.79665077,-0.020241475,0.103,0.00075688004,-0.009784359,0.014544853,1.0212461,0.15258987,0.07570078,0.06344248,0.010648857,0.103,-0.04640841,0.15290366,-0.007766328
883,1,10600,1.1833519,0.09963095,0.038983922,0.798353,-0.020241475,0.103,0.00060106773,-0.011224232,0.016515352,1.0212461,0.15202518,0.07570078,0.06344248,0.010648857,0.103,-0.050872102,0.16397019,-0.008732527
883,2,10604,1.183328,0.09963095,0.03885781,0.800008,-0.020241475,0.103,0.00067738123,-0.011343071,0.016043017,1.0212324,0.15132992,0.07570078,0.06344248,0.010648857,0.103,-0.057614002,0.17350142,-0.008411885
884,0,10608,1.1833171,0.09963095,0.03880558,0.8009743,-0.020241475,0.103,0.0006386701,-0.012012102,0.016999558,1.0212294,0.15081254,0.07570078,0.06344248,0.010648857,0.103,-0.064201854,0.18239227,-0.008854742
884,1,10612,1.1833026,0.09963095,0.0387269,0.8017525,-0.020241475,0.103,0.0006057741,-0.012260002,0.017092992,1.0212232,0.150285,0.07570078,0.06344248,0.010648857,0.103,-0.07137184,0.19035988,-0.008843758
884,2,10616,1.183295,0.09963095,0.038687952,0.80221474,-0.020241475,0.103,0.0004258678,-0.012843062,0.01785911,1.0212225,0.14987096,0.07570078,0.06344248,0.010648857,0.103,-0.07879376,0.19729167,-0.0091862995
885,0,10620,1.1832627,0.09963095,0.038486943,0.8028636,-0.020241475,0.103,0.0004898578,-0.012141577,0.01665971,1.0212005,0.14920174,0.07570078,0.06344248,0.010648857,0.103,-0.087837085,0.20254906,-0.008525833
885,1,10624,1.1832417,0.09963095,0.03835741,0.80324435,-0.020241475,0.103,0.00037664478,-0.012338437,0.017368987,1.0211881,0.14867388,0.07570078,0.06344248,0.010648857,0.103,-0.09520375,0.20802258,-0.008846708
885,2,10628,1.1832259,0.09963095,0.038261145,0.80347353,-0.020241475,0.103,0.00047121607,-0.012724667,0.017880846,1.0211803,0.14822648,0.07570078,0.06344248,0.010648857,0.103,-0.10218691,0.21299899,-0.009071817
886,0,10632,1.183162,0.09963095,0.037849642,0.8039882,-0.020241475,0.103,0.0007563765,-0.011447013,0.015924517,0.99551356,0.14735065,0.07570078,0.06344248,0.010648857,0.103,-0.11192067,0.2153322,-0.008058035
886,1,10636,1.1831409,0.09963095,0.037719034,0.8041176,-0.020241475,0.103,0.00078803685,-0.012185456,0.017668195,0.9698469,0.14688338,0.07570078,0.06344248,0.010648857,0.103,-0.11901627,0.21830966,-0.008932965
886,2,10640,1.1831316,0.09963095,0.037665408,0.80412894,-0.020241475,0.103,0.00082933187,-0.013120347,0.018667774,0.9441802,0.14656575,0.07570078,0.06344248,0.010648857,0.103,-0.124645025,0.22166447,-0.009437188
887,0,10644,1.1831316,0.09963095,0.037665408,0.7648375,-0.020241475,0.103,0.0,0.0,0.021353131,0.91851354,0.14649013,0.07570078,0.06344248,0.010648857,0.103,-0.12791538,0.22612198,-0.010802613
887,1,10648,1.1831316,0.09963095,0.037665408,0.7187672,-0.020241475,0.103,0.0,0.0,0.02459202,0.8928469,0.14649013,0.07570078,0.06344248,0.010648857,0.103,-0.12918207,0.23158942,-0.012458087
887,2,10652,1.1831316,0.09963095,0.037665408,0.66792816,-0.020241475,0.103,0.0,0.0,0.027079111,0.8671802,0.14649013,0.07570078,0.06344248,0.010648857,0.103,-0.12957607,0.23734918,-0.013721224
888,0,10656,1.1831316,0.09963095,0.037665408,0.6215585,-0.020241475,0.103,0.0,0.0,0.024595877,0.8671802,0.14649013,0.07570078,0.06344248,0.010648857,0.103,-0.1334737,0.24064346,-0.012476183
888,1,10660,1.1831316,0.09963095,0.037665408,0.5723539,-0.020241475,0.103,0.0,0.0,0.02603129,0.8671802,0.14649013,0.07570078,0.06344248,0.010648857,0.103,-0.13575006,0.24491134,-0.01316985
888,2,10664,1.1831313,0.09961454,0.037665408,0.53633964,-0.020241475,0.103,0.0,0.0,0.02121034,0.8671802,0.14640708,0.07570078,0.06344248,0.010648857,0.103,-0.14325483,0.24545479,-0.010714855
889,0,10668,1.1830767,0.099365585,0.037346695,0.5567297,-0.020241475,0.103,-0.0034233679,-0.008669435,0.01712935,0.8762689,0.14578249,0.07570078,0.06344248,0.010648857,0.103,-0.15236963,0.24476351,-0.008625588
889,1,10672,1.1830763,0.099340685,0.037346695,0.56027144,-0.020241475,0.103,-0.004936844,-0.014866695,0.021096377,0.8874198,0.14569668,0.07570078,0.06344248,0.010648857,0.103,-0.15445136,0.24907725,-0.010581857
889,2,10676,1.1830763,0.09932548,0.037346695,0.5621584,-0.020241475,0.103,-0.0063641756,-0.018824836,0.021880249,0.8989628,0.14565034,0.07570078,0.06344248,0.010648857,0.103,-0.1581165,0.25157008,-0.024352646
890,0,10680,1.1824071,0.09617607,0.032886777,0.6232835,-0.020241475,0.103,-0.01168486,-0.012317366,0.0089705065,0.9036956,0.14159389,0.07570078,0.06398172,0.010648857,0.103,-0.17560464,0.24264888,-0.023837248
890,1,10684,1.1824071,0.09617327,0.032886777,0.6242404,-0.020241475,0.103,-0.0072866427,-0.018723987,0.02187623,0.91515297,0.1415776,0.07570078,0.06398172,0.010648857,0.103,-0.17506646,0.24689771,-0.023246856
890,2,10688,1.1824071,0.09614073,0.032886777,0.6264136,-0.020241475,0.103,-0.009463442,-0.021565964,0.020379372,0.9257989,0.14152715,0.07570078,0.06398172,0.010648857,0.103,-0.18169579,0.24319392,-0.022632223
891,0,10692,1.1824071,0.0961028,0.032886777,0.62810147,-0.020241475,0.103,-0.009907862,-0.023096772,0.020649282,0.9257989,0.14148791,0.07570078,0.06398172,0.010648857,0.103,-0.19040942,0.23439829,-0.022103949
891,1,10696,1.1824071,0.09610251,0.032886777,0.62811965,-0.020241475,0.103,-0.008515301,-0.02593433,0.02410777,0.9257989,0.1414878,0.07570078,0.06398172,0.010648857,0.103,-0.19651572,0.2236737,-0.021657793
891,2,10700,1.1824071,0.09610251,0.032886777,0.62811965,-0.020241475,0.103,-0.008082464,-0.029747615,0.026688479,0.9257989,0.1414878,0.07570078,0.06398172,0.010648857,0.103,-0.1996302,0.21206063,-0.021309344
892,0,10704,1.1824071,0.09610251,0.032886777,0.62811965,-0.020241475,0.103,-0.005712473,-0.038361616,0.033754654,0.9257989,0.1414878,0.07570078,0.06398172,0.010648857,0.103,-0.19440377,0.20766702,-0.021080311
892,1,10708,1.1824071,0.09610251,0.032886777,0.62811965,-0.020241475,0.103,-0.0070667244,-0.043851584,0.032415986,0.9257989,0.1414878,0.07570078,0.06398172,0.010648857,0.103,-0.19089933,0.19516449,-0.0208711
892,2,10712,1.1824071,0.09610251,0.032886777,0.62811965,-0.020241475,0.103,-0.008496075,-0.046153285,0.030389445,0.9257989,0.1414878,0.07570078,0.06398172,0.010648857,0.103,-0.18759622,0.17489079,-0.020683352
893,0,10716,1.1824071,0.09610251,0.032886777,0.62811965,-0.020241475,0.103,-0.010918539,-0.043461476,0.026295787,0.9257989,0.1414878,0.07570078,0.06398172,0.010648857,0.103,-0.18446745,0.14383204,-0.020556757
893,1,10720,1.182391,0.09573736,0.032872327,0.6301343,-0.020241475,0.103,-0.01493965,-0.031348478,0.017353294,0.9257989,0.14142476,0.07570078,0.06398172,0.010648857,0.103,-0.18189977,0.09663096,-0.020458099
893,2,10724,1.1823895,0.095575035,0.032872327,0.63100094,-0.020241475,0.103,-0.0112952525,-0.026801772,0.018817428,0.9257989,0.14141265,0.07570078,0.06398172,0.010648857,0.103,-0.17017,0.07174698,-0.02044309
894,0,10728,1.1823788,0.09530336,0.032872327,0.6321672,-0.020241475,0.103,-0.011138096,-0.024182951,0.017881446,0.93555796,0.14138965,0.07570078,0.06398172,0.010648857,0.103,-0.15479764,0.052194282,-0.020409916
894,1,10732,1.182343,0.094803505,0.032823786,0.6338931,-0.020241475,0.103,-0.01126406,-0.021921467,0.016458074,0.9435241,0.14133103,0.07570078,0.06398172,0.010648857,0.103,-0.13661498,0.03557553,-0.020339783
894,2,10736,1.182305,0.094309375,0.032779858,0.63538516,-0.020241475,0.103,-0.010638872,-0.020604739,0.016332341,0.950703,0.14127885,0.07570078,0.06398172,0.010648857,0.103,-0.11650374,0.02502166,-0.020230658
895,0,10740,1.1822159,0.09347094,0.03252039,0.63748455,-0.020241475,0.103,-0.010999768,-0.018822819,0.014675908,0.9480646,0.14114703,0.07570078,0.06398172,0.010648857,0.103,-0.09530859,0.016891157,-0.020051865
895,1,10744,1.1820759,0.09236439,0.032023408,0.63987,-0.020241475,0.103,-0.010781503,-0.016852384,0.01339383,0.9452895,0.14092235,0.07570078,0.06398172,0.010648857,0.103,-0.073408015,0.011624154,-0.019820524
895,2,10748,1.1816838,0.08998675,0.030166367,0.64426154,-0.020241475,0.103,-0.011203568,-0.013227306,0.009789033,0.9413239,0.14092235,0.07616036,0.06401251,0.010648857,0.103,-0.050979268,0.00657481,-0.019530619
896,0,10752,1.1814651,0.08866737,0.029271457,0.64648867,-0.020241475,0.103,2.066572e-12,0.0087726945,0.0105671575,0.93921196,0.14092235,0.07630726,0.06401251,0.010648857,0.103,-0.027909843,0.0055919136,-0.01921545
896,1,10756,1.1813779,0.08798464,0.02911057,0.64730686,-0.020241475,0.103,1.8263994e-11,0.030772695,0.012174643,0.93820256,0.14092235,0.07630726,0.06401251,0.010648857,0.103,-0.0043624225,0.0070559233,-0.018898727
896,2,10760,1.1813531,0.087634176,0.02911057,0.6474853,-0.020241475,0.103,-3.8193396e-11,0.052772697,0.013878155,0.93771,0.14092235,0.07630726,0.06401251,0.010648857,0.103,0.019428805,0.010000562,-0.01857409
897,0,10764,1.1812725,0.087074995,0.029076517,0.6478973,-0.020241475,0.103,-0.022,0.030772699,0.012697984,0.9371931,0.14092235,0.07630726,0.06401251,0.010648857,0.103,0.04347697,0.012003217,-0.018234784
897,1,10768,1.181154,0.08639728,0.02884304,0.64842665,-0.020241475,0.103,-0.044000003,0.008772699,0.011910569,0.93672866,0.14092235,0.07642874,0.06401251,0.010648857,0.103,0.06758098,0.014039214,-0.017880214
897,2,10772,1.1810926,0.085990176,0.02884304,0.6485541,-0.020241475,0.103,-0.066,-2.9004412e-12,0.012911121,0.9364756,0.14092235,0.07642874,0.06401251,0.010648857,0.103,0.09156429,0.016913706,-0.01752368
898,0,10776,1.181075,0.0857827,0.02884304,0.6485541,-0.020241475,0.103,-0.08800001,-1.7677695e-12,0.014309257,0.9108089,0.14092235,0.07642874,0.06401251,0.010648857,0.103,0.11543634,0.01994359,-0.01721935
898,1,10780,1.181075,0.08576218,0.02884304,0.6485541,-0.020241475,0.103,-0.110000014,-5.4112964e-11,0.017137142,0.88514227,0.14092235,0.07642874,0.06401251,0.010648857,0.103,0.13910389,0.023608278,-0.016930161
898,2,10784,1.181075,0.08576218,0.02884304,0.6485541,-0.020241475,0.103,-0.13200001,1.0737168e-11,0.019612098,0.8594756,0.14092235,0.07642874,0.06401251,0.010648857,0.103,0.16262451,0.02746623,-0.016640319
899,0,10788,1.181075,0.08576218,0.02884304,0.6485541,-0.020241475,0.103,-0.15400003,-7.2591995e-11,0.023482258,0.83380896,0.14092235,0.07642874,0.06401251,0.010648857,0.103,0.18590611,0.032766417,-0.01633533
899,1,10792,1.181075,0.08576218,0.02884304,0.6485541,-0.020241475,0.103,-0.17600003,1.6555785e-10,0.026234219,0.80814224,0.14092235,0.07642874,0.06401251,0.010648857,0.103,0.20896731,0.03818003,-0.016046591
899,2,10796,1.181075,0.08576218,0.02884304,0.6485541,-0.020241475,0.103,-0.19800003,1.3475357e-10,0.029724555,0.7824756,0.14092235,0.07642874,0.06401251,0.010648857,0.103,0.23174182,0.04572963,-0.015753428
900,0,10800,1.181075,0.08576218,0.02884304,0.6485541,-0.020241475,0.103,-0.22000003,-6.9920174e-11,0.03953409,0.75680894,0.14092235,0.07642874,0.06401251,0.010648857,0.103,0.2538504,0.065463156,-0.015434876
900,1,10804,1.181075,0.08576218,0.02884304,0.6485541,-0.020241475,0.103,-0.24200003,-1.3622443e-10,0.039163787,0.7311423,0.14092235,0.07642874,0.06401251,0.010648857,0.103,0.27585316,0.08739708,-0.014970868
900,2,10808,1.181075,0.08576218,0.02884304,0.6485541,-0.020241475,0.103,-0.26400003,0.0,0.0,0.7054756,0.14092235,0.07642874,0.06401251,0.010648857,0.103,0.29785317,0.10939708,0.0
901,0,10812,1.181075,0.08576218,0.02884304,0.6485541,-0.020241475,0.103,-0.24200003,-0.022,0.0,0.7054756,0.14092235,0.07642874,0.06401251,0.010648857,0.103,0.31985316,0.13139708,0.0
901,1,10816,1.181075,0.08576218,0.02884304,0.6485541,-0.020241475,0.103,-0.22000003,-0.044,0.0,0.7054756,0.14092235,0.07642874,0.06401251,0.010648857,0.103,0.34185317,0.15339708,0.0
901,2,10820,1.181075,0.08576218,0.02884304,0.6485541,-0.020241475,0.103,-0.19800003,-0.066,0.0,0.7054756,0.14092235,0.07642874,0.06401251,0.010648857,0.103,0.36385316,0.17539708,0.0
902,0,10824,1.181075,0.08576218,0.02884304,0.6485541,-0.020241475,0.103,-0.17600003,-0.088,0.0,0.7311423,0.14092235,0.07642874,0.06401251,0.010648857,0.103,0.38585317,0.19739708,0.0
902,1,10828,1.181075,0.08576218,0.02884304,0.6485541,-0.020241475,0.103,-0.15400003,-0.11,0.0,0.75680894,0.14092235,0.07642874,0.06401251,0.010648857,0.103,0.40785316,0.21939708,0.0
902,2,10832,1.181075,0.08576218,0.02884304,0.6485541,-0.020241475,0.103,-0.13200003,-0.132,0.0,0.7824756,0.14092235,0.07642874,0.06401251,0.010648857,0.103,0.42985317,0.24139708,0.0
903,0,10836,1.181075,0.08576218,0.02884304,0.6485541,-0.020241475,0.103,-0.11000003,-0.154,0.0,0.80814224,0.14092235,0.07642874,0.06401251,0.010648857,0.103,0.45185316,0.2633971,0.0
903,1,10840,1.181075,0.08576218,0.02884304,0.6485541,-0.020241475,0.103,-0.08800003,-0.176,0.0,0.83380896,0.14092235,0.07642874,0.06401251,0.010648857,0.103,0.47385317,0.28539708,0.0
903,2,10844,1.181075,0.08576218,0.02884304,0.6485541,-0.020241475,0.103,-0.06600003,-0.198,0.0,0.8594756,0.14092235,0.07642874,0.06401251,0.010648857,0.103,0.49585316,0.3073971,0.0
904,0,10848,1.181075,0.08576218,0.02884304,0.6485541,-0.020241475,0.103,-0.044000033,-0.22,0.0,0.8594756,0.14092235,0.07642874,0.06401251,0.010648857,0.103,0.51785314,0.32939708,0.0
904,1,10852,1.181075,0.08576218,0.02884304,0.6485541,-0.020241475,0.103,-0.021564577,-0.2411783,0.023592392,0.8594756,0.14092235,0.07642874,0.06401251,0.010648857,0.103,0.53990555,0.35130948,0.0029734343
904,2,10856,1.181075,0.08576218,0.02884304,0.6485541,-0.020241475,0.103,0.0022647171,-0.25912556,0.022528727,0.8594756,0.14092235,0.07642874,0.06401251,0.010648857,0.103,0.5627791,0.37142047,0.0035486124
905,0,10860,1.1554083,0.08576218,0.02884304,0.6485541,-0.020241475,0.103,0.009323042,-0.26500976,0.020660723,0.8594756,0.14092235,0.07642874,0.06401251,0.010648857,0.103,0.5893633,0.37900043,0.0037938752
905,1,10864,1.1297415,0.08576218,0.02884304,0.6485541,-0.020241475,0.103,0.01351352,-0.2637327,0.019438958,0.8594756,0.14092235,0.07642874,0.06401251,0.010648857,0.103,0.61637104,0.36850572,0.0040404727
905,2,10868,1.104075,0.08576218,0.02884304,0.6485541,-0.020241475,0.103,0.016023576,-0.2590641,0.01865447,0.8594756,0.14092235,0.07642874,0.06401251,0.010648857,0.103,0.61454725,0.33874488,0.00393742
906,0,10872,1.0784082,0.08576218,0.02884304,0.6485541,-0.020241475,0.103,0.03713892,-0.2232997,0.014935124,0.87768674,0.14092235,0.07642874,0.06401251,0.010648857,0.103,0.6136227,0.25209406,0.0029264411
906,1,10876,1.0527416,0.08576218,0.02884304,0.6485541,-0.020241475,0.103,0.07193021,-0.15980612,0.009985615,0.8897551,0.14067705,0.07642874,0.06401251,0.010648857,0.103,0.58859926,0.08723085,0.0016175616
906,2,10880,1.0270749,0.08576218,0.02884304,0.6485541,-0.020241475,0.103,0.07565447,-0.14345738,0.013459227,0.905799,0.14067705,0.07642874,0.06401251,0.010648857,0.103,0.577257,0.005446119,0.0009296372
907,0,10884,1.0014082,0.08576218,0.02884304,0.6485541,-0.020241475,0.103,0.07931787,-0.1273046,0.012580025,0.92047113,0.14067705,0.07642874,0.06401251,0.010648857,0.103,0.5347003,-0.08996,-0.0009163643
907,1,10888,0.9757416,0.08576218,0.02884304,0.6485541,-0.020241475,0.103,0.08462542,-0.10871585,0.01021357,0.93203706,0.1402398,0.07642874,0.06401251,0.010648857,0.103,0.4569123,-0.19110054,-0.0035533207
907,2,10892,0.9500749,0.08576218,0.02884304,0.6485541,-0.020241475,0.103,0.08679355,-0.09350697,0.009004634,0.93942076,0.13728724,0.07642874,0.06401251,0.010648857,0.103,0.37810433,-0.26320407,-0.0026275297
908,0,10896,0.9542676,0.08576218,0.028805021,0.6490668,-0.020241475,0.103,0.07436628,-0.058452815,0.003581958,0.90284806,0.100470014,0.07642874,0.06401251,0.010648857,0.103,0.28574014,-0.32841146,-0.0015302463
908,1,10900,0.96337175,0.08576218,0.028805021,0.6490668,-0.020241475,0.103,0.052366283,-0.036452815,0.007825817,0.89932436,0.09733414,0.07642874,0.06401251,0.010648857,0.103,0.25310853,-0.34035736,-0.0044405353
908,2,10904,0.969415,0.08576218,0.028805021,0.6490668,-0.020241475,0.103,0.030366283,-0.014452816,0.0051865308,0.89011806,0.08875272,0.07642874,0.06401251,0.010648857,0.103,0.20907955,-0.35266763,-0.003599201
909,0,10908,0.991271,0.08576218,0.028805021,0.6490668,-0.020241475,0.103,0.010471331,-0.033220895,0.018722929,0.89011806,0.08875272,0.07642874,0.06401251,0.010648857,0.103,0.18185174,-0.33296147,-0.015073371
909,1,10912,1.0145823,0.08576218,0.028805021,0.6490668,-0.020241475,0.103,0.002103727,-0.051274937,0.019241821,0.89011806,0.08875272,0.07642874,0.06401251,0.010648857,0.103,0.15600006,-0.31235364,-0.017419884
909,2,10916,1.0384113,0.08576218,0.028805021,0.6490668,-0.020241475,0.103,0.0013387841,-0.06839589,0.018546304,0.89011806,0.08875272,0.07642874,0.06401251,0.010648857,0.103,0.13012332,-0.29137015,-0.018492442
910,0,10920,1.0624986,0.08576218,0.028805021,0.6490668,-0.020241475,0.103,0.0007772535,-0.08494419,0.017617268,0.89011806,0.08875272,0.07642874,0.06401251,0.010648857,0.103,0.10473236,-0.27001265,-0.018905152
910,1,10924,1.0855116,0.08576218,0.028805021,0.6490668,-0.020241475,0.103,0.001201398,-0.096019484,0.015853653,0.89011806,0.08875272,0.07642874,0.06401251,0.010648857,0.103,0.0777791,-0.24869023,-0.017986855
910,2,10928,1.1047629,0.08576218,0.028805021,0.6490668,-0.020241475,0.103,0.0022143591,-0.08868807,0.012592323,0.89011806,0.08875272,0.07642874,0.06401251,0.010648857,0.103,0.046902858,-0.22747299,-0.014849939
911,0,10932,1.1126634,0.08576218,0.028805021,0.6490668,-0.020241475,0.103,0.0016328011,-0.04440383,0.0065131,0.88957936,0.08840807,0.07642874,0.06401251,0.010648857,0.103,0.017629085,-0.2059232,-0.008445064
911,1,10936,1.0998294,0.08576218,0.028805021,0.6494884,-0.020241475,0.103,0.0010992005,-0.013960206,0.0034025593,0.88556075,0.0852399,0.07642874,0.06401251,0.010648857,0.103,-0.0043709152,-0.1839232,-0.0047800844
911,2,10940,1.0859025,0.08576218,0.028805021,0.65128475,-0.020241475,0.103,0.00064184144,-0.0052097403,0.0023517723,0.88188523,0.08215236,0.07642874,0.06401251,0.010648857,0.103,-0.026370915,-0.1619232,-0.0035145772
912,0,10944,1.081343,0.08576218,0.028805021,0.6517289,-0.020241475,0.103,0.0006513204,-0.004514365,0.0027388632,0.8826868,0.0809876,0.07642874,0.06401251,0.010648857,0.103,-0.048370916,-0.13992319,-0.0042478363
912,1,10948,1.0807313,0.08576218,0.028805021,0.6517289,-0.020241475,0.103,0.0006881228,-0.0051629995,0.0032845025,0.8842657,0.08076029,0.07642874,0.06401251,0.010648857,0.103,-0.07037091,-0.11792319,-0.005201589
912,2,10952,1.0821824,0.08576218,0.028805021,0.6517289,-0.020241475,0.103,0.00085597124,-0.0061962726,0.0039203516,0.88669866,0.08076029,0.07642874,0.06401251,0.010648857,0.103,-0.09237092,-0.09592319,-0.0063162907
913,0,10956,1.0809668,0.08576218,0.028805021,0.6517289,-0.020241475,0.103,0.00090050633,-0.008985371,0.0055806697,0.8857754,0.08076029,0.07642874,0.06401251,0.010648857,0.103,-0.11437092,-0.07392319,-0.00910034
913,1,10960,1.0807374,0.08576218,0.028805021,0.6517289,-0.020241475,0.103,0.001169701,-0.012752202,0.0072584413,0.8856073,0.08076029,0.07642874,0.06401251,0.010648857,0.103,-0.13637093,-0.051923197,-0.011987113
913,2,10964,1.0807374,0.08576218,0.028805021,0.6517289,-0.020241475,0.103,0.0012946487,-0.018267633,0.009317713,0.8856073,0.08076029,0.07642874,0.06401251,0.010648857,0.103,-0.15837093,-0.029923197,-0.01548926
914,0,10968,1.0807374,0.08576218,0.028805021,0.6517289,-0.020241475,0.103,0.0015652011,-0.023434917,0.010305381,0.8856073,0.08076029,0.07642874,0.06401251,0.010648857,0.103,-0.18037093,-0.051923197,-0.017160712
914,1,10972,1.0807374,0.08576218,0.028805021,0.6517289,-0.020241475,0.103,0.001624478,-0.030439416,0.011850977,0.8856073,0.08076029,0.07642874,0.06401251,0.010648857,0.103,-0.20237094,-0.0739232,-0.019534854
914,2,10976,1.0807374,0.08576218,0.028805021,0.6517289,-0.020241475,0.103,0.0018472476,-0.037371278,0.012549766,0.8856073,0.08076029,0.07642874,0.06401251,0.010648857,0.103,-0.22437094,-0.0959232,-0.019891772
915,0,10980,1.0807374,0.08576218,0.028805021,0.6517289,-0.020241475,0.103,0.00042619367,-0.0121875815,0.013904915,0.8856073,0.08076029,0.07642874,0.06401251,0.010648857,0.103,-0.20237094,-0.0739232,-0.021334581
915,1,10984,1.0807374,0.08576218,0.028805021,0.6517289,-0.020241475,0.103,0.0,0.0,0.015294322,0.8856073,0.08076029,0.07642874,0.06401251,0.010648857,0.103,-0.18037094,-0.0519232,-0.02255623
915,2,10988,1.0807374,0.08576218,0.028805021,0.6517289,-0.020241475,0.103,0.0,0.0,0.016602747,0.8856073,0.08076029,0.07642874,0.06401251,0.010648857,0.103,-0.15837094,-0.029923202,-0.023249386
916,0,10992,1.1061326,0.08576218,0.028805021,0.6517289,-0.020241475,0.103,0.0,0.0,0.017039094,0.85994065,0.08076029,0.07642874,0.06401251,0.010648857,0.103,-0.13637094,-0.007923203,-0.02245151
916,1,10996,1.1317992,0.08576218,0.028805021,0.6517289,-0.020241475,0.103,0.0,0.0,0.0,0.83427393,0.08076029,0.07642874,0.06401251,0.010648857,0.103,-0.11437094,0.014076797,0.0
916,2,11000,1.1574659,0.08576218,0.028805021,0.6517289,-0.020241475,0.103,0.0,0.0,0.0,0.8086073,0.08076029,0.07642874,0.06401251,0.010648857,0.103,-0.09237094,0.0360768,0.0
917,0,11004,1.1574659,0.08576218,0.028805021,0.6517289,-0.020241475,0.103,0.0,0.0,0.0,0.8086073,0.08076029,0.07642874,0.06401251,0.010648857,0.103,-0.07037094,0.0580768,0.0
917,1,11008,1.1574659,0.08576218,0.028805021,0.6517289,-0.020241475,0.103,0.0,0.0,0.016213417,0.8086073,0.08076029,0.07642874,0.06401251,0.010648857,0.103,-0.048370946,0.0800768,-0.010933266
917,2,11012,1.1574659,0.08576218,0.028805021,0.6517289,-0.020241475,0.103,0.0,0.0,0.015629219,0.8086073,0.08076029,0.07642874,0.06401251,0.010648857,0.103,-0.026370948,0.1020768,-0.0072486266
918,0,11016,1.1574659,0.08576218,0.028805021,0.6517289,-0.020241475,0.11954167,0.0,0.0,0.0,0.8086073,0.08076029,0.07642874,0.06401251,0.010648857,0.103,-0.004370948,0.1240768,-0.0034790945
918,1,11020,1.1574659,0.08576218,0.028805021,0.6517289,-0.020241475,0.13608333,0.0,0.0,0.0,0.8086073,0.08076029,0.07642874,0.06401251,0.010648857,0.103,0.0,0.1460768,0.0
918,2,11024,1.1574659,0.08576218,0.028805021,0.6517289,-0.020241475,0.152625,0.0,0.0,0.0,0.8086073,0.08076029,0.07642874,0.06401251,0.010648857,0.103,0.0,0.1680768,0.0
919,0,11028,1.1574659,0.08576218,0.028805021,0.6517289,-0.020241475,0.16916667,-0.022,0.0,0.0,0.8086073,0.08076029,0.07642874,0.06401251,0.010648857,0.103,0.0,0.1900768,0.0
919,1,11032,1.1574659,0.08576218,0.028805021,0.6517289,-0.020241475,0.18570833,-0.044,0.0,0.0,0.8086073,0.08076029,0.07642874,0.06401251,0.010648857,0.103,0.0,0.2120768,0.0
919,2,11036,1.1574659,0.08576218,0.028805021,0.6517289,-0.020241475,0.20225,-0.066,0.0,0.0,0.8086073,0.08076029,0.07642874,0.06401251,0.010648857,0.103,0.0,0.2340768,0.0
920,0,11040,1.1574659,0.08576218,0.028805021,0.6517289,-0.020241475,0.21879166,-0.088,0.0,0.0,0.8086073,0.08076029,0.07642874,0.06401251,0.010648857,0.103,0.0,0.2560768,0.0
920,1,11044,1.1574659,0.08576218,0.028805021,0.6517289,-0.020241475,0.23533334,-0.11,0.0,0.0,0.8086073,0.08076029,0.07642874,0.06401251,0.010648857,0.103,0.0,0.2780768,0.0
920,2,11048,1.1574659,0.08576218,0.028805021,0.6517289,-0.020241475,0.251875,-0.132,0.0,0.0,0.8086073,0.08076029,0.07642874,0.06401251,0.010648857,0.103,0.0,0.3000768,0.0
921,0,11052,1.1574659,0.08576218,0.028805021,0.6517289,-0.020241475,0.26841667,-0.154,0.0,0.0,0.8086073,0.08076029,0.07642874,0.06401251,0.010648857,0.103,0.0,0.3220768,0.0
921,1,11056,1.1574659,0.08576218,0.028805021,0.6517289,-0.020241475,0.28495833,-0.176,0.0,0.0,0.8086073,0.08076029,0.07642874,0.06401251,0.010648857,0.103,0.0,0.3440768,0.0
921,2,11060,1.1574659,0.08576218,0.028805021,0.6517289,-0.020241475,0.3015,-0.198,0.0,0.0,0.8086073,0.08076029,0.07642874,0.06401251,0.010648857,0.103,0.0,0.3660768,0.0
922,0,11064,1.1574659,0.08576218,0.028805021,0.6517289,-0.020241475,0.31804165,-0.176,0.022,0.0,0.83427393,0.08076029,0.07642874,0.06401251,0.010648857,0.103,0.0,0.3880768,0.0
922,1,11068,1.1574659,0.08576218,0.028805021,0.6517289,-0.020241475,0.33458334,-0.154,0.044,0.0,0.85994065,0.08076029,0.07642874,0.06401251,0.010648857,0.103,0.0,0.4100768,0.0
922,2,11072,1.1574659,0.08576218,0.028805021,0.6517289,-0.020241475,0.351125,-0.132,0.066,0.0,0.8856073,0.08076029,0.07642874,0.06401251,0.010648857,0.103,0.0,0.4320768,0.0
923,0,11076,1.1574659,0.08576218,0.028805021,0.6517289,-0.020241475,0.36766666,-0.11,0.088,0.0,0.91127396,0.08076029,0.07642874,0.06401251,0.010648857,0.103,0.0,0.4100768,0.0
923,1,11080,1.1574659,0.08576218,0.028805021,0.6517289,-0.020241475,0.38420832,-0.088,0.11,0.0,0.9369406,0.08076029,0.07642874,0.06401251,0.010648857,0.103,0.0,0.3880768,0.0
923,2,11084,1.1574659,0.08576218,0.028805021,0.6517289,-0.020241475,0.40075,-0.066,0.132,0.0,0.96260726,0.08076029,0.07642874,0.06401251,0.010648857,0.103,0.0,0.3660768,0.0
924,0,11088,1.1574659,0.08576218,0.028805021,0.6517289,-0.020241475,0.41729167,-0.044,0.154,0.0,0.96260726,0.08076029,0.07642874,0.06401251,0.010648857,0.103,0.0,0.3440768,0.0
924,1,11092,1.1574659,0.08576218,0.028805021,0.6517289,-0.020241475,0.43383333,-0.022,0.176,0.0,0.96260726,0.08076029,0.07642874,0.06401251,0.010648857,0.103,0.0,0.3220768,0.0
924,2,11096,1.1574659,0.08576218,0.028805021,0.6517289,-0.020241475,0.450375,0.0,0.198,0.0,0.96260726,0.08076029,0.07642874,0.06401251,0.010648857,0.103,0.0,0.3000768,0.0
925,0,11100,1.1574659,0.08576218,0.028805021,0.6517289,-0.020241475,0.46691668,0.0,0.22,0.0,0.96260726,0.08076029,0.07642874,0.06401251,0.010648857,0.103,0.022,0.2780768,0.0
925,1,11104,1.1574659,0.08576218,0.028805021,0.6517289,-0.020241475,0.48345834,0.0,0.242,0.0,0.96260726,0.08076029,0.07642874,0.06401251,0.010648857,0.103,0.044,0.2560768,0.0
925,2,11108,1.1574659,0.08576218,0.028805021,0.6517289,-0.020241475,0.5,0.0,0.264,0.0,0.96260726,0.08076029,0.07642874,0.06401251,0.010648857,0.103,0.066,0.2340768,0.0
926,0,11112,1.1574659,0.08576218,0.028805021,0.6517289,-0.020241475,0.5,0.022,0.286,0.0,0.96260726,0.08076029,0.07642874,0.06401251,0.010648857,0.103,0.088,0.2560768,0.0
926,1,11116,1.1574659,0.08576218,0.028805021,0.6517289,-0.020241475,0.5,0.044,0.308,0.0,0.96260726,0.08076029,0.07642874,0.06401251,0.010648857,0.103,0.11,0.2780768,0.0
926,2,11120,1.1574659,0.08576218,0.028805021,0.6517289,-0.020241475,0.5,0.066,0.33,0.0,0.96260726,0.08076029,0.07642874,0.06401251,0.010648857,0.103,0.132,0.3000768,0.0
927,0,11124,1.1574659,0.08576218,0.028805021,0.6517289,-0.020241475,0.5,0.088,0.352,0.0,0.96260726,0.08076029,0.07642874,0.06401251,0.010648857,0.103,0.154,0.3220768,0.0
927,1,11128,1.1574659,0.08576218,0.028805021,0.6517289,-0.020241475,0.5,0.11,0.374,0.0,0.96260726,0.08076029,0.07642874,0.06401251,0.010648857,0.103,0.176,0.3440768,0.0
927,2,11132,1.1574659,0.08576218,0.028805021,0.6517289,-0.020241475,0.5,0.132,0.396,0.0,0.96260726,0.08076029,0.07642874,0.06401251,0.010648857,0.103,0.198,0.3660768,0.0
928,0,11136,1.1574659,0.08576218,0.028805021,0.6517289,-0.020241475,0.5,0.11,0.418,0.0,0.96260726,0.08076029,0.07642874,0.06401251,0.010648857,0.103,0.22,0.3880768,0.0
928,1,11140,1.1574659,0.08576218,0.028805021,0.6517289,-0.020241475,0.5,0.088,0.44,0.0,0.96260726,0.08076029,0.07642874,0.06401251,0.010648857,0.103,0.242,0.4100768,0.0
928,2,11144,1.1574659,0.08576218,0.028805021,0.6517289,-0.020241475,0.5,0.066,0.462,0.0,0.96260726,0.08076029,0.07642874,0.06401251,0.010648857,0.103,0.264,0.4320768,0.0
929,0,11148,1.1574659,0.08576218,0.028805021,0.6517289,-0.020241475,0.5,0.044,0.484,0.0,0.96260726,0.08076029,0.07642874,0.06401251,0.010648857,0.103,0.286,0.4100768,0.0
929,1,11152,1.1574659,0.08576218,0.028805021,0.6517289,-0.020241475,0.5,0.022,0.506,0.0,0.96260726,0.08076029,0.07642874,0.06401251,0.010648857,0.103,0.308,0.3880768,0.0
929,2,11156,1.1574659,0.08576218,0.028805021,0.6517289,-0.020241475,0.5,0.0,0.528,0.0,0.96260726,0.08076029,0.07642874,0.06401251,0.010648857,0.103,0.33,0.3660768,0.0
930,0,11160,1.1574659,0.08576218,0.028805021,0.6517289,-0.020241475,0.5,0.0,0.55,0.0,0.96260726,0.08076029,0.07642874,0.06401251,0.010648857,0.103,0.352,0.3440768,0.0
930,1,11164,1.1574659,0.08576218,0.028805021,0.6517289,-0.020241475,0.5,0.0,0.572,0.0,0.96260726,0.08076029,0.07642874,0.06401251,0.010648857,0.103,0.374,0.3220768,0.0
930,2,11168,1.1574659,0.08576218,0.028805021,0.6517289,-0.020241475,0.5,0.0,0.594,0.0,0.96260726,0.08076029,0.07642874,0.06401251,0.010648857,0.103,0.396,0.3000768,0.0
931,0,11172,1.1574659,0.08576218,0.028805021,0.6517289,-0.020241475,0.48345834,0.0,0.616,0.0,0.96260726,0.08076029,0.07642874,0.06401251,0.010648857,0.103,0.418,0.2780768,0.0
931,1,11176,1.1574659,0.08576218,0.028805021,0.6517289,-0.020241475,0.46691668,0.0,0.616,0.0,0.96260726,0.08076029,0.07642874,0.06401251,0.010648857,0.103,0.44,0.2560768,0.0
931,2,11180,1.1574659,0.08576218,0.028805021,0.6517289,-0.020241475,0.450375,0.0,0.616,0.0,0.96260726,0.08076029,0.07642874,0.06401251,0.010648857,0.103,0.462,0.2340768,0.0
932,0,11184,1.1574659,0.08576218,0.028805021,0.6517289,-0.020241475,0.43383333,0.0,0.616,0.0,0.96260726,0.08076029,0.07642874,0.06401251,0.010648857,0.103,0.484,0.2120768,0.0
932,1,11188,1.1574659,0.08576218,0.028805021,0.6517289,-0.020241475,0.41729167,0.0,0.616,0.0,0.96260726,0.08076029,0.07642874,0.06401251,0.010648857,0.103,0.506,0.1900768,0.0
932,2,11192,1.1574659,0.08576218,0.028805021,0.6517289,-0.020241475,0.40075,0.0,0.616,0.0,0.96260726,0.08076029,0.07642874,0.06401251,0.010648857,0.103,0.528,0.1680768,0.0
933,0,11196,1.1574659,0.08576218,0.028805021,0.6517289,-0.020241475,0.38420832,0.0,0.616,0.0,0.96260726,0.08076029,0.07642874,0.06401251,0.010648857,0.103,0.55,0.1460768,0.0
933,1,11200,1.1574659,0.08576218,0.028805021,0.6517289,-0.020241475,0.36766666,0.0,0.616,0.0,0.96260726,0.08076029,0.07642874,0.06401251,0.010648857,0.103,0.572,0.1240768,0.0
933,2,11204,1.1574659,0.08576218,0.028805021,0.6517289,-0.020241475,0.351125,0.0,0.616,0.0,0.96260726,0.08076029,0.07642874,0.06401251,0.010648857,0.103,0.594,0.1020768,0.0
934,0,11208,1.1574659,0.08576218,0.028805021,0.6517289,-0.020241475,0.33458334,0.0,0.616,0.0,0.96260726,0.08076029,0.07642874,0.06401251,0.010648857,0.103,0.6159856,0.08004005,-0.0042251633
934,1,11212,1.1574659,0.08576218,0.028805021,0.6517289,-0.020241475,0.31804165,0.0,0.616,0.0,0.96260726,0.08076029,0.07642874,0.06401251,0.010648857,0.103,0.6139791,0.05297394,-0.005091941
934,2,11216,1.1574659,0.08576218,0.028805021,0.6517289,-0.020241475,0.3015,0.0,0.616,0.0,0.96260726,0.08076029,0.07642874,0.06401251,0.010648857,0.103,0.60972553,0.015496351,-0.0057186745
935,0,11220,1.1574659,0.08576218,0.028805021,0.6517289,-0.020241475,0.28495833,0.0,0.616,0.0,0.96260726,0.08076029,0.07642874,0.06401251,0.010648857,0.103,0.60638106,-0.030639406,-0.005665342
935,1,11224,1.1574659,0.08576218,0.028805021,0.6517289,-0.020241475,0.26841667,0.0,0.616,0.0,0.96260726,0.08076029,0.07642874,0.06401251,0.010648857,0.103,0.58908343,-0.12176457,0.001432423
935,2,11228,1.1574659,0.08576218,0.028805021,0.6517289,-0.020241475,0.251875,0.0,0.616,0.0,0.96260726,0.08076029,0.07642874,0.06401251,0.010648857,0.103,0.59300363,-0.18748526,0.0043550725
936,0,11232,1.1574659,0.08576218,0.028805021,0.6517289,-0.020241475,0.23533334,0.0,0.594,0.0,0.96260726,0.08076029,0.07642874,0.06401251,0.010648857,0.103,0.56690854,-0.21924089,0.0047663576
936,1,11236,1.1574659,0.08576218,0.028805021,0.6517289,-0.020241475,0.21879166,0.0,0.572,0.0,0.96260726,0.08076029,0.07642874,0.06401251,0.010648857,0.103,0.5449085,-0.24124089,0.0020124596
936,2,11240,1.1574659,0.08576218,0.028805021,0.6517289,-0.020241475,0.20225,0.0,0.55,0.0,0.96260726,0.08076029,0.07642874,0.06401251,0.010648857,0.103,0.5229085,-0.26324087,-0.0016909682
937,0,11244,1.1317992,0.08576218,0.028805021,0.6517289,-0.020241475,0.18570833,0.0,0.528,0.0,0.96260726,0.08076029,0.07642874,0.06401251,0.010648857,0.103,0.50090855,-0.2852409,-0.007313526
937,1,11248,1.1061326,0.08576218,0.028805021,0.6517289,-0.020241475,0.16916667,0.0,0.506,0.0,0.96260726,0.08076029,0.07642874,0.06401251,0.010648857,0.103,0.47890854,-0.30724087,-0.013123593
937,2,11252,1.0804659,0.08576218,0.028805021,0.6517289,-0.020241475,0.152625,0.0,0.484,0.0,0.96260726,0.08076029,0.07642874,0.06401251,0.010648857,0.103,0.45690855,-0.3292409,-0.018974721
938,0,11256,1.0547992,0.08576218,0.028805021,0.6517289,-0.020241475,0.13608333,0.0,0.462,0.0,0.96260726,0.08076029,0.07642874,0.06401251,0.010648857,0.103,0.43490857,-0.35124093,-0.024312396
938,1,11260,1.0291326,0.08576218,0.028805021,0.6517289,-0.020241475,0.11954167,0.0,0.44,0.0,0.96260726,0.08076029,0.07642874,0.06401251,0.010648857,0.103,0.41290858,-0.37324092,-0.029481996
938,2,11264,1.0034659,0.08576218,0.028805021,0.6517289,-0.020241475,0.103,0.0,0.418,0.0,0.96260726,0.08076029,0.07642874,0.06401251,0.010648857,0.103,0.39090857,-0.3952409,-0.034083094
939,0,11268,0.97779924,0.08576218,0.028805021,0.6517289,-0.020241475,0.103,0.0,0.396,0.0,0.96260726,0.08076029,0.07642874,0.06401251,0.010648857,0.103,0.41290858,-0.41724092,-0.038945563
939,1,11272,0.9521326,0.08576218,0.028805021,0.6517289,-0.020241475,0.103,0.0,0.374,0.0,0.96260726,0.08076029,0.07642874,0.06401251,0.010648857,0.103,0.43490857,-0.4392409,-0.04218216
939,2,11276,0.9264659,0.08576218,0.028805021,0.6517289,-0.020241475,0.103,0.0,0.352,0.0,0.96260726,0.08076029,0.07642874,0.06401251,0.010648857,0.103,0.45690858,-0.46124092,-0.04494771
940,0,11280,0.9007993,0.08576218,0.028805021,0.6517289,-0.020241475,0.103,0.0,0.33,0.0,0.96260726,0.08076029,0.07642874,0.06401251,0.010648857,0.103,0.47890857,-0.4832409,-0.0472264
940,1,11284,0.87513256,0.08576218,0.028805021,0.6517289,-0.020241475,0.103,0.0,0.308,0.0,0.96260726,0.08076029,0.07642874,0.06401251,0.010648857,0.103,0.50090855,-0.5052409,-0.048992872
940,2,11288,0.8494659,0.08576218,0.028805021,0.6517289,-0.020241475,0.103,0.0,0.286,0.0,0.96260726,0.08076029,0.07642874,0.06401251,0.010648857,0.103,0.52290857,-0.52724093,-0.050302956
941,0,11292,0.82379925,0.08576218,0.028805021,0.6517289,-0.020241475,0.103,0.0,0.264,0.0,0.96260726,0.08076029,0.07642874,0.06401251,0.010648857,0.103,0.5449086,-0.5052409,-0.051253464
941,1,11296,0.7981326,0.08576218,0.028805021,0.6517289,-0.020241475,0.103,0.0,0.242,0.0,0.96260726,0.08076029,0.07642874,0.06401251,0.010648857,0.103,0.5654392,-0.4847302,-0.050746195
941,2,11300,0.77246594,0.08576218,0.028805021,0.6517289,-0.020241475,0.103,0.0,0.22,0.0,0.96260726,0.08076029,0.07642874,0.06401251,0.010648857,0.103,0.58297265,-0.46698895,-0.04813639
942,0,11304,0.74679923,0.08576218,0.028805021,0.6517289,-0.020241475,0.103,0.0,0.198,0.0,0.96260726,0.08076029,0.07642874,0.06401251,0.010648857,0.103,0.55776143,-0.4479177,-0.04363354
942,1,11308,0.7211326,0.08576218,0.028805021,0.6517289,-0.020241475,0.103,0.0,0.176,0.0,0.96260726,0.08076029,0.07642874,0.06401251,0.010648857,0.103,0.5291412,-0.43172228,-0.03566935
942,2,11312,0.6954659,0.08576218,0.028805021,0.6517289,-0.020241475,0.103,0.0,0.154,0.0,0.96260726,0.08076029,0.07642874,0.06401251,0.010648857,0.103,0.49788323,-0.41740662,-0.03047796
943,0,11316,0.6954659,0.08576218,0.028805021,0.6517289,-0.020241475,0.103,0.0,0.132,0.0,0.96260726,0.08076029,0.07642874,0.06401251,0.010648857,0.103,0.46793208,-0.4016408,-0.02744139
943,1,11320,0.6954659,0.08576218,0.028805021,0.6517289,-0.020241475,0.103,0.0,0.11,0.0,0.96260726,0.08076029,0.07642874,0.06401251,0.010648857,0.103,0.43554562,-0.38745537,-0.024135487
943,2,11324,0.6954659,0.08576218,0.028805021,0.6517289,-0.020241475,0.103,0.0,0.088,0.0,0.96260726,0.08076029,0.07642874,0.06401251,0.010648857,0.103,0.3990711,-0.37577564,-0.021283383
944,0,11328,0.6954659,0.08576218,0.028805021,0.6517289,-0.020241475,0.103,0.0,0.066,0.0,0.96260726,0.08076029,0.07642874,0.06401251,0.010648857,0.103,0.35868734,-0.366207,-0.019071583
944,1,11332,0.6954659,0.08576218,0.028805021,0.6517289,-0.020241475,0.103,0.0,0.044,0.0,0.96260726,0.08076029,0.07642874,0.06401251,0.010648857,0.103,0.31609645,-0.35712978,-0.01788188
944,2,11336,0.6954659,0.08576218,0.028805021,0.6517289,-0.020241475,0.103,0.0,0.022,0.0,0.96260726,0.08076029,0.07642874,0.06401251,0.010648857,0.103,0.27495393,-0.3463077,-0.020458689
945,0,11340,0.6954659,0.08576218,0.028805021,0.6517289,-0.020241475,0.103,0.0,0.044,0.0,0.96260726,0.08076029,0.07642874,0.06401251,0.010648857,0.103,0.23118028,-0.33661237,-0.016617198
945,1,11344,0.6954659,0.08576218,0.028805021,0.6517289,-0.020241475,0.103,0.0,0.066,0.0,0.96260726,0.08076029,0.07642874,0.06401251,0.010648857,0.103,0.19481348,-0.32230628,-0.016262934
945,2,11348,0.6954659,0.08576218,0.028805021,0.6517289,-0.020241475,0.103,0.0,0.088,0.0,0.9626067,0.08071177,0.07642874,0.06401251,0.010648857,0.103,0.16450799,-0.30452415,-0.016241621
946,0,11352,0.7211326,0.08576218,0.028805021,0.6517289,-0.020241475,0.103,0.0,0.066,0.0,0.9625341,0.07769071,0.07642874,0.06401251,0.010648857,0.103,0.14250799,-0.32652417,-0.011686824
946,1,11356,0.74679923,0.08576218,0.028805021,0.6517289,-0.020241475,0.103,0.0,0.044,0.0,0.96235293,0.07187706,0.07642874,0.06401251,0.010648857,0.103,0.120507985,-0.34852415,-0.008524457
946,2,11360,0.77246594,0.08576218,0.028805021,0.6517289,-0.020241475,0.103,0.0,0.022,0.0,0.96196437,0.06266111,0.07642874,0.06401251,0.010648857,0.103,0.098507985,-0.37052414,-0.006198619
947,0,11364,0.7981326,0.08576218,0.028805021,0.6517289,-0.020241475,0.103,0.0,0.0,0.0,0.9612357,0.050754044,0.07706356,0.0642017,0.010648857,0.103,0.07650799,-0.39252415,-0.0044044405
947,1,11368,0.82379925,0.08576218,0.028805021,0.6517289,-0.020241475,0.103,0.0,0.0,0.0,0.960813,0.044755038,0.07778723,0.06437616,0.010648857,0.103,0.05450799,-0.41452417,-0.0044650245
947,2,11372,0.8494659,0.08576218,0.028805021,0.6517289,-0.020241475,0.103,0.0,0.0,0.0,0.9606176,0.0420538,0.07778723,0.06437616,0.010648857,0.103,0.032507993,-0.43652418,-0.0047422983
948,0,11376,0.8494659,0.08576218,0.028805021,0.6517289,-0.020241475,0.103,0.0,0.0,0.0,0.9606115,0.040984683,0.07778723,0.06437616,0.010648857,0.103,0.010507991,-0.45852417,-0.007190349
948,1,11380,0.8494659,0.08576218,0.028805021,0.6517289,-0.020241475,0.103,0.0,0.0,0.0,0.96060723,0.040182307,0.07778723,0.06437616,0.010648857,0.103,-0.011492009,-0.48052418,-0.008442322
948,2,11384,0.8494659,0.08576218,0.028805021,0.6517289,-0.020241475,0.103,0.0,0.0,0.0,0.96060723,0.03985418,0.07778723,0.06437616,0.010648857,0.103,-0.03349201,-0.5025242,-0.010134434
949,0,11388,0.8494659,0.08576218,0.028805021,0.6517289,-0.020241475,0.103,0.0,0.0,0.0,0.96060723,0.039795663,0.07778723,0.06437616,0.010648857,0.103,-0.05549201,-0.5245242,-0.0121919755
949,1,11392,0.8494659,0.08576218,0.028805021,0.6517289,-0.020241475,0.103,0.0,0.0,0.0,0.96060723,0.039770585,0.07778723,0.06437616,0.010648857,0.103,-0.077492006,-0.54652417,-0.011670947
949,2,11396,0.8494659,0.08576218,0.028805021,0.6517289,-0.020241475,0.103,0.0,0.0,0.0,0.96060723,0.039770585,0.07778723,0.06437616,0.010648857,0.103,-0.099492006,-0.5685242,-0.012004551
950,0,11400,0.8494659,0.08576218,0.028805021,0.6517289,-0.020241475,0.103,0.022,0.0,0.0,0.96060723,0.039770585,0.07778723,0.06437616,0.010648857,0.103,-0.12149201,-0.5905242,-0.0128699
950,1,11404,0.8494659,0.08576218,0.028805021,0.6517289,-0.020241475,0.103,0.044,0.0,0.0,0.96060723,0.039770585,0.07778723,0.06437616,0.010648857,0.103,-0.14349201,-0.61252415,-0.012414264
950,2,11408,0.8494659,0.08576218,0.028805021,0.6517289,-0.020241475,0.103,0.066,0.0,0.0,0.96060723,0.039770585,0.07778723,0.06437616,0.010648857,0.103,-0.16549201,-0.616,-0.013509669
951,0,11412,0.8494659,0.08576218,0.028805021,0.6517289,-0.020241475,0.103,0.088,0.0,0.0,0.96060723,0.039770585,0.07778723,0.06437616,0.010648857,0.103,-0.18749201,-0.59400004,-0.015572511
951,1,11416,0.8494659,0.08576218,0.028805021,0.6517289,-0.020241475,0.103,0.11,0.0,0.0,0.96060723,0.039770585,0.07778723,0.06437616,0.010648857,0.103,-0.20949201,-0.572,-0.017545382
951,2,11420,0.8494659,0.08576218,0.028805021,0.6517289,-0.020241475,0.103,0.132,0.0,0.0,0.96060723,0.039770585,0.07778723,0.06437616,0.010648857,0.103,-0.23149203,-0.55,-0.017061293
952,0,11424,0.8494659,0.08576218,0.028805021,0.6517289,-0.020241475,0.103,0.11,0.022,0.0,0.96060723,0.039770585,0.07778723,0.06437616,0.010648857,0.103,-0.20949201,-0.52800006,-0.015576768
952,1,11428,0.8494659,0.08576218,0.028805021,0.6517289,-0.020241475,0.103,0.088,0.044,0.0,0.96060723,0.039770585,0.07778723,0.06437616,0.010648857,0.103,-0.18749201,-0.50600004,-0.01495251
952,2,11432,0.8494659,0.08576218,0.028805021,0.6517289,-0.020241475,0.103,0.066,0.066,0.0,0.96060723,0.039770585,0.07778723,0.06437616,0.010648857,0.103,-0.16549203,-0.48400006,-0.014681639
953,0,11436,0.8494659,0.08576218,0.028805021,0.6517289,-0.020241475,0.103,0.044,0.088,0.0,0.96060723,0.039770585,0.07778723,0.06437616,0.010648857,0.103,-0.14349203,-0.46200004,0.0
953,1,11440,0.8494659,0.08576218,0.028805021,0.6517289,-0.020241475,0.103,0.022,0.11,0.0,0.96060723,0.039770585,0.07778723,0.06437616,0.010648857,0.103,-0.12149203,-0.44000006,0.0
953,2,11444,0.8494659,0.08576218,0.028805021,0.6517289,-0.020241475,0.103,0.0,0.132,0.0,0.96060723,0.039770585,0.07778723,0.06437616,0.010648857,0.103,-0.09949203,-0.41800004,0.0
954,0,11448,0.8494659,0.08576218,0.028805021,0.6517289,-0.020241475,0.103,0.0,0.154,0.0,0.9349405,0.039770585,0.07778723,0.06437616,0.010648857,0.103,-0.07749203,-0.39600006,0.0
954,1,11452,0.8494659,0.08576218,0.028805021,0.6517289,-0.020241475,0.103,0.0,0.176,0.0,0.90927386,0.039770585,0.07778723,0.06437616,0.010648857,0.103,-0.05549203,-0.37400004,0.0
954,2,11456,0.8494659,0.08576218,0.028805021,0.6517289,-0.020241475,0.103,0.0,0.198,0.0,0.8836072,0.039770585,0.07778723,0.06437616,0.010648857,0.103,-0.03349203,-0.35200006,0.0
955,0,11460,0.8494659,0.08576218,0.028805021,0.6517289,-0.020241475,0.103,0.0,0.22,0.0,0.85794055,0.039770585,0.07778723,0.06437616,0.010648857,0.103,-0.011492027,-0.33000004,0.0
955,1,11464,0.8494659,0.08576218,0.028805021,0.6517289,-0.020241475,0.103,0.0,0.242,0.0,0.83227384,0.039770585,0.07778723,0.06437616,0.010648857,0.103,0.0,-0.30800006,0.0
955,2,11468,0.8494659,0.08576218,0.028805021,0.6517289,-0.020241475,0.103,0.0,0.264,0.0,0.8066072,0.039770585,0.07778723,0.06437616,0.010648857,0.103,0.0,-0.28600004,0.0
956,0,11472,0.87513256,0.08576218,0.028805021,0.6517289,-0.020241475,0.103,0.0,0.286,0.0,0.8066072,0.039770585,0.07778723,0.06437616,0.010648857,0.103,0.0,-0.26400006,0.0
956,1,11476,0.9007993,0.08576218,0.028805021,0.6517289,-0.020241475,0.103,0.0,0.308,0.0,0.8066072,0.039770585,0.07778723,0.06437616,0.010648857,0.103,2.733559e-10,-0.24200007,0.027795346
956,2,11480,0.9264659,0.08576218,0.028805021,0.6517289,-0.020241475,0.103,0.0,0.33,0.0,0.8066072,0.039770585,0.07778723,0.06437616,0.010648857,0.103,-0.00010576406,-0.21999961,0.02884588
957,0,11484,0.9521326,0.08576218,0.028805021,0.6517289,-0.020241475,0.103,0.0,0.352,0.0,0.8066072,0.039770585,0.07778723,0.06437616,0.010648857,0.103,-0.0012325429,-0.19796073,0.032352112
957,1,11488,0.97779924,0.08576218,0.028805021,0.6517289,-0.020241475,0.103,0.0,0.374,0.0,0.8066072,0.039770585,0.058358457,0.06437616,0.010648857,0.103,-0.010090973,-0.17538013,0.042948037
957,2,11492,1.0034659,0.08576218,0.028805021,0.6517289,-0.020241475,0.103,0.0,0.396,0.0,0.88588023,0.039770585,0.05727934,0.040674087,0.010648857,0.103,-0.010671621,-0.15263401,0.08779556
958,0,11496,1.0291326,0.08576218,0.028805021,0.6517289,-0.020241475,0.103,0.0,0.418,0.0,0.88588023,0.039770585,0.05623102,0.041474953,0.010648857,0.103,-0.001956415,-0.13060471,0.014460922
958,1,11500,1.0547992,0.08576218,0.028805021,0.6517289,-0.020241475,0.103,0.0,0.44,0.0,0.88588023,0.039770585,0.05623102,0.041474953,0.010648857,0.103,1.5605559e-11,-0.108604714,0.031860586
958,2,11504,1.0804659,0.08576218,0.028805021,0.6517289,-0.020241475,0.103,0.0,0.462,0.0,0.88588023,0.039770585,0.05623102,0.041474953,0.010648857,0.103,1.538195e-10,-0.086604714,0.045862004
959,0,11508,1.1061326,0.08576218,0.028805021,0.6517289,-0.020241475,0.103,0.0,0.484,0.0,0.88588023,0.039770585,0.05623102,0.041474953,0.010648857,0.103,-1.5479824e-10,-0.064604715,0.048673533
959,1,11512,1.1317992,0.08576218,0.028805021,0.6517289,-0.020241475,0.103,0.0,0.506,0.0,0.88588023,0.039770585,0.05623102,0.041474953,0.010648857,0.103,5.1897024e-12,-0.042604715,0.047991063
959,2,11516,1.1574659,0.08576218,0.028805021,0.6517289,-0.020241475,0.103,0.0,0.528,0.0,0.88588023,0.039770585,0.05623102,0.041474953,0.010648857,0.103,-4.6944334e-11,-0.020604715,0.047711164
960,0,11520,1.1831325,0.08576218,0.028805021,0.6517289,-0.020241475,0.103,0.0,0.55,0.0,0.88588023,0.039770585,0.05623102,0.041474953,0.010648857,0.103,-3.9778886e-05,0.0013911674,0.046280373
960,1,11524,1.2,0.08576218,0.028805021,0.6517289,-0.020241475,0.103,0.0,0.572,0.0,0.88588023,0.039770585,0.05623102,0.041474953,0.010648857,0.103,-0.0006676465,0.023320783,0.044752076
960,2,11528,1.2,0.08576218,0.028805021,0.6517289,-0.020241475,0.103,0.0,0.594,0.0,0.88588023,0.039770585,0.05623102,0.041474953,0.010648857,0.103,-0.0012290967,0.045197267,0.043176863
961,0,11532,1.2,0.08576218,0.028805021,0.6517289,-0.020241475,0.103,0.0,0.616,0.0,0.8602136,0.039770585,0.05623102,0.041474953,0.010648857,0.103,-0.00065680785,0.02313427,0.041636627
961,1,11536,1.2,0.08576218,0.028805021,0.6517289,-0.020241475,0.103,0.0,0.616,0.0,0.8436476,0.039770585,0.05623102,0.041474953,0.010648857,0.103,-2.4157154e-05,0.001132814,0.039726045
961,2,11540,1.2,0.08576218,0.028805021,0.6517289,-0.020241475,0.103,0.0,0.616,0.0,0.82641965,0.039770585,0.05623102,0.041474953,0.010648857,0.103,0.0,0.0,0.03818026
962,0,11544,1.2,0.08576218,0.028805021,0.74339557,-0.020241475,0.103,0.0,0.616,0.0,0.8199074,0.039770585,0.05623102,0.041474953,0.010648857,0.103,0.0,0.0,0.06656121
962,1,11548,1.2,0.08576218,0.028805021,0.8350622,-0.020241475,0.103,0.0,0.616,0.0,0.87289244,0.039770585,0.05593941,0.041474953,0.010648857,0.103,0.0,0.0,0.10451023
962,2,11552,1.2,0.08576218,0.028805021,0.9267289,-0.020241475,0.103,0.0,0.616,0.0,0.8724871,0.039770585,0.05593941,0.041474953,0.010648857,0.103,0.0,0.0,0.031164158
963,0,11556,1.2,0.08576218,0.028805021,1.0183955,-0.020241475,0.103,0.0,0.616,0.0,0.8724871,0.039770585,0.05593941,0.041474953,0.010648857,0.103,-0.022,-1.2382071e-11,0.0056188744
963,1,11560,1.2,0.08576218,0.028805021,1.1100622,-0.020241475,0.103,0.0,0.616,0.0,0.8724871,0.039770585,0.05593941,0.041474953,0.010648857,0.103,-0.044,6.464163e-11,0.005019533
963,2,11564,1.2,0.08576218,0.028805021,1.135,-0.020241475,0.103,0.0,0.616,0.0,0.8724871,0.039770585,0.05593941,0.041474953,0.010648857,0.103,-0.066,5.2721147e-11,0.0038552764
964,0,11568,1.2,0.08576218,0.028805021,1.135,-0.020241475,0.103,0.0,0.616,0.0,0.8724871,0.039770585,0.05593941,0.041474953,0.010648857,0.103,-0.088,-0.022,0.002624937
964,1,11572,1.2,0.08576218,0.028805021,1.135,-0.020241475,0.103,0.0,0.616,0.0,0.8724871,0.039770585,0.05593941,0.041474953,0.010648857,0.103,-0.11,-0.044,0.0014673399
964,2,11576,1.2,0.08576218,0.028805021,1.135,-0.020241475,0.103,0.0,0.616,0.0,0.8724871,0.039770585,0.05593941,0.041474953,0.010648857,0.103,-0.132,-0.066,0.00042096028
965,0,11580,1.2,0.08576218,0.028805021,1.135,-0.020241475,0.103,0.022,0.594,0.0,0.8724871,0.039770585,0.05593941,0.041474953,0.010648857,0.103,-0.154,-0.088,-8.125529e-05
965,1,11584,1.2,0.08576218,0.028805021,1.135,-0.020241475,0.103,0.044,0.572,0.0,0.8724871,0.039770585,0.05593941,0.041474953,0.010648857,0.103,-0.176,-0.11,0.003429138
965,2,11588,1.2,0.08576218,0.028805021,1.135,-0.020241475,0.103,0.066,0.55,0.0,0.8724871,0.039770585,0.05593941,0.041474953,0.010648857,0.103,-0.198,-0.132,0.0110300295
966,0,11592,1.2,0.08576218,0.028805021,1.135,-0.020241475,0.103,0.088,0.528,0.0,0.8981538,0.039770585,0.05593941,0.041474953,0.010648857,0.103,-0.21999998,-0.154,0.016436933
966,1,11596,1.2,0.08576218,0.028805021,1.135,-0.020241475,0.103,0.11,0.506,0.0,0.92382044,0.039770585,0.05593941,0.041474953,0.010648857,0.103,-0.24199998,-0.176,0.017128637
966,2,11600,1.2,0.08576218,0.028805021,1.135,-0.020241475,0.103,0.132,0.484,0.0,0.9494871,0.039770585,0.05593941,0.041474953,0.010648857,0.103,-0.264,-0.198,0.016050493
967,0,11604,1.2,0.08576218,0.028805021,1.135,-0.020241475,0.103,0.154,0.462,0.0,0.97515374,0.039770585,0.05593941,0.041474953,0.010648857,0.103,-0.242,-0.176,0.014855793
967,1,11608,1.2,0.08576218,0.028805021,1.135,-0.020241475,0.103,0.176,0.44,0.0,1.0008204,0.039770585,0.05593941,0.041474953,0.010648857,0.103,-0.22000001,-0.15400001,0.013912048
967,2,11612,1.2,0.08576218,0.028805021,1.135,-0.020241475,0.103,0.198,0.418,0.0,1.0245475,0.039770585,0.05593941,0.041474953,0.010648857,0.103,-0.19800001,-0.13200001,0.013052823
968,0,11616,1.2,0.08576218,0.028805021,1.135,-0.020241475,0.103,0.22,0.396,0.0,1.0245475,0.039770585,0.05593941,0.041474953,0.010648857,0.103,-0.22000001,-0.15400001,0.01231991
968,1,11620,1.2,0.08576218,0.028805021,1.135,-0.020241475,0.103,0.242,0.374,0.0,1.0245475,0.039770585,0.05593941,0.041474953,0.010648857,0.103,-0.24200001,-0.17600001,0.011160653
968,2,11624,1.2,0.08576218,0.028805021,1.135,-0.020241475,0.103,0.264,0.352,0.0,1.0245475,0.039770585,0.05593941,0.041474953,0.010648857,0.103,-0.26400003,-0.19800001,0.01007637
969,0,11628,1.2,0.08576218,0.028805021,1.135,-0.020241475,0.103,0.286,0.33,0.0,1.0245475,0.039770585,0.05593941,0.041474953,0.010648857,0.103,-0.24200001,-0.17600001,0.008206833
969,1,11632,1.2,0.08576218,0.028805021,1.135,-0.020241475,0.103,0.308,0.308,0.0,1.0245475,0.039770585,0.05593941,0.041474953,0.010648857,0.103,-0.22000001,-0.15400001,0.006633267
969,2,11636,1.2,0.08576218,0.028805021,1.135,-0.020241475,0.103,0.33,0.286,0.0,1.0245475,0.039770585,0.05593941,0.041474953,0.010648857,0.103,-0.19800001,-0.13200001,0.0058138026
970,0,11640,1.2,0.08576218,0.028805021,1.135,-0.020241475,0.103,0.352,0.264,0.0,1.0245475,0.039770585,0.05593941,0.041474953,0.010648857,0.103,-0.17600001,-0.110000014,0.0
970,1,11644,1.2,0.08576218,0.028805021,1.135,-0.020241475,0.103,0.374,0.242,0.0,1.0245475,0.039770585,0.05593941,0.041474953,0.010648857,0.103,-0.15400001,-0.088000014,0.0
970,2,11648,1.2,0.08576218,0.028805021,1.135,-0.020241475,0.103,0.396,0.22,0.0,1.0245475,0.039770585,0.05593941,0.041474953,0.010648857,0.103,-0.13200001,-0.066000015,0.0
971,0,11652,1.2,0.08576218,0.028805021,1.135,-0.020241475,0.103,0.418,0.198,0.0,1.0245475,0.039770585,0.05593941,0.041474953,0.010648857,0.103,-0.110000014,-0.044000015,0.0
971,1,11656,1.2,0.08576218,0.028805021,1.135,-0.020241475,0.103,0.44,0.176,0.0,1.0245475,0.039770585,0.05593941,0.041474953,0.010648857,0.103,-0.088000014,-0.022000015,0.0
971,2,11660,1.2,0.08576218,0.028805021,1.135,-0.020241475,0.103,0.462,0.154,0.0,1.0245475,0.039770585,0.05593941,0.041474953,0.010648857,0.103,-0.066000015,-1.4930938e-08,0.0
972,0,11664,1.2,0.08576218,0.028805021,1.135,-0.020241475,0.103,0.484,0.132,0.0,1.0245475,0.039770585,0.05593941,0.041474953,0.010648857,0.103,-0.04400002,0.021999985,0.0
972,1,11668,1.2,0.08576218,0.028805021,1.135,-0.020241475,0.103,0.506,0.11,0.0,1.0245475,0.039770585,0.05593941,0.041474953,0.010648857,0.103,-0.022000017,0.043999985,0.0
972,2,11672,1.2,0.08576218,0.028805021,1.135,-0.020241475,0.103,0.528,0.088,0.0,1.0245475,0.039770585,0.05593941,0.041474953,0.010648857,0.103,-1.6585336e-08,0.065999985,0.0
973,0,11676,1.2,0.08576218,0.028805021,1.135,-0.020241475,0.103,0.55,0.066,0.0,1.0245475,0.039770585,0.05593941,0.041474953,0.010648857,0.103,0.0,0.087999985,0.0
973,1,11680,1.2,0.08576218,0.028805021,1.135,-0.020241475,0.103,0.572,0.044,0.0,1.0245475,0.039770585,0.05593941,0.041474953,0.010648857,0.103,0.0,0.109999985,0.0
973,2,11684,1.2,0.08576218,0.028805021,1.135,-0.020241475,0.103,0.594,0.022,0.0,1.0245475,0.039770585,0.05593941,0.041474953,0.010648857,0.103,0.0,0.13199998,0.0
974,0,11688,1.2,0.08576218,0.028805021,1.135,-0.020241475,0.103,0.616,0.0,0.0,1.0245475,0.039770585,0.05593941,0.041474953,0.010648857,0.103,0.0,0.15399998,0.0
974,1,11692,1.2,0.08576218,0.028805021,1.135,-0.020241475,0.103,0.616,0.0,0.0,1.0245475,0.039770585,0.05593941,0.041474953,0.010648857,0.103,0.0,0.17599998,0.0
974,2,11696,1.2,0.08576218,0.028805021,1.135,-0.020241475,0.103,0.616,0.0,0.0,1.0245475,0.039770585,0.05593941,0.041474953,0.010648857,0.103,0.0,0.19799998,0.0
975,0,11700,1.2,0.08576218,0.028805021,1.135,-0.020241475,0.103,0.616,0.0,0.0,1.0245475,0.039770585,0.05593941,0.041474953,0.010648857,0.103,0.0,0.21999998,0.0
975,1,11704,1.2,0.08576218,0.028805021,1.135,-0.020241475,0.103,0.616,0.0,0.0,1.0245475,0.039770585,0.05593941,0.041474953,0.010648857,0.103,0.0,0.24199998,0.0
975,2,11708,1.2,0.08576218,0.028805021,1.135,-0.020241475,0.103,0.616,0.0,0.0,1.0245475,0.039770585,0.05593941,0.041474953,0.010648857,0.103,0.0,0.264,0.0
976,0,11712,1.2,0.08576218,0.028805021,1.135,-0.020241475,0.103,0.594,-0.022,0.0,1.0245475,0.039770585,0.05593941,0.041474953,0.010648857,0.103,0.0,0.28599998,0.0
976,1,11716,1.2,0.08576218,0.028805021,1.135,-0.020241475,0.103,0.572,-0.044,0.0,1.0245475,0.039770585,0.05593941,0.041474953,0.010648857,0.103,0.0,0.308,0.0
976,2,11720,1.2,0.08576218,0.028805021,1.135,-0.020241475,0.103,0.55,-0.066,0.0,1.0245475,0.039770585,0.05593941,0.041474953,0.010648857,0.103,0.0,0.32999998,0.0
977,0,11724,1.2,0.08576218,0.028805021,1.135,-0.020241475,0.103,0.528,-0.088,0.0,1.0245475,0.039770585,0.05593941,0.041474953,0.010648857,0.103,0.0,0.352,0.0
977,1,11728,1.2,0.08576218,0.028805021,1.135,-0.020241475,0.103,0.506,-0.11,0.0,1.0245475,0.039770585,0.05593941,0.041474953,0.010648857,0.103,0.0,0.37399998,0.0
977,2,11732,1.2,0.08576218,0.028805021,1.135,-0.020241475,0.103,0.484,-0.132,0.0,1.0245475,0.039770585,0.05593941,0.041474953,0.010648857,0.103,0.0,0.396,0.0
978,0,11736,1.2,0.08576218,0.028805021,1.135,-0.020241475,0.103,0.462,-0.154,0.0,1.0245475,0.039770585,0.05593941,0.041474953,0.010648857,0.103,0.0,0.41799998,0.0
978,1,11740,1.2,0.08576218,0.028805021,1.135,-0.020241475,0.103,0.44,-0.176,0.0,1.0245475,0.039770585,0.05593941,0.041474953,0.010648857,0.103,0.0,0.44,0.0
978,2,11744,1.2,0.08576218,0.028805021,1.135,-0.020241475,0.103,0.418,-0.198,0.0,1.0245475,0.039770585,0.05593941,0.041474953,0.010648857,0.103,0.0,0.46199998,0.0
979,0,11748,1.2,0.08576218,0.028805021,1.135,-0.020241475,0.103,0.396,-0.22,0.0,1.0245475,0.039770585,0.05593941,0.041474953,0.010648857,0.103,0.0,0.484,0.0
979,1,11752,1.2,0.08576218,0.028805021,1.135,-0.020241475,0.103,0.374,-0.242,0.0,1.0245475,0.039770585,0.05593941,0.041474953,0.010648857,0.103,0.0,0.506,0.0
979,2,11756,1.2,0.08576218,0.028805021,1.135,-0.020241475,0.103,0.352,-0.264,0.0,1.0245475,0.039770585,0.05593941,0.041474953,0.010648857,0.103,0.0,0.528,0.0
980,0,11760,1.2,0.08576218,0.028805021,1.135,-0.020241475,0.103,0.33,-0.286,0.0,1.0245475,0.039770585,0.05593941,0.041474953,0.010648857,0.103,0.0,0.55,0.0
980,1,11764,1.2,0.08576218,0.028805021,1.135,-0.020241475,0.103,0.308,-0.308,0.0,1.0245475,0.039770585,0.05593941,0.041474953,0.010648857,0.103,0.0,0.57199997,0.0
980,2,11768,1.2,0.08576218,0.028805021,1.135,-0.020241475,0.103,0.286,-0.33,0.0,1.0245475,0.039770585,0.05593941,0.041474953,0.010648857,0.103,0.0,0.594,0.0
981,0,11772,1.1743333,0.08576218,0.028805021,1.135,-0.020241475,0.103,0.264,-0.352,0.0,1.0245475,0.039770585,0.05593941,0.041474953,0.010648857,0.103,0.0,0.616,0.0
981,1,11776,1.1486667,0.08576218,0.028805021,1.135,-0.020241475,0.103,0.242,-0.374,0.0,1.0245475,0.039770585,0.05593941,0.041474953,0.010648857,0.103,0.0,0.616,0.0
981,2,11780,1.123,0.08576218,0.028805021,1.135,-0.020241475,0.103,0.22,-0.396,0.0,1.0245475,0.039770585,0.05593941,0.041474953,0.010648857,0.103,0.0,0.616,0.0
982,0,11784,1.0973334,0.08576218,0.028805021,1.135,-0.020241475,0.103,0.198,-0.418,0.0,1.0245475,0.039770585,0.05593941,0.041474953,0.010648857,0.103,0.0,0.616,0.0
982,1,11788,1.0716667,0.08576218,0.028805021,1.135,-0.020241475,0.103,0.176,-0.44,0.0,1.0245475,0.039770585,0.05593941,0.041474953,0.010648857,0.103,0.0,0.616,0.0
982,2,11792,1.046,0.08576218,0.028805021,1.135,-0.020241475,0.103,0.154,-0.462,0.0,1.0245475,0.039770585,0.05593941,0.041474953,0.010648857,0.103,0.0,0.616,0.0
983,0,11796,1.0203334,0.08576218,0.028805021,1.135,-0.020241475,0.103,0.132,-0.484,0.0,1.0245475,0.039770585,0.05593941,0.041474953,0.010648857,0.103,0.0,0.616,0.0
983,1,11800,0.9946667,0.08576218,0.028805021,1.135,-0.020241475,0.103,0.11,-0.506,0.0,1.0245475,0.039770585,0.05593941,0.041474953,0.010648857,0.103,0.0,0.616,0.0
983,2,11804,0.96900004,0.08576218,0.028805021,1.135,-0.020241475,0.103,0.088,-0.528,0.0,1.0245475,0.039770585,0.05593941,0.041474953,0.010648857,0.103,-0.02213679,0.52909726,0.0019095786
984,0,11808,0.96900004,0.08576218,0.028805021,1.135,-0.020241475,0.103,0.066,-0.55,0.0,1.0245475,0.039770585,0.05593941,0.041474953,0.010648857,0.103,-0.020915747,0.4623398,0.0001744414
984,1,11812,0.96900004,0.08576218,0.028805021,1.135,-0.020241475,0.103,0.044,-0.572,0.0,1.0245475,0.039770585,0.05593941,0.041474953,0.010648857,0.103,-0.04080457,0.3067302,-0.0011365827
984,2,11816,0.96900004,0.08576218,0.028805021,1.135,-0.020241475,0.103,0.022,-0.594,0.0,1.0242221,0.039770585,0.05593941,0.041474953,0.010648857,0.103,-0.064009264,0.11994463,-0.0014028979
985,0,11820,0.96900004,0.08576218,0.028805021,1.135,-0.020241475,0.103,0.0,-0.616,0.0,1.0218365,0.0381066,0.060291536,0.043351226,0.010648857,0.103,-0.06685985,0.025670964,-0.0006121368
985,1,11824,0.96900004,0.08576218,0.028805021,1.135,-0.020241475,0.103,0.0,-0.616,0.0,1.0213461,0.03801636,0.060811646,0.043351226,0.010648857,0.103,-0.05154237,0.015969306,-0.0013619716
985,2,11828,0.96900004,0.08576218,0.028805021,1.135,-0.020241475,0.103,0.0,-0.616,0.0,1.0208272,0.03765565,0.062675476,0.044001684,0.010648857,0.103,-0.03523256,0.010462331,-0.0012947764
986,0,11832,0.96900004,0.08576218,0.028805021,1.135,-0.020241475,0.103,0.0,-0.616,0.0,1.0208272,0.03765565,0.062675476,0.044001684,0.010648857,0.103,-0.0174914,0.01133174,-0.0040631117
986,1,11836,0.96900004,0.08576218,0.028805021,1.135,-0.020241475,0.103,0.0,-0.616,0.0,1.0200837,0.03657332,0.0669371,0.04638637,0.010648857,0.103,-0.006019224,0.0029071087,-0.00090853916
986,2,11840,0.96900004,0.08576218,0.028805021,1.135,-0.020241475,0.103,0.0,-0.616,0.0,1.0200837,0.03657332,0.0669371,0.04638637,0.010648857,0.103,-0.003460233,0.006833271,-0.004879468
987,0,11844,0.96900004,0.08576218,0.028805021,1.135,-0.020241475,0.103,0.0,-0.616,0.0,1.0200837,0.03657332,0.0669371,0.04638637,0.010648857,0.103,-0.0043976335,0.005282315,-0.0033424806
987,1,11848,0.96900004,0.08576218,0.028805021,1.135,-0.020241475,0.103,0.0,-0.616,0.0,1.0200837,0.03657332,0.0669371,0.04638637,0.010648857,0.103,-0.0022353528,0.014994146,-0.01257422
987,2,11852,0.96900004,0.08576218,0.028805021,1.135,-0.020241475,0.103,0.0,-0.616,0.0,1.0200837,0.03657332,0.0669371,0.04638637,0.010648857,0.103,-0.0027031254,0.02142757,-0.0141386995
988,0,11856,0.96900004,0.08576218,0.028805021,1.135,-0.020241475,0.103,0.0,-0.616,0.0,1.0200837,0.03657332,0.0669371,0.04638637,0.010648857,0.103,-0.0030749214,0.025240123,-0.014862429
988,1,11860,0.96900004,0.08576218,0.028805021,1.135,-0.020241475,0.103,0.0,-0.616,0.0,1.0200837,0.03657332,0.0669371,0.04638637,0.010648857,0.103,-0.0029209105,0.029712008,-0.016539214
988,2,11864,0.96900004,0.08576218,0.028805021,1.135,-0.020241475,0.103,0.0,-0.616,0.0,1.0200837,0.03657332,0.0669371,0.04638637,0.010648857,0.103,-0.0033453952,0.031461947,-0.016138444
989,0,11868,0.96900004,0.08576218,0.028805021,1.135,-0.020241475,0.103,0.0,-0.594,0.0,0.994417,0.03657332,0.0669371,0.04638637,0.010648857,0.103,-0.000545773,0.006085256,-0.017217165
989,1,11872,0.96900004,0.08576218,0.028805021,1.135,-0.020241475,0.103,0.0,-0.572,0.0,0.96875036,0.03657332,0.0669371,0.04638637,0.010648857,0.103,0.0,0.0,-0.018116897
989,2,11876,0.96900004,0.08576218,0.028805021,1.135,-0.020241475,0.103,0.0,-0.55,0.0,0.9430837,0.03657332,0.0669371,0.04638637,0.010648857,0.103,0.0,0.0,-0.018328106
990,0,11880,0.9946667,0.08576218,0.028805021,1.135,-0.020241475,0.103,0.0,-0.528,0.0,0.9430837,0.03657332,0.0669371,0.04638637,0.010648857,0.103,0.0,0.0,-0.019002458
990,1,11884,1.0203334,0.08576218,0.028805021,1.135,-0.020241475,0.103,0.0,-0.506,0.0,0.9430837,0.03657332,0.0669371,0.04638637,0.010648857,0.103,0.0,0.0,-0.019336142
990,2,11888,1.046,0.08576218,0.028805021,1.135,-0.020241475,0.103,0.0,-0.484,0.0,0.9430837,0.03657332,0.0669371,0.04638637,0.010648857,0.103,0.0,0.0,-0.020496974
991,0,11892,1.046,0.08576218,0.028805021,1.135,-0.020241475,0.103,0.0,-0.506,0.0,0.9621451,0.03657332,0.0669371,0.04638637,0.010648857,0.103,0.0,0.0,-0.020862006
991,1,11896,1.046,0.08576218,0.028805021,1.135,-0.020241475,0.103,0.0,-0.528,0.0,0.9818303,0.03657332,0.0669371,0.04638637,0.010648857,0.103,0.0,0.0,-0.021631386
991,2,11900,1.046,0.08576218,0.028805021,1.135,-0.020241475,0.103,0.0,-0.55,0.0,1.0016313,0.03657332,0.0669371,0.04638637,0.010648857,0.103,0.0,0.0,-0.021787912
992,0,11904,1.046,0.08576218,0.028805021,1.135,-0.020241475,0.103,0.0,-0.572,0.0,1.0212169,0.03657332,0.0669371,0.04638637,0.010648857,0.103,0.0,0.0,-0.021559756
992,1,11908,1.046,0.08576218,0.028805021,1.135,-0.020241475,0.103,0.0,-0.594,0.0,1.040619,0.03657332,0.0669371,0.04638637,0.010648857,0.103,0.0,0.0,-0.02136603
992,2,11912,1.046,0.08576218,0.028805021,1.135,-0.020241475,0.103,0.0,-0.616,0.0,1.0601106,0.03657332,0.0669371,0.04638637,0.010648857,0.103,0.0,0.0,-0.02150418
993,0,11916,1.046,0.08576218,0.028805021,1.135,-0.020241475,0.103,0.022,-0.594,0.0,1.076498,0.03657332,0.0669371,0.04638637,0.010648857,0.103,-0.0011744528,0.014223699,-0.018151317
993,1,11920,1.046,0.08576218,0.028805021,1.135,-0.020241475,0.103,0.044,-0.572,0.0,1.0938451,0.03657332,0.0669371,0.04638637,0.010648857,0.103,-0.001664963,0.024723327,-0.019302
993,2,11924,1.046,0.08576218,0.028805021,1.135,-0.020241475,0.103,0.066,-0.55,0.0,1.1068336,0.03657332,0.0669371,0.04638637,0.010648857,0.103,-0.0032058188,0.024098245,-0.014500404
994,0,11928,1.046,0.08576218,0.028805021,1.135,-0.020241475,0.103,0.088,-0.528,0.0,1.1068336,0.03657332,0.0669371,0.04638637,0.010648857,0.103,-0.00013558441,0.0011507496,-0.015607527
994,1,11932,1.046,0.08576218,0.028805021,1.135,-0.020241475,0.103,0.11,-0.506,0.0,1.0978637,0.03657332,0.067519985,0.04638637,0.010648857,0.103,0.0,0.0,-0.010107588
994,2,11936,1.046,0.08576218,0.028805021,1.135,-0.020241475,0.103,0.132,-0.484,0.0,1.0875152,0.03657332,0.068495326,0.04638637,0.010648857,0.103,0.0,0.0,-0.009414816
995,0,11940,1.046,0.08576218,0.028805021,1.135,-0.020241475,0.103,0.154,-0.462,0.0,1.0591332,0.03657332,0.068983585,0.04638637,0.010648857,0.103,-0.0021777079,0.007873759,-0.010605493
995,1,11944,1.046,0.08576218,0.028805021,1.135,-0.020241475,0.103,0.176,-0.44,0.0,1.0334665,0.03657332,0.06924885,0.04638637,0.010648857,0.103,-0.002828715,0.011384607,-0.011627923
995,2,11948,1.046,0.08576218,0.028805021,1.135,-0.020241475,0.103,0.198,-0.418,0.0,1.0077999,0.03657332,0.06924885,0.04638637,0.010648857,0.103,-0.0025268067,0.015869595,-0.015054278
996,0,11952,1.046,0.08576218,0.028805021,1.135,-0.020241475,0.103,0.22,-0.396,0.0,0.98213315,0.03657332,0.06924885,0.04638637,0.010648857,0.103,-0.026755236,0.02200149,-0.017443376
996,1,11956,1.046,0.08576218,0.028805021,1.135,-0.020241475,0.103,0.242,-0.374,0.0,0.9564665,0.03657332,0.06924885,0.04638637,0.010648857,0.103,-0.051058747,0.027802156,-0.018512588
996,2,11960,1.046,0.08576218,0.028805021,1.135,-0.020241475,0.103,0.264,-0.352,0.0,0.93079984,0.03657332,0.06924885,0.04638637,0.010648857,0.103,-0.07522629,0.033896055,-0.020136958
997,0,11964,1.046,0.08576218,0.028805021,1.135,-0.020241475,0.103,0.286,-0.33,0.0,0.9051332,0.03657332,0.06924885,0.04638637,0.010648857,0.103,-0.09929499,0.04077044,-0.021982387
997,1,11968,1.046,0.08576218,0.028805021,1.135,-0.020241475,0.103,0.308,-0.308,0.0,0.87946653,0.03657332,0.06924885,0.04638637,0.010648857,0.103,-0.12322719,0.04841961,-0.023907945
997,2,11972,1.046,0.08576218,0.028805021,1.135,-0.020241475,0.103,0.33,-0.286,0.0,0.8537998,0.03657332,0.06924885,0.04638637,0.010648857,0.103,-0.14717108,0.05662059,-0.025300069
998,0,11976,1.046,0.08576218,0.028805021,1.135,-0.020241475,0.103,0.352,-0.264,0.0,0.82813317,0.03657332,0.06924885,0.04638637,0.010648857,0.103,-0.17055751,0.0691746,-0.029114908
998,1,11980,1.046,0.08576218,0.028805021,1.135,-0.020241475,0.103,0.374,-0.242,0.0,0.8024665,0.03657332,0.06924885,0.04638637,0.010648857,0.103,-0.19404753,0.081349246,-0.029777097
998,2,11984,1.046,0.08576218,0.028805021,1.135,-0.020241475,0.103,0.396,-0.22,0.0,0.77679986,0.03657332,0.06924885,0.04638637,0.010648857,0.103,-0.21801421,0.09080067,-0.029044759
999,0,11988,1.046,0.08576218,0.028805021,1.135,-0.020241475,0.103,0.374,-0.198,0.0,0.77679986,0.03657332,0.06924885,0.04638637,0.010648857,0.103,-0.2409412,0.06127013,-0.03746984
999,1,11992,1.046,0.08576218,0.028805021,1.135,-0.020241475,0.103,0.352,-0.176,0.0,0.77679986,0.03657332,0.06924885,0.04638637,0.010648857,0.103,-0.26312628,0.037693232,-0.03903267
999,2,11996,1.046,0.08576218,0.028805021,1.135,-0.020241475,0.103,0.33,-0.154,0.0,0.77679986,0.03657332,0.06924885,0.04638637,0.010648857,0.103,-0.2851263,0.015693232,-0.040306974
1000,0,12000,1.046,0.08576218,0.028805021,1.135,-0.020241475,0.103,0.308,-0.176,0.0,0.77679986,0.03657332,0.06924885,0.04638637,0.010648857,0.103,-0.30717564,0.03700077,-0.047273654
1000,1,12004,1.046,0.08576218,0.028805021,1.135,-0.020241475,0.103,0.286,-0.198,0.0,0.77679986,0.03657332,0.06924885,0.04638637,0.010648857,0.103,-0.32926205,0.056856208,-0.057840236
1000,2,12008,1.046,0.08576218,0.028805021,1.135,-0.020241475,0.103,0.264,-0.22,0.0,0.77679986,0.03657332,0.06924885,0.04638637,0.010648857,0.103,-0.35129085,0.07551947,-0.06220076
1001,0,12012,1.046,0.08576218,0.028805021,1.135,-0.020241475,0.103,0.242,-0.242,0.0,0.8024665,0.03657332,0.06924885,0.04638637,0.010648857,0.103,-0.37314337,0.086920984,-0.06383923
1001,1,12016,1.046,0.08576218,0.028805021,1.135,-0.020241475,0.103,0.22,-0.264,0.0,0.82813317,0.03657332,0.06924885,0.04638637,0.010648857,0.103,-0.39443684,0.09556096,-0.06310679
1001,2,12020,1.046,0.08576218,0.028805021,1.135,-0.020241475,0.103,0.198,-0.286,0.0,0.8537998,0.03657332,0.06924885,0.04638637,0.010648857,0.103,-0.41108525,0.06125525,-0.06118512
1002,0,12024,1.0716667,0.08576218,0.028805021,1.135,-0.020241475,0.103,0.176,-0.264,0.0,0.87946653,0.03657332,0.072257295,0.044126455,0.010648857,0.103,-0.38062215,-0.020865068,-0.05932544
1002,1,12028,1.0973334,0.08576218,0.028805021,1.135,-0.020241475,0.103,0.154,-0.242,0.0,0.9051332,0.043177236,0.10909177,0.014839454,0.010648857,0.103,-0.34709775,-0.063246265,-0.05763695
1002,2,12032,1.123,0.08576218,0.028805021,1.135,-0.020241475,0.103,0.132,-0.22,0.0,0.93079984,0.043985628,0.11037786,0.014839454,0.010648857,0.103,-0.31768686,-0.0733456,-0.05557798
1003,0,12036,1.123,0.08576218,0.028805021,1.135,-0.020241475,0.103,0.11,-0.242,0.0,0.9564665,0.044535313,0.111675106,0.015640777,0.010648857,0.103,-0.28628016,-0.08356965,-0.05342632
1003,1,12040,1.123,0.08576218,0.028805021,1.135,-0.020241475,0.103,0.088,-0.264,0.0,0.8810908,0.044845525,0.112935364,0.016051553,0.010648857,0.103,-0.2552915,-0.08772727,-0.051166687
1003,2,12044,1.123,0.08576218,0.028805021,1.135,-0.020241475,0.103,0.066,-0.286,0.0,0.8816542,0.044845525,0.112935364,0.016051553,0.010648857,0.103,-0.2258185,-0.085294366,-0.04889402
1004,0,12048,1.123,0.08576218,0.028805021,1.135,-0.020241475,0.103,0.044,-0.308,0.0,0.88114846,0.044942506,0.1152152,0.016051553,0.010648857,0.103,-0.19750002,-0.079075515,-0.046520457
1004,1,12052,1.123,0.08576218,0.028805021,1.135,-0.020241475,0.103,0.022,-0.33,0.0,0.8809517,0.044942506,0.11640488,0.016051553,0.010648857,0.103,-0.16978762,-0.07077873,-0.044149682
1004,2,12056,1.123,0.08576218,0.028805021,1.135,-0.020241475,0.103,0.0,-0.352,0.0,0.8807553,0.044942506,0.11756537,0.016237745,0.010648857,0.103,-0.14220706,-0.061651107,-0.041815728
1005,0,12060,1.123,0.08576218,0.028805021,1.135,-0.020241475,0.103,0.0,-0.33,0.0,0.88055915,0.044942506,0.11869306,0.016435932,0.010648857,0.103,-0.11380967,-0.05330895,-0.039524637
1005,1,12064,1.123,0.08576218,0.028805021,1.135,-0.020241475,0.103,0.0,-0.308,0.0,0.88055915,0.044942506,0.11979428,0.016630528,0.010648857,0.103,-0.08663323,-0.041989125,-0.03730997
1005,2,12068,1.123,0.08576218,0.028805021,1.135,-0.020241475,0.103,0.0,-0.286,0.0,0.8801794,0.044942506,0.12091087,0.016840033,0.010648857,0.103,-0.05980437,-0.029709488,-0.035204414
1006,0,12072,1.123,0.08576218,0.028805021,1.135,-0.020241475,0.103,0.0,-0.264,0.0,0.87998325,0.044942506,0.12202017,0.017044196,0.010648857,0.103,-0.03320465,-0.016800446,-0.03329496
1006,1,12076,1.123,0.08576218,0.028805021,1.135,-0.020241475,0.103,0.0,-0.242,0.0,0.8797859,0.044942506,0.123121955,0.017248826,0.010648857,0.103,-0.008930114,-0.004506866,-0.03145318
1006,2,12080,1.123,0.08576218,0.028805021,1.135,-0.020241475,0.103,0.0,-0.22,0.0,0.87958896,0.044942506,0.12422236,0.01745175,0.010648857,0.103,0.0,0.0,-0.029708609
1007,0,12084,1.123,0.08576218,0.028805021,1.135,-0.020241475,0.103,0.0,-0.242,0.0,0.87939185,0.044942506,0.12531133,0.017657394,0.010648857,0.103,0.008588517,0.004127055,-0.028220942
1007,1,12088,1.123,0.08576218,0.028805021,1.135,-0.020241475,0.103,0.0,-0.264,0.0,0.87919486,0.044942506,0.12639587,0.017864622,0.010648857,0.103,0.0101479925,0.0048371092,-0.026973136
1007,2,12092,1.123,0.08576218,0.028805021,1.135,-0.020241475,0.103,0.0,-0.286,0.0,0.9048615,0.044942506,0.12748273,0.018075926,0.010648857,0.103,0.010072771,0.0045530684,-0.025983233
1008,0,12096,1.123,0.08576218,0.028805021,1.135,-0.020241475,0.103,0.0,-0.308,0.0,0.88072664,0.044942506,0.12860422,0.018536333,0.010648857,0.103,0.0,0.0,-0.025196245
1008,1,12100,1.123,0.08576218,0.028805021,1.135,-0.020241475,0.103,0.0,-0.33,0.0,0.88067335,0.044942506,0.1296503,0.018536333,0.010648857,0.103,0.0,0.0,-0.024655692
1008,2,12104,1.123,0.08576218,0.028805021,1.135,-0.020241475,0.103,0.0,-0.352,0.0,0.8804755,0.044942506,0.13075356,0.01876414,0.010648857,0.103,0.0,0.0,-0.024204733
1009,0,12108,1.123,0.08576218,0.028805021,1.135,-0.020241475,0.103,0.0,-0.374,0.0,0.9061422,0.044942506,0.13186896,0.019001147,0.010648857,0.103,0.0,0.0,-0.023802206
1009,1,12112,1.123,0.08576218,0.028805021,1.135,-0.020241475,0.103,0.0,-0.396,0.0,0.8820064,0.045052115,0.13302135,0.019486664,0.010648857,0.103,0.0,0.0,-0.023436539
1009,2,12116,1.123,0.08576218,0.028805021,1.135,-0.020241475,0.103,0.0,-0.418,0.0,0.8819531,0.045705743,0.13409895,0.019500839,0.010648857,0.103,0.0,0.0,-0.023082538
1010,0,12120,1.123,0.08576218,0.028805021,1.135,-0.020241475,0.103,0.0,-0.44,0.0,0.881755,0.046530627,0.13520081,0.019752862,0.010648857,0.103,0.0,0.0,-0.022747489
1010,1,12124,1.123,0.08576218,0.028805021,1.135,-0.020241475,0.103,0.0,-0.462,0.0,0.8815576,0.04738916,0.13628107,0.020004662,0.010648857,0.103,0.0,0.0,-0.022442821
1010,2,12128,1.123,0.08576218,0.028805021,1.135,-0.020241475,0.103,0.0,-0.484,0.0,0.88136053,0.048241265,0.13735361,0.020258604,0.010648857,0.103,0.0,0.0,-0.02214073
1011,0,12132,1.123,0.08576218,0.028805021,1.135,-0.020241475,0.103,0.0,-0.506,0.0,0.8811631,0.049076486,0.13843064,0.020513164,0.010648857,0.103,0.022000002,-0.022000002,-0.021856321
1011,1,12136,1.123,0.08576218,0.028805021,1.135,-0.020241475,0.103,0.0,-0.528,0.0,0.8809657,0.04982564,0.13945481,0.02076419,0.010648857,0.103,0.044000003,-0.044,-0.021554202
1011,2,12140,1.123,0.08576218,0.028805021,1.135,-0.020241475,0.103,0.0,-0.55,0.0,0.88076854,0.050415218,0.140414,0.021008845,0.010648857,0.103,0.066,-0.066,-0.021212412
1012,0,12144,1.123,0.08576218,0.028805021,1.135,-0.020241475,0.103,0.0,-0.572,0.0,0.88057166,0.05087538,0.14133175,0.021245085,0.010648857,0.103,0.08800001,-0.08800001,-0.020838592
1012,1,12148,1.123,0.08576218,0.028805021,1.135,-0.020241475,0.103,0.0,-0.594,0.0,0.8803746,0.051173985,0.1422002,0.021474963,0.010648857,0.103,0.11000001,-0.11000001,-0.020441728
1012,2,12152,1.123,0.08576218,0.028805021,1.135,-0.020241475,0.103,0.0,-0.616,0.0,0.88017637,0.05134413,0.14302865,0.021709096,0.010648857,0.103,0.13200001,-0.13200001,-0.020021101
1013,0,12156,1.123,0.08576218,0.028805021,1.135,-0.020241475,0.103,0.0,-0.616,0.0,0.88017637,0.05143284,0.14380793,0.021939596,0.015284618,0.103,0.15400001,-0.15400001,-0.019576661
1013,1,12160,1.123,0.08576218,0.028805021,1.135,-0.020241475,0.103,0.0,-0.616,0.0,0.88017637,0.05143284,0.14454682,0.022167405,0.015678264,0.103,0.17600001,-0.17600001,-0.019129235
1013,2,12164,1.123,0.08576218,0.028805021,1.135,-0.020241475,0.103,0.0,-0.616,0.0,0.88017637,0.05143284,0.1452005,0.022401642,0.015678264,0.103,0.19800001,-0.19800001,-0.018607209
1014,0,12168,1.123,0.08576218,0.028805021,1.135,-0.020241475,0.103,0.0,-0.594,0.0,0.8794668,0.05143284,0.14580798,0.022636138,0.015678264,0.103,0.22000003,-0.22000003,-0.018027635
1014,1,12172,1.123,0.08576218,0.028805021,1.135,-0.020241475,0.103,0.0,-0.572,0.0,0.8792684,0.05143284,0.146311,0.02286803,0.015678264,0.103,0.24200003,-0.24200003,-0.017457237
1014,2,12176,1.123,0.08576218,0.028805021,1.135,-0.020241475,0.103,0.0,-0.55,0.0,0.8790661,0.05143284,0.14671189,0.023114773,0.015678264,0.103,0.26400003,-0.26400003,-0.016740266
1015,0,12180,1.123,0.08576218,0.028805021,1.135,-0.020241475,0.103,0.0,-0.528,0.0,0.8788623,0.05143284,0.1469668,0.023379978,0.015678264,0.103,0.28600004,-0.28600004,-0.015962495
1015,1,12184,1.123,0.08576218,0.028805021,1.135,-0.020241475,0.103,0.0,-0.506,0.0,0.8786573,0.05143284,0.14720179,0.023645125,0.015678264,0.103,0.30800006,-0.30800006,-0.015178752
1015,2,12188,1.123,0.08576218,0.028805021,1.135,-0.020241475,0.103,0.0,-0.484,0.0,0.8784521,0.05143284,0.14743586,0.023912255,0.015678264,0.103,0.33000004,-0.33000004,-0.014405585
1016,0,12192,1.123,0.08576218,0.028805021,1.135,-0.020241475,0.103,0.0,-0.462,0.0,0.8782459,0.05143284,0.14753471,0.024196092,0.015678264,0.103,0.30800006,-0.30800006,-0.013551152
1016,1,12196,1.123,0.08576218,0.028805021,1.135,-0.020241475,0.103,0.0,-0.44,0.0,0.87804747,0.05143284,0.14764129,0.024454577,0.015678264,0.103,0.28600007,-0.28600004,-0.0
1016,2,12200,1.123,0.08576218,0.028805021,1.135,-0.020241475,0.103,0.0,-0.418,0.0,0.87785393,0.05143284,0.14769079,0.024714919,0.015678264,0.103,0.26400006,-0.26400006,-0.0
1017,0,12204,1.123,0.08576218,0.028805021,1.135,-0.020241475,0.103,0.0,-0.396,0.0,0.8776612,0.05143284,0.14781812,0.024956482,0.015678264,0.103,0.28600007,-0.28600007,-0.012294061
1017,1,12208,1.123,0.08576218,0.028805021,1.135,-0.020241475,0.103,0.0,-0.374,0.0,0.8776612,0.05143284,0.14812058,0.024956482,0.015678264,0.103,0.3080001,-0.3080001,-0.0
1017,2,12212,1.123,0.08576218,0.028805021,1.135,-0.020241475,0.103,0.0,-0.352,0.0,0.8776612,0.05143284,0.14832355,0.024956482,0.01710631,0.103,0.3300001,-0.3300001,-0.012066537
1018,0,12216,1.123,0.08576218,0.028805021,1.135,-0.020241475,0.103,0.0,-0.33,0.0,0.8776612,0.05143284,0.14840035,0.024956482,0.01710631,0.103,0.35200012,-0.3520001,-0.011697553
1018,1,12220,1.123,0.08576218,0.028805021,1.135,-0.020241475,0.103,0.0,-0.308,0.0,0.877434,0.05143284,0.14840035,0.024956482,0.01557178,0.103,0.37400013,-0.37400013,-0.0
1018,2,12224,1.123,0.08576218,0.028805021,1.135,-0.020241475,0.103,0.0,-0.286,0.0,0.877434,0.05143284,0.14840035,0.024956482,0.012177002,0.103,0.39600015,-0.39600012,0.01203935
1019,0,12228,1.123,0.08576218,0.028805021,1.135,-0.020241475,0.103,0.0,-0.264,0.0,0.877434,0.05143284,0.14840035,0.024956482,0.010578877,0.103,0.37400016,-0.41800016,0.031500943
1019,1,12232,1.123,0.08576218,0.028805021,1.135,-0.020241475,0.103,0.0,-0.242,0.0,0.877434,0.033808216,0.14840035,0.024956482,0.00912174,0.103,0.35200015,-0.44000015,0.046594847
1019,2,12236,1.123,0.08576218,0.028805021,1.135,-0.020241475,0.103,0.0,-0.22,0.0,0.877434,0.0339309,0.14840035,0.024956482,0.0075975982,0.103,0.33000013,-0.46200013,0.060125366
1020,0,12240,1.123,0.08576218,0.028805021,1.135,-0.020241475,0.103,0.0,-0.198,0.0,0.877434,0.0339309,0.14840035,0.024956482,0.0028099637,0.103,0.30800015,-0.48400015,0.0771228
1020,1,12244,1.123,0.08576218,0.028805021,1.135,-0.020241475,0.103,0.0,-0.176,0.0,0.877434,0.0339309,0.14840035,0.024956482,0.00043452083,0.103,0.28600013,-0.5060001,0.003788747
1020,2,12248,1.123,0.08576218,0.028805021,1.135,-0.020241475,0.103,0.0,-0.154,0.0,0.87795526,0.0339309,0.14840035,0.0050247824,-0.0036772948,0.103,0.26400012,-0.5280001,0.019411845
1021,0,12252,1.123,0.08576218,0.028805021,1.135,-0.020241475,0.103,0.0,-0.132,0.0,0.87795526,0.0339309,0.14840035,0.0050247824,-0.007355801,0.103,0.24200013,-0.55000013,0.04395765
1021,1,12256,1.123,0.08576218,0.028805021,1.135,-0.020241475,0.103,0.0,-0.11,0.0,0.87795526,0.0339309,0.14840035,0.0050247824,-0.011142826,0.103,0.22000013,-0.57200015,0.07080202
1021,2,12260,1.123,0.08576218,0.028805021,1.135,-0.020241475,0.103,0.0,-0.088,0.0,0.87795526,0.0339309,0.14840035,0.0050247824,-0.016002635,0.103,0.19800015,-0.59400016,0.101134054
1022,0,12264,1.123,0.08576218,0.028805021,1.135,-0.020241475,0.103,0.0,-0.066,0.0,0.87795526,0.0339309,0.14840035,0.0050247824,-0.021162292,0.103,0.17600015,-0.5720002,0.02777845
1022,1,12268,1.123,0.08576218,0.028805021,1.135,-0.020241475,0.103,0.0,-0.044,0.0,0.87795526,0.0339309,0.14840035,0.0050247824,-0.025513701,0.103,0.15400016,-0.5500002,0.035343323
1022,2,12272,1.123,0.08576218,0.028805021,1.135,-0.020241475,0.103,0.0,-0.022,0.0,0.87795526,0.0339309,0.14840035,0.0050247824,-0.029789576,0.103,0.13200015,-0.5280002,0.07300204
1023,0,12276,1.1486667,0.08576218,0.028805021,1.135,-0.020241475,0.103,0.0,0.0,0.0,0.87795526,0.0339309,0.14840035,0.0050247824,-0.033822753,0.103,0.110000156,-0.5060002,0.11226525
1023,1,12280,1.1743333,0.08576218,0.028805021,1.135,-0.020241475,0.103,0.0,0.0,0.0,0.87795526,0.0339309,0.14840035,0.0050247824,-0.04053604,0.103,0.08800016,-0.48400024,0.03886303
1023,2,12284,1.2,0.08576218,0.028805021,1.135,-0.020241475,0.103,0.0,0.0,0.0,0.87795526,0.0339309,0.14840035,0.0050247824,-0.04386231,0.103,0.06600016,-0.46200022,0.043331645
1024,0,12288,1.2,0.08576218,0.028805021,1.135,-0.020241475,0.103,0.0,0.0,0.0,0.8779328,0.0339309,0.14840035,0.0050247824,-0.04583925,0.103,0.088000156,-0.4840002,0.07895684
1024,1,12292,1.2,0.08576218,0.028805021,1.135,-0.020241475,0.103,0.0,0.0,0.0,0.8778193,0.0339309,0.14840035,0.0050247824,-0.047551844,0.103,0.11000016,-0.5060002,0.00560887
1024,2,12296,1.2,0.08576218,0.028805021,1.135,-0.020241475,0.103,0.0,0.0,0.0,0.8776355,0.0339309,0.14840035,0.0050247824,-0.04950474,0.103,0.13200015,-0.5280002,0.024312519
1025,0,12300,1.2,0.08576218,0.028805021,1.135,-0.020241475,0.103,0.0,0.0,0.0,0.8774963,0.0339309,0.14840035,0.0050247824,-0.055935204,0.103,0.15400016,-0.5500002,0.051888686
1025,1,12304,1.2,0.08576218,0.028805021,1.135,-0.020241475,0.103,0.0,0.0,0.0,0.877347,0.0339309,0.14840035,0.0050247824,-0.059536535,0.103,0.17600015,-0.5720002,0.08097546
1025,2,12308,1.2,0.08576218,0.028805021,1.135,-0.020241475,0.103,0.0,0.0,0.0,0.87721807,0.0339309,0.14840035,0.0050247824,-0.06356672,0.103,0.19800015,-0.5940002,0.0076096635
1026,0,12312,1.2,0.08576218,0.028805021,1.135,-0.020241475,0.103,0.0,0.022,0.0,0.87685865,0.0339309,0.14840035,0.0050247824,-0.06356672,0.103,0.22000016,-0.616,0.023903824
1026,1,12316,1.2,0.08576218,0.028805021,1.135,-0.020241475,0.103,0.0,0.044,0.0,0.87662125,0.0339309,0.14840035,0.0050247824,-0.066408746,0.103,0.24200016,-0.61600006,0.044959765
1026,2,12320,1.2,0.08576218,0.028805021,1.135,-0.020241475,0.103,0.0,0.066,0.0,0.8763815,0.0339309,0.14840035,0.0050247824,-0.0699164,0.103,0.26400015,-0.616,0.069252774
1027,0,12324,1.2,0.08576218,0.028805021,1.135,-0.020241475,0.103,0.0,0.088,0.0,0.8761477,0.0339309,0.14840035,0.0050247824,-0.073185116,0.103,0.24200015,-0.616,0.097155675
1027,1,12328,1.2,0.08576218,0.028805021,1.135,-0.020241475,0.103,0.0,0.11,0.0,0.8757651,0.0339309,0.14840035,0.0050247824,-0.075524,0.103,0.22000013,-0.616,0.023625227
1027,2,12332,1.2,0.08576218,0.028805021,1.135,-0.020241475,0.103,0.0,0.132,0.0,0.875456,0.0339309,0.14840035,0.0050247824,-0.0777745,0.103,0.19800013,-0.616,0.0
1028,0,12336,1.2,0.08576218,0.028805021,1.135,-0.020241475,0.103,0.0,0.154,0.0,0.87513244,0.0339309,0.14840035,0.0050247824,-0.079726316,0.103,0.17600013,-0.594,0.0
1028,1,12340,1.2,0.08576218,0.028805021,1.135,-0.020241475,0.103,0.0,0.176,0.0,0.8747735,0.0339309,0.14840035,0.0050247824,-0.082038924,0.103,0.15400015,-0.57199997,0.0
1028,2,12344,1.2,0.08576218,0.028805021,1.135,-0.020241475,0.103,0.0,0.198,0.0,0.8744104,0.0339309,0.14840035,0.0050247824,-0.083005115,0.103,0.13200015,-0.55,0.0
1029,0,12348,1.2,0.08576218,0.028805021,1.135,-0.020241475,0.103,0.0,0.22,0.0,0.8740649,0.0339309,0.14840035,0.0050247824,-0.08414356,0.103,0.11000015,-0.528,0.0
1029,1,12352,1.2,0.08576218,0.028805021,1.135,-0.020241475,0.103,0.0,0.242,0.0,0.8737173,0.0339309,0.14840035,0.0050247824,-0.08514865,0.103,0.088000156,-0.506,0.0
1029,2,12356,1.2,0.08576218,0.028805021,1.135,-0.020241475,0.103,0.0,0.264,0.0,0.87335414,0.0339309,0.14840035,0.0050247824,-0.08567911,0.103,0.066000156,-0.484,0.0
1030,0,12360,1.2,0.08576218,0.028805021,1.135,-0.020241475,0.103,0.0,0.286,0.0,0.8730012,0.0339309,0.14840035,0.0050247824,-0.08616413,0.103,0.044000152,-0.46199998,0.0
1030,1,12364,1.2,0.08576218,0.028805021,1.135,-0.020241475,0.103,0.0,0.308,0.0,0.8726709,0.0339309,0.14840035,0.0050247824,-0.08679796,0.103,0.022000145,-0.44,0.0
1030,2,12368,1.2,0.08576218,0.028805021,1.135,-0.020241475,0.103,0.0,0.33,0.0,0.8723576,0.0339309,0.14840035,0.0050247824,-0.08679796,0.103,0.013757385,-0.41754672,0.0
1031,0,12372,1.2,0.08576218,0.028805021,1.135,-0.020241475,0.103,0.0,0.352,0.0,0.87203413,0.0339309,0.14840035,0.0050247824,-0.08679796,0.103,0.035757378,-0.4395467,0.0
1031,1,12376,1.2,0.08576218,0.028805021,1.135,-0.020241475,0.103,0.0,0.374,0.0,0.8717539,0.0339309,0.14840035,0.0050247824,-0.088781014,0.103,0.057757374,-0.4615467,0.0
1031,2,12380,1.2,0.08576218,0.028805021,1.135,-0.020241475,0.103,0.0,0.396,0.0,0.8714766,0.0339309,0.14840035,0.0050247824,-0.089627266,0.103,0.079757385,-0.4835467,0.0
1032,0,12384,1.2,0.08576218,0.028805021,1.135,-0.020241475,0.103,0.0,0.418,0.0,0.8711162,0.0339309,0.14840035,0.0050247824,-0.090606675,0.103,0.1017574,-0.50554675,0.0
1032,1,12388,1.2,0.08576218,0.028805021,1.135,-0.020241475,0.103,0.0,0.44,0.0,0.87071764,0.0339309,0.14840035,0.0050247824,-0.091293536,0.103,0.1237574,-0.52754676,0.0
1032,2,12392,1.2,0.08576218,0.028805021,1.135,-0.020241475,0.103,0.0,0.462,0.0,0.8703966,0.0339309,0.14840035,0.0050247824,-0.09234148,0.103,0.14575742,-0.5495468,0.0
1033,0,12396,1.2,0.08576218,0.028805021,1.135,-0.020241475,0.103,0.0,0.484,0.0,0.8702036,0.0339309,0.14840035,0.0050247824,-0.09411048,0.103,0.1677574,-0.52754676,0.0
1033,1,12400,1.2,0.08576218,0.028805021,1.135,-0.020241475,0.103,0.0,0.506,0.0,0.87007207,0.0339309,0.14840035,0.0050247824,-0.096534066,0.103,0.1897574,-0.50554675,0.0
1033,2,12404,1.2,0.08576218,0.028805021,1.135,-0.020241475,0.103,0.0,0.528,0.0,0.8699604,0.0339309,0.14840035,0.0050247824,-0.09777097,0.103,0.2117574,-0.48354676,0.0
1034,0,12408,1.2,0.08576218,0.028805021,1.135,-0.020241475,0.103,0.0,0.55,0.0,0.86980397,0.0339309,0.14840035,0.0050247824,-0.099089526,0.103,0.18975739,-0.46154672,0.0
1034,1,12412,1.2,0.08576218,0.028805021,1.135,-0.020241475,0.103,0.0,0.572,0.0,0.8695845,0.0339309,0.14840035,0.0050247824,-0.10122304,0.103,0.1677574,-0.43954673,0.0
1034,2,12416,1.2,0.08576218,0.028805021,1.135,-0.020241475,0.103,0.0,0.594,0.0,0.8693586,0.0339309,0.14840035,0.0050247824,-0.10317157,0.103,0.1457574,-0.41754675,0.0
1035,0,12420,1.2,0.08576218,0.028805021,1.0433333,-0.020241475,0.103,0.0,0.572,0.0,0.86913574,0.0339309,0.14840035,0.0050247824,-0.10508867,0.103,0.12375741,-0.39554676,0.0
1035,1,12424,1.2,0.08576218,0.028805021,0.95166665,-0.020241475,0.103,0.0,0.55,0.0,0.8689386,0.0339309,0.14840035,0.0050247824,-0.106776774,0.103,0.10175741,-0.37354675,0.0
1035,2,12428,1.2,0.08576218,0.028805021,0.86,-0.020241475,0.103,0.0,0.528,0.0,0.8687801,0.0339309,0.14840035,0.0050247824,-0.108310886,0.103,0.07975741,-0.35154673,0.0
1036,0,12432,1.2,0.08576218,0.028805021,0.7683333,-0.020241475,0.103,0.0,0.506,0.0,0.86863106,0.0339309,0.14840035,0.0050247824,-0.10991283,0.103,0.05775741,-0.32954675,0.0
1036,1,12436,1.2,0.08576218,0.028805021,0.6766667,-0.020241475,0.103,0.0,0.484,0.0,0.8684842,0.0339309,0.14840035,0.0050247824,-0.111524634,0.103,0.035757408,-0.30754676,0.0
1036,2,12440,1.2,0.08576218,0.028805021,0.585,-0.020241475,0.103,0.0,0.462,0.0,0.8683402,0.0339309,0.14840035,0.0050247824,-0.11311523,0.103,0.0137574095,-0.28554675,0.0
1037,0,12444,1.2,0.08576218,0.028805021,0.4933333,-0.020241475,0.103,0.0,0.44,0.0,0.86819804,0.0339309,0.14840035,0.0050247824,-0.114686824,0.103,-0.00824259,-0.26354676,0.0
1037,1,12448,1.2,0.08576218,0.028805021,0.40166667,-0.020241475,0.103,0.0,0.418,0.0,0.86805606,0.0339309,0.14840035,0.0050247824,-0.116238,0.103,-0.0302426,-0.24154675,0.0
1037,2,12452,1.2,0.08576218,0.028805021,0.31,-0.020241475,0.103,0.0,0.396,0.0,0.86791676,0.0339309,0.14840035,0.0050247824,-0.11772646,0.103,-0.052242603,-0.21954675,0.0
1038,0,12456,1.2,0.08576218,0.028805021,0.31,-0.020241475,0.103,0.0,0.418,0.0,0.86777997,0.0339309,0.14840035,0.0050247824,-0.119172096,0.103,-0.030242605,-0.19754675,0.0
1038,1,12460,1.2,0.08576218,0.028805021,0.31,-0.020241475,0.103,0.0,0.44,0.0,0.86764544,0.0339309,0.14840035,0.0050247824,-0.12041122,0.103,-0.008242603,-0.17554675,0.0
1038,2,12464,1.2,0.08576218,0.028805021,0.31,-0.020241475,0.103,0.0,0.462,0.0,0.8675081,0.0339309,0.14840035,0.0050247824,-0.12146377,0.103,3.913644e-09,-0.15354675,0.0
1039,0,12468,1.2,0.08576218,0.028805021,0.31,-0.020241475,0.103,0.0,0.484,0.0,0.86739236,0.0339309,0.14840035,0.0050247824,-0.12237272,0.103,-5.168542e-10,-0.13154675,0.0
1039,1,12472,1.2,0.08576218,0.028805021,0.31,-0.020241475,0.103,0.0,0.506,0.0,0.86729103,0.034497555,0.14840035,0.0050247824,-0.12377243,0.103,6.591311e-10,-0.10954675,0.0
1039,2,12476,1.2,0.08576218,0.028805021,0.31,-0.020241475,0.103,0.0,0.528,0.0,0.8671875,0.03551209,0.14840035,0.0050247824,-0.1250689,0.103,-3.1780776e-09,-0.08754675,1.1637388
1040,0,12480,1.2,0.08576218,0.028805021,0.31,-0.020241475,0.103,0.0,0.55,0.0,0.8671324,0.036843374,0.14840035,0.0050247824,-0.12637456,0.103,6.166711e-10,-0.06554676,1.049876
1040,1,12484,1.2,0.08576218,0.028805021,0.31,-0.020241475,0.103,0.0,0.572,0.0,0.86707574,0.038447607,0.14840035,0.0050247824,-0.12797344,0.103,6.4724803e-10,-0.043546755,0.9403149
1040,2,12488,1.2,0.08576218,0.028805021,0.31,-0.020241475,0.103,0.0,0.594,0.0,0.8670284,0.039657194,0.14840035,0.0050247824,-0.12936862,0.103,1.619499e-10,-0.021546757,0.8349255
1041,0,12492,1.2,0.08576218,0.028805021,0.31,-0.020241475,0.103,0.0,0.616,0.0,0.86698294,0.040603004,0.14840035,0.0050247824,-0.1305295,0.103,0.0,0.0,0.733577
1041,1,12496,1.2,0.08576218,0.028805021,0.31,-0.020241475,0.103,0.0,0.616,0.0,0.8669428,0.04136523,0.14840035,0.0050247824,-0.13157769,0.103,0.0,0.0,0.6361289
1041,2,12500,1.2,0.08576218,0.028805021,0.31,-0.020241475,0.103,0.0,0.616,0.0,0.8668941,0.04205768,0.14840035,0.0050247824,-0.13287976,0.103,0.0,0.0,0.5423909
1042,0,12504,1.2,0.08576218,0.028805021,0.31,-0.020241475,0.103,0.0,0.616,0.0,0.8668435,0.042708796,0.14840035,0.0050247824,-0.13424794,0.103,0.0,0.0,0.45217502
1042,1,12508,1.2,0.08576218,0.028805021,0.31,-0.020241475,0.103,0.0,0.616,0.0,0.8668435,0.04321653,0.14840035,0.0050247824,-0.13496447,0.103,0.0,0.0,0.36530265
1042,2,12512,1.2,0.08576218,0.028805021,0.31,-0.020241475,0.103,0.0,0.616,0.0,0.8668435,0.043642808,0.14840035,0.0050247824,-0.13578315,0.103,0.0,0.0,0.28160623
1043,0,12516,1.2,0.08576218,0.028805021,0.31,-0.020241475,0.103,0.0,0.594,0.0,0.866686,0.04424705,0.14840035,0.0050247824,-0.1379718,0.103,0.0,0.0,0.20092827
1043,1,12520,1.2,0.08576218,0.028805021,0.31,-0.020241475,0.103,0.0,0.572,0.0,0.86662704,0.04481498,0.14840035,0.0050247824,-0.13909708,0.103,0.0,0.0,0.123123124
1043,2,12524,1.2,0.08576218,0.028805021,0.31,-0.020241475,0.103,0.0,0.55,0.0,0.86656296,0.045357823,0.14840035,0.0050247824,-0.14004341,0.103,0.0,0.0,0.04805499
1044,0,12528,1.2,0.08576218,0.028805021,0.31,-0.020241475,0.103,0.0,0.528,0.0,0.8664967,0.045876224,0.14840035,0.0050247824,-0.14086685,0.103,0.0,0.0,0.014052767
1044,1,12532,1.2,0.08576218,0.028805021,0.31,-0.020241475,0.103,0.0,0.506,0.0,0.8664291,0.04637257,0.14840035,0.0050247824,-0.14162359,0.103,0.0,0.0,0.028242316
1044,2,12536,1.2,0.08576218,0.028805021,0.31,-0.020241475,0.103,0.0,0.484,0.0,0.86638117,0.04682616,0.14840035,0.0050247824,-0.14223471,0.103,0.0,0.0,0.042376854
1045,0,12540,1.2,0.08576218,0.028805021,0.31,-0.020241475,0.103,0.0,0.462,0.0,0.8662983,0.047287773,0.14840035,0.0050247824,-0.14306045,0.103,0.0,0.0,0.056364987
1045,1,12544,1.2,0.08576218,0.028805021,0.31,-0.020241475,0.103,0.0,0.44,0.0,0.86623645,0.047730338,0.14840035,0.0050247824,-0.1437961,0.103,0.0,0.0,0.07014872
1045,2,12548,1.2,0.08576218,0.028805021,0.31,-0.020241475,0.103,0.0,0.418,0.0,0.86617756,0.048154306,0.14840035,0.0050247824,-0.14455387,0.103,0.0,0.0,0.08369859
1046,0,12552,1.2,0.08576218,0.028805021,0.31,-0.020241475,0.103,0.0,0.396,0.0,0.86612076,0.04856021,0.14840035,0.0050247824,-0.145337,0.103,0.0,0.0,0.010018806
1046,1,12556,1.2,0.08576218,0.028805021,0.31,-0.020241475,0.103,0.0,0.374,0.0,0.8660642,0.04894982,0.14840035,0.0050247824,-0.14607729,0.103,0.0,0.0,0.013463537
1046,2,12560,1.2,0.08576218,0.028805021,0.31,-0.020241475,0.103,0.0,0.352,0.0,0.8660087,0.04932625,0.14840035,0.0050247824,-0.14676878,0.103,0.0,0.0,0.027090143
1047,0,12564,1.2,0.08576218,0.028805021,0.31,-0.020241475,0.103,0.0,0.33,0.0,0.86595446,0.04969166,0.14840035,0.0050247824,-0.1474682,0.103,0.0,0.0,0.040744986
1047,1,12568,1.2,0.08576218,0.028805021,0.31,-0.020241475,0.103,0.0,0.308,0.0,0.86590236,0.0500475,0.14840035,0.0050247824,-0.14820282,0.103,0.0,0.0,0.054357786
1047,2,12572,1.2,0.08576218,0.028805021,0.31,-0.020241475,0.103,0.0,0.286,0.0,0.8658528,0.050394572,0.14840035,0.0050247824,-0.14896289,0.103,0.0,0.0,0.06787434
1048,0,12576,1.2,0.08576218,0.028805021,0.31,-0.020241475,0.103,0.0,0.264,0.0,0.8658063,0.050732866,0.14840035,0.0050247824,-0.1497471,0.103,0.0,0.0,0.081291765
1048,1,12580,1.2,0.08576218,0.028805021,0.31,-0.020241475,0.103,0.0,0.242,0.0,0.8657614,0.05106274,0.14840035,0.0050247824,-0.15056147,0.103,0.0,0.0,0.007704554
1048,2,12584,1.2,0.08576218,0.028805021,0.31,-0.020241475,0.103,0.0,0.22,0.0,0.8657174,0.051385198,0.14840035,0.0050247824,-0.15132007,0.103,0.0,0.0,0.013563623
1049,0,12588,1.2,0.08576218,0.028805021,0.31,-0.020241475,0.103,0.0,0.198,0.0,0.8656738,0.051703118,0.14840035,0.0050247824,-0.15204147,0.103,-0.014783779,-0.010328746,0.02734264
1049,1,12592,1.2,0.08576218,0.028805021,0.31,-0.020241475,0.103,0.0,0.176,0.0,0.8656738,0.051703118,0.14840035,0.0050247824,-0.15204147,0.103,-0.026972277,-0.015007704,0.04069521
1049,2,12596,1.2,0.08576218,0.028805021,0.31,-0.020241475,0.103,0.0,0.154,0.0,0.8656738,0.051703118,0.14840035,0.0050247824,-0.15204147,0.103,-0.03626883,-0.020168906,0.053564202
1050,0,12600,1.1743333,0.08576218,0.028805021,0.31,-0.020241475,0.103,0.0,0.132,0.0,0.8656738,0.051703118,0.14840035,0.0050247824,-0.15204147,0.103,-0.046270054,-0.021792557,0.06606127
1050,1,12604,1.1486667,0.08576218,0.028805021,0.31,-0.020241475,0.103,0.0,0.11,0.0,0.8656738,0.051776942,0.14840035,0.0050247824,-0.15204147,0.103,-0.056428082,-0.02402101,0.07826863
1050,2,12608,1.123,0.08576218,0.028805021,0.31,-0.020241475,0.103,0.0,0.088,0.0,0.8656738,0.052190345,0.14840035,0.0050247824,-0.153533,0.103,-0.06928922,-0.02515594,0.0047852574
1051,0,12612,1.0973334,0.08576218,0.028805021,0.31,-0.020241475,0.103,0.0,0.066,0.0,0.8656738,0.052959006,0.14840035,0.0050247824,-0.15473361,0.103,-0.08425089,-0.025090031,0.011942035
1051,1,12616,1.0716667,0.08576218,0.028805021,0.31,-0.020241475,0.103,0.0,0.044,0.0,0.8656738,0.05404755,0.14840035,0.0050247824,-0.15585613,0.103,-0.101254,-0.023308285,0.023789914
1051,2,12620,1.046,0.08576218,0.028805021,0.31,-0.020241475,0.103,0.0,0.022,0.0,0.8656738,0.055289514,0.14840035,0.0050247824,-0.15686549,0.103,-0.11910661,-0.022011094,0.035271443
1052,0,12624,1.0203334,0.08576218,0.028805021,0.31,-0.020241475,0.103,0.0,0.0,0.0,0.8655969,0.05696236,0.14840035,0.0050247824,-0.15837128,0.103,-0.13716362,-0.02239839,0.046254475
1052,1,12628,0.9946667,0.08576218,0.028805021,0.31,-0.020241475,0.103,0.0,0.0,0.0,0.8655417,0.058674805,0.14840035,0.0050247824,-0.15955938,0.103,-0.15646464,-0.019953536,0.056748036
1052,2,12632,0.96900004,0.08576218,0.028805021,0.31,-0.020241475,0.103,0.0,0.0,0.0,0.86534905,0.06114663,0.14840035,0.0050247824,-0.1617548,0.103,-0.17734987,-0.013682424,0.066659376
1053,0,12636,0.96900004,0.08576218,0.028805021,0.31,-0.020241475,0.103,0.0,0.0,0.0,0.86524326,0.06355214,0.14840035,0.0050247824,-0.1633446,0.103,-0.15499805,-0.0071875933,0.07595444
1053,1,12640,0.96900004,0.08576218,0.028805021,0.31,-0.020241475,0.103,0.0,0.0,0.0,0.86486655,0.06727008,0.14840035,0.0050247824,-0.16673693,0.103,-0.1328155,-0.004908093,0.0025458306
1053,2,12644,0.96900004,0.08576218,0.028805021,0.31,-0.020241475,0.103,0.0,0.0,0.0,0.8647258,0.06644196,0.14840035,0.0050247824,-0.16817626,0.103,-0.110754,-0.0026057202,0.011371781
1054,0,12648,0.96900004,0.08576218,0.028805021,0.31,-0.020241475,0.103,0.0,0.0,0.0,0.8647258,0.06644196,0.14840035,0.0050247824,-0.16817626,0.103,-0.088741705,-0.0010212092,0.023984158
1054,1,12652,0.96900004,0.08576218,0.028805021,0.31,-0.020241475,0.103,0.0,0.0,0.0,0.8646603,0.06644196,0.14840035,0.0050247824,-0.16909476,0.103,-0.066741705,-2.6305008e-10,0.037533596
1054,2,12656,0.96900004,0.08576218,0.028805021,0.31,-0.020241475,0.103,0.0,0.0,0.0,0.86461776,0.06644196,0.14840035,0.0050247824,-0.16962083,0.103,-0.044741705,-4.4065576e-10,0.051877968
1055,0,12660,0.96900004,0.08576218,0.028805021,0.31,-0.020241475,0.103,0.0,0.0,0.0,0.86434996,0.06644196,0.14840035,0.0050247824,-0.17166747,0.103,-0.022741705,7.6551526e-10,0.0669071
1055,1,12664,0.96900004,0.08576218,0.028805021,0.31,-0.020241475,0.103,0.0,0.0,0.0,0.8642338,0.06644196,0.14840035,0.0050247824,-0.17267367,0.103,-0.0007417043,4.3194294e-12,0.08257598
1055,2,12668,0.96900004,0.08576218,0.028805021,0.31,-0.020241475,0.103,0.0,0.0,0.0,0.8641498,0.06644196,0.14840035,0.0050247824,-0.17342046,0.103,0.0,0.0,0.008992099
1056,0,12672,0.96900004,0.08576218,0.028805021,0.31,-0.020241475,0.103,0.0,0.0,0.0,0.86410755,0.06644196,0.14840035,0.0050247824,-0.17390108,0.103,0.0,0.0,0.016403353
1056,1,12676,0.96900004,0.08576218,0.028805021,0.31,-0.020241475,0.103,0.0,0.0,0.0,0.8640649,0.06644196,0.14840035,0.0050247824,-0.17448053,0.103,0.0,0.0,0.03276127
1056,2,12680,0.96900004,0.08576218,0.028805021,0.31,-0.020241475,0.103,0.0,0.0,0.0,0.86403555,0.06644196,0.14840035,0.0050247824,-0.1750724,0.103,0.0,0.0,0.04903596
1057,0,12684,0.9946667,0.08576218,0.028805021,0.31,-0.020241475,0.103,0.0,0.0,0.0,0.8640158,0.06644196,0.14840035,0.0050247824,-0.17566824,0.103,0.0,0.0,0.06527108
1057,1,12688,1.0203334,0.08576218,0.028805021,0.31,-0.020241475,0.103,0.0,0.0,0.0,0.86399335,0.06644196,0.14840035,0.0050247824,-0.1763045,0.103,0.0,0.0,0.081473924
1057,2,12692,1.046,0.08576218,0.028805021,0.31,-0.020241475,0.103,0.0,0.0,0.0,0.863969,0.06644196,0.14840035,0.0050247824,-0.17700665,0.103,0.0,0.0,0.007932638
1058,0,12696,1.0716667,0.08576218,0.028805021,0.31,-0.020241475,0.103,0.0,0.0,0.0,0.8639632,0.06644196,0.14840035,0.0050247824,-0.17756712,0.103,0.0,0.0,0.01642672
1058,1,12700,1.0973334,0.08576218,0.028805021,0.31,-0.020241475,0.103,0.0,0.0,0.0,0.8639632,0.06644196,0.14840035,0.0050247824,-0.17806207,0.103,0.0,0.0,0.033106398
1058,2,12704,1.123,0.08576218,0.028805021,0.31,-0.020241475,0.103,0.0,0.0,0.0,0.8639632,0.06644196,0.14840035,0.0050247824,-0.17806207,0.103,0.0,0.0,0.049939364
1059,0,12708,1.1486667,0.08576218,0.028805021,0.31,-0.020241475,0.103,0.0,0.0,0.0,0.8639632,0.06644196,0.14840035,0.0050247824,-0.17806207,0.103,0.0,0.0,0.066774674
1059,1,12712,1.1743333,0.08576218,0.028805021,0.31,-0.020241475,0.103,0.0,0.0,0.0,0.8639632,0.06644196,0.14840035,0.0050247824,-0.17839897,0.103,0.0,0.0,0.083578154
1059,2,12716,1.2,0.08576218,0.028805021,0.31,-0.020241475,0.103,0.0,0.0,0.0,0.8639632,0.06644196,0.14840035,0.0050247824,-0.17870347,0.103,0.0,0.0,0.010000052
1060,0,12720,1.2,0.08576218,0.028805021,0.31,-0.020241475,0.103,0.0,0.0,0.0,0.8639632,0.06644196,0.14840035,0.0050247824,-0.17870347,0.103,-0.003898807,0.0023029258,0.017057464
1060,1,12724,1.2,0.08576218,0.028805021,0.31,-0.020241475,0.103,0.0,0.0,0.0,0.8639632,0.06644196,0.14840035,0.0050247824,-0.17949516,0.103,-0.0044282246,0.0021751178,0.0343015
1060,2,12728,1.2,0.08576218,0.028805021,0.31,-0.020241475,0.103,0.0,0.0,0.0,0.8639632,0.06644196,0.14840035,0.0050247824,-0.1800322,0.103,-0.004492395,0.0021626197,0.05348856
1061,0,12732,1.2,0.08576218,0.028805021,0.40166667,-0.020241475,0.103,0.0,0.0,0.0,0.8639632,0.06644196,0.14840035,0.0050247824,-0.18019886,0.103,-0.004527408,0.0021394081,0.0741613
1061,1,12736,1.2,0.08576218,0.028805021,0.4933333,-0.020241475,0.103,0.0,0.0,0.0,0.8639632,0.06644196,0.14840035,0.0050247824,-0.18027547,0.103,-0.0046617277,0.0022585965,0.00080924085
1061,2,12740,1.2,0.08576218,0.028805021,0.585,-0.020241475,0.103,0.0,0.0,0.0,0.8639632,0.06644196,0.14840035,0.0050247824,-0.18027547,0.103,-0.004809886,0.0027491422,0.016605692
1062,0,12744,1.2,0.08576218,0.028805021,0.6766667,-0.020241475,0.103,0.0,0.0,0.0,0.86364305,0.06644196,0.14840035,0.0050247824,-0.18235403,0.103,0.0,0.0,0.032154404
1062,1,12748,1.2,0.08576218,0.028805021,0.7683333,-0.020241475,0.103,0.0,0.0,0.0,0.86364305,0.06644196,0.14840035,0.0050247824,-0.18235403,0.103,0.0,0.0,0.04667963
1062,2,12752,1.2,0.08576218,0.028805021,0.86,-0.020241475,0.103,0.0,0.0,0.0,0.86364305,0.06644196,0.14840035,0.0050247824,-0.18235403,0.103,0.0,0.0,0.060245402
1063,0,12756,1.2,0.08576218,0.028805021,0.95166665,-0.020241475,0.103,0.0,0.0,0.0,0.86364305,0.06644196,0.14840035,0.0050247824,-0.18235403,0.103,-0.022,8.7829644e-10,0.07282484
1063,1,12760,1.2,0.08576218,0.028805021,1.0433333,-0.020241475,0.103,0.0,0.0,0.0,0.86361194,0.06644196,0.14840035,0.0050247824,-0.18235403,0.103,-0.044,4.8733667e-10,0.08406165
1063,2,12764,1.2,0.08576218,0.028805021,1.135,-0.020241475,0.103,0.0,0.0,0.0,0.8635925,0.06644196,0.14840035,0.0050247824,-0.18238045,0.103,-0.066,8.318266e-10,0.010501498
1064,0,12768,1.2,0.08576218,0.028805021,1.135,-0.020241475,0.103,0.0,0.0,0.0,0.86354685,0.06644196,0.14840035,0.0050247824,-0.18284841,0.103,-0.088,1.1021184e-09,0.0091654835
1064,1,12772,1.2,0.08576218,0.028805021,1.135,-0.020241475,0.103,0.0,0.0,0.0,0.8635455,0.06644196,0.14840035,0.0050247824,-0.18310322,0.103,-0.10999999,1.2528096e-09,0.018031979
1064,2,12776,1.2,0.08576218,0.028805021,1.135,-0.020241475,0.103,0.0,0.0,0.0,0.8635455,0.06644196,0.14840035,0.0050247824,-0.18333972,0.103,-0.132,1.512114e-10,0.026505902
1065,0,12780,1.2,0.08576218,0.028805021,1.135,-0.020241475,0.103,0.0,0.0,0.0,0.8635455,0.06644196,0.14840035,0.0050247824,-0.18369263,0.103,-0.154,-0.022000002,0.034658477
1065,1,12784,1.2,0.08576218,0.028805021,1.135,-0.020241475,0.103,0.0,0.0,0.0,0.8635455,0.06644196,0.14840035,0.0050247824,-0.1844518,0.103,-0.176,-0.044,0.04195013
1065,2,12788,1.2,0.08576218,0.028805021,1.135,-0.020241475,0.103,0.0,0.0,0.0,0.8635455,0.06644196,0.14840035,0.0050247824,-0.1861832,0.103,-0.19800001,-0.06600001,0.048476808
1066,0,12792,1.2,0.08576218,0.028805021,1.135,-0.020241475,0.103,0.0,0.0,0.0,0.8635455,0.06644196,0.14840035,0.0050247824,-0.18624146,0.103,-0.17600001,-0.08800001,0.0549247
1066,1,12796,1.2,0.08576218,0.028805021,1.135,-0.020241475,0.103,0.0,0.0,0.0,0.8635455,0.06644196,0.14840035,0.0050247824,-0.188541,0.103,-0.15400001,-0.11000001,0.062704526
1066,2,12800,1.2,0.08576218,0.028805021,1.135,-0.020241475,0.103,0.0,0.0,0.0,0.8635455,0.06644196,0.14840035,0.0050247824,-0.18980017,0.103,-0.13200001,-0.132,0.071819864
1067,0,12804,1.2,0.08576218,0.028805021,1.135,-0.020241475,0.103,0.0,0.0,0.0,0.8635455,0.06644196,0.14840035,0.0050247824,-0.19128358,0.103,-0.11000001,-0.154,0.08214904
1067,1,12808,1.2,0.08576218,0.028805021,1.135,-0.020241475,0.103,0.0,0.0,0.0,0.8635455,0.06644196,0.14840035,0.0050247824,-0.1929981,0.103,-0.08800001,-0.176,0.008651675
1067,2,12812,1.2,0.08576218,0.028805021,1.135,-0.020241475,0.103,0.0,0.0,0.0,0.8635455,0.06644196,0.14840035,0.0050247824,-0.19473828,0.103,-0.06600001,-0.19799998,0.012855979
1068,0,12816,1.2,0.08576218,0.028805021,1.135,-0.020241475,0.103,0.0,0.0,0.0,0.8635455,0.06644196,0.14840035,0.0050247824,-0.19641796,0.103,-0.044,-0.17599998,0.026429858
1068,1,12820,1.2,0.08576218,0.028805021,1.135,-0.020241475,0.103,0.0,0.0,0.0,0.8635455,0.06644196,0.14840035,0.0050247824,-0.19826458,0.103,-0.022,-0.15399998,0.04067275
1068,2,12824,1.2,0.08576218,0.028805021,1.135,-0.020241475,0.103,0.0,0.0,0.0,0.8635455,0.06644196,0.14840035,0.0050247824,-0.19859678,0.103,3.0253762e-09,-0.13199997,0.055626135
1069,0,12828,1.2,0.08576218,0.028805021,1.135,-0.020241475,0.103,0.0,0.0,0.0,0.8635455,0.06644196,0.14840035,0.0050247824,-0.19899464,0.103,-6.0053257e-10,-0.10999998,0.073600076
1069,1,12832,1.2,0.08576218,0.028805021,1.135,-0.020241475,0.103,0.0,0.0,0.0,0.86302114,0.06644196,0.14840035,0.0050247824,-0.20022136,0.103,-1.1817889e-09,-0.08799998,0.0002614197
1069,2,12836,1.2,0.08576218,0.028805021,1.135,-0.020241475,0.103,0.0,0.0,0.0,0.86280257,0.06644196,0.14840035,0.0050247824,-0.20072119,0.103,9.779814e-10,-0.06599998,0.018533904
1070,0,12840,1.2,0.08576218,0.028805021,1.135,-0.020241475,0.103,0.0,0.0,0.0,0.86280257,0.06644196,0.14840035,0.0050247824,-0.20072119,0.103,2.2138185e-09,-0.08799997,0.0365284
1070,1,12844,1.2,0.08576218,0.028805021,1.135,-0.020241475,0.103,0.0,0.0,0.0,0.86274475,0.06644196,0.14840035,0.0050247824,-0.20072119,0.103,-7.4549406e-10,-0.10999998,0.052745808
1070,2,12848,1.2,0.08576218,0.028805021,1.135,-0.020241475,0.103,0.0,0.0,0.0,0.86261934,0.06644196,0.14840035,0.0050247824,-0.20073864,0.103,-1.2793424e-09,-0.13199998,0.067050286
1071,0,12852,1.2,0.08576218,0.028805021,1.135,-0.020241475,0.103,0.0,0.0,0.0,0.86255425,0.06644196,0.14840035,0.0050247824,-0.20105565,0.103,-3.17295e-09,-0.15399998,0.079953566
1071,1,12856,1.2,0.08576218,0.028805021,1.135,-0.020241475,0.103,0.0,0.0,0.0,0.86248726,0.06644196,0.14840035,0.0050247824,-0.20180424,0.103,2.9886753e-09,-0.17599998,0.006481286
1071,2,12860,1.2,0.08576218,0.028805021,1.135,-0.020241475,0.103,0.0,0.0,0.0,0.86240155,0.06644196,0.14840035,0.0050247824,-0.20295987,0.103,2.9608294e-09,-0.19799998,0.012017183
1072,0,12864,1.2,0.08576218,0.028805021,1.135,-0.020241475,0.103,0.0,0.0,0.0,0.8623105,0.06644196,0.14840035,0.0050247824,-0.20436901,0.103,-0.021999996,-0.22,0.024391826
1072,1,12868,1.2,0.08576218,0.028805021,1.135,-0.020241475,0.103,0.0,0.0,0.0,0.8622055,0.06644196,0.14840035,0.0050247824,-0.20614164,0.103,-0.043999992,-0.242,0.036971316
1072,2,12872,1.2,0.08576218,0.028805021,1.135,-0.020241475,0.103,0.0,0.0,0.0,0.8620601,0.06644196,0.14840035,0.0050247824,-0.20854023,0.103,-0.06599999,-0.264,0.05007114
1073,0,12876,1.2,0.08576218,0.028805021,1.135,-0.020241475,0.103,0.0,0.022,0.0,0.8619326,0.06644196,0.14840035,0.0050247824,-0.21086481,0.103,-0.08799999,-0.286,0.06446207
1073,1,12880,1.2,0.08576218,0.028805021,1.135,-0.020241475,0.103,0.0,0.044,0.0,0.8617642,0.06644196,0.14840035,0.0050247824,-0.21356681,0.103,-0.10999999,-0.30800003,0.07983613
1073,2,12884,1.2,0.08576218,0.028805021,1.135,-0.020241475,0.103,0.0,0.066,0.0,0.861622,0.06644196,0.14840035,0.0050247824,-0.21611694,0.103,-0.13199998,-0.33,0.006351871
1074,0,12888,1.2,0.08576218,0.028805021,1.135,-0.020241475,0.103,-0.022,0.044,0.0,0.86151177,0.06644196,0.14840035,0.0050247824,-0.21841139,0.103,-0.10999998,-0.35200003,0.017565422
1074,1,12892,1.2,0.08576218,0.028805021,1.135,-0.020241475,0.103,-0.044,0.022,0.0,0.86137545,0.06644196,0.14840035,0.0050247824,-0.22086403,0.103,-0.08799999,-0.374,0.036187306
1074,2,12896,1.2,0.08576218,0.028805021,1.135,-0.020241475,0.103,-0.066,0.0,0.0,0.8612094,0.06644196,0.14840035,0.0050247824,-0.2232046,0.103,-0.06599999,-0.39600003,0.058424406
1075,0,12900,1.2,0.08576218,0.028805021,1.135,-0.020241475,0.103,-0.088,0.0,0.0,0.86098886,0.06644196,0.14840035,0.0050247824,-0.22583124,0.103,-0.04399999,-0.37400004,0.08204086
1075,1,12904,1.2,0.08576218,0.028805021,1.135,-0.020241475,0.103,-0.11,0.0,0.0,0.86074454,0.06644196,0.14840035,0.0050247824,-0.22846533,0.103,-0.021999989,-0.35200003,0.00848486
1075,2,12908,1.2,0.08576218,0.028805021,1.135,-0.020241475,0.103,-0.132,0.0,0.0,0.86038697,0.06644196,0.14840035,0.0050247824,-0.23167919,0.103,1.9641792e-08,-0.33000004,0.027690088
1076,0,12912,1.2,0.08576218,0.028805021,1.135,-0.020241475,0.103,-0.154,0.0,0.0,0.8600672,0.06644196,0.14840035,0.0050247824,-0.23443718,0.103,0.022000019,-0.30800006,0.05702774
1076,1,12916,1.2,0.08576218,0.028805021,1.135,-0.020241475,0.103,-0.176,0.0,0.0,0.85985184,0.06644196,0.14840035,0.0050247824,-0.23632011,0.103,0.04400002,-0.28600004,0.08810775
1076,2,12920,1.2,0.08576218,0.028805021,1.135,-0.020241475,0.103,-0.198,0.0,0.0,0.85974675,0.06644196,0.14840035,0.0050247824,-0.23734528,0.103,0.066000015,-0.26400006,0.014369085
1077,0,12924,1.2,0.08576218,0.028805021,1.135,-0.020241475,0.103,-0.22,0.0,0.0,0.8591373,0.06644196,0.14840035,0.0050247824,-0.24176793,0.103,0.04400002,-0.24200006,0.03308429
1077,1,12928,1.2,0.08576218,0.028805021,1.135,-0.020241475,0.103,-0.242,0.0,0.0,0.8591373,0.06644196,0.14840035,0.0050247824,-0.24176793,0.103,0.022000026,-0.22000006,0.065919325
1077,2,12932,1.2,0.08576218,0.028805021,1.135,-0.020241475,0.103,-0.264,0.0,0.0,0.8591373,0.06644196,0.14840035,0.0050247824,-0.24176793,0.103,2.9162527e-08,-0.19800006,0.09781628
1078,0,12936,1.2,0.08576218,0.028805021,1.135,-0.020241475,0.103,-0.286,0.0,0.0,0.8591373,0.06644196,0.14840035,0.0050247824,-0.2424871,0.103,2.9955138e-09,-0.17600006,0.023788275
1078,1,12940,1.2,0.08576218,0.028805021,1.135,-0.020241475,0.103,-0.308,0.0,0.0,0.8591373,0.06644196,0.14840035,0.0050247824,-0.2424871,0.103,8.604074e-11,-0.15400004,0.030975662
1078,2,12944,1.2,0.08576218,0.028805021,1.135,-0.020241475,0.103,-0.33,0.0,0.0,0.8591373,0.06644196,0.14840035,0.0050247824,-0.2424871,0.103,-2.6088702e-09,-0.13200004,0.062390555
1079,0,12948,1.2,0.08576218,0.028805021,1.135,-0.020241475,0.103,-0.352,0.0,0.0,0.85900587,0.06644196,0.14840035,0.0050247824,-0.2424871,0.103,-2.005618e-09,-0.11000005,0.094428405
1079,1,12952,1.2,0.08576218,0.028805021,1.135,-0.020241475,0.103,-0.374,0.0,0.0,0.85900587,0.06644196,0.14840035,0.0050247824,-0.2424871,0.103,1.2168354e-09,-0.08800005,0.020498302
1079,2,12956,1.2,0.08576218,0.028805021,1.135,-0.020241475,0.103,-0.396,0.0,0.0,0.85900587,0.06644196,0.14840035,-0.00019111767,-0.2424871,0.103,5.171464e-10,-0.06600005,0.031338837
1080,0,12960,1.2,0.08576218,0.028805021,1.135,-0.020241475,0.103,-0.418,0.0,0.0,0.85900587,0.06644196,0.14840035,-0.0015485395,-0.2424871,0.103,2.7718874e-10,-0.04400005,0.06219816
1080,1,12964,1.2,0.08576218,0.028805021,1.135,-0.020241475,0.103,-0.44,0.0,0.0,0.85900587,0.06644196,0.14840035,-0.0019267503,-0.2424871,0.103,1.04300006e-10,-0.022000048,0.09231864
1080,2,12968,1.2,0.08576218,0.028805021,1.135,-0.020241475,0.103,-0.462,0.0,0.0,0.85900587,0.06644196,0.14840035,-0.0019267503,-0.2424871,0.103,-3.254807e-16,-4.880796e-08,0.018467065
1081,0,12972,1.2,0.08576218,0.028805021,1.135,-0.020241475,0.103,-0.484,0.0,0.0,0.85900587,0.06644196,0.14840035,-0.0019267503,-0.2424871,0.103,0.0,0.0,0.029691087
1081,1,12976,1.2,0.08576218,0.028805021,1.135,-0.020241475,0.103,-0.506,0.0,0.0,0.85900587,0.06644196,0.14840035,-0.0019267503,-0.2424871,0.103,0.0,0.0,0.05844179
1081,2,12980,1.2,0.08576218,0.028805021,1.135,-0.020241475,0.103,-0.528,0.0,0.0,0.85900587,0.06644196,0.14840035,-0.0025788245,-0.2424871,0.103,0.0,0.0,0.08654958
1082,0,12984,1.2,0.08576218,0.028805021,1.135,-0.020241475,0.103,-0.55,0.0,0.0,0.85900587,0.06644196,0.14840035,-0.0038024802,-0.2424871,0.103,0.0,0.0,0.0128784655
1082,1,12988,1.2,0.08576218,0.028805021,1.135,-0.020241475,0.103,-0.572,0.0,0.0,0.85900587,0.06644196,0.14840035,-0.0050585903,-0.2424871,0.103,0.0,0.0,0.027442323
1082,2,12992,1.2,0.08576218,0.028805021,1.135,-0.020241475,0.103,-0.594,0.0,0.0,0.85900587,0.06644196,0.14840035,-0.0058961688,-0.2424871,0.103,0.0,0.0,0.05446911
1083,0,12996,1.2,0.08576218,0.028805021,1.135,-0.020241475,0.103,-0.616,0.0,0.0,0.85900587,0.06644196,0.14840035,-0.0061726645,-0.2424871,0.103,0.0,0.0,0.080907606
1083,1,13000,1.2,0.08576218,0.028805021,1.135,-0.020241475,0.103,-0.616,0.0,0.0,0.85900587,0.06644196,0.14840035,-0.0063919434,-0.2424871,0.103,0.0,0.0,0.007393944
1083,2,13004,1.2,0.08576218,0.028805021,1.135,-0.020241475,0.103,-0.616,0.0,0.0,0.85900587,0.06644196,0.14840035,-0.0066182297,-0.2424871,0.103,0.0,0.0,0.026135638
1084,0,13008,1.2,0.08576218,0.028805021,1.135,-0.020241475,0.103,-0.594,-0.022,0.0,0.85900587,0.06644196,0.14840035,-0.0066182297,-0.2424871,0.103,0.0,0.0,0.053974368
1084,1,13012,1.2,0.08576218,0.028805021,1.135,-0.020241475,0.103,-0.572,-0.044,0.0,0.85900587,0.06644196,0.14840035,-0.0066182297,-0.2424871,0.103,0.0,0.0,0.08384475
1084,2,13016,1.2,0.08576218,0.028805021,1.135,-0.020241475,0.103,-0.55,-0.066,0.0,0.85900587,0.06644196,0.14840035,-0.0066182297,-0.2424871,0.103,0.0,0.0,0.010278986
1085,0,13020,1.2,0.08576218,0.028805021,1.135,-0.020241475,0.103,-0.528,-0.088,0.0,0.85900587,0.09503487,0.14840035,-0.006704282,-0.2424871,0.103,0.0,0.0,0.02095391
1085,1,13024,1.2,0.08576218,0.028805021,1.135,-0.020241475,0.103,-0.506,-0.11,0.0,0.85900587,0.09937357,0.14840035,-0.0070044836,-0.2424871,0.103,0.0,0.0,0.03955737
1085,2,13028,1.2,0.08576218,0.028805021,1.135,-0.020241475,0.103,-0.484,-0.132,0.0,0.85900587,0.10062653,0.14840035,-0.0077609364,-0.2424871,0.103,0.0,0.0,0.056656018
1086,0,13032,1.2,0.08576218,0.028805021,1.135,-0.020241475,0.103,-0.462,-0.154,0.0,0.85900587,0.10074843,0.14840035,-0.008006326,-0.2424871,0.103,0.0,0.0,0.073283136
1086,1,13036,1.2,0.08576218,0.028805021,1.135,-0.020241475,0.103,-0.44,-0.176,0.0,0.85900587,0.10074843,0.14840035,-0.008222404,-0.2424871,0.103,0.0,0.0,0.088965766
1086,2,13040,1.2,0.08576218,0.028805021,1.135,-0.020241475,0.103,-0.418,-0.198,0.0,0.85900587,0.10074843,0.14840035,-0.008490808,-0.2424871,0.103,0.0,0.0,0.015331994
1087,0,13044,1.2,0.08576218,0.028805021,1.135,-0.020241475,0.103,-0.396,-0.22,0.0,0.85900587,0.10074843,0.14840035,-0.00890476,-0.2424871,0.103,0.0,0.0,0.0141275935
1087,1,13048,1.2,0.08576218,0.028805021,1.135,-0.020241475,0.103,-0.374,-0.242,0.0,0.85900587,0.10074843,0.14840035,-0.010476916,-0.2424871,0.103,0.0,0.0,0.027974965
1087,2,13052,1.2,0.08576218,0.028805021,1.135,-0.020241475,0.103,-0.352,-0.264,0.0,0.85900587,0.09076983,0.14840035,-0.010748152,-0.2424871,0.103,0.0,0.0,0.041364398
1088,0,13056,1.2,0.08576218,0.028805021,1.135,-0.020241475,0.103,-0.33,-0.286,0.0,0.85900587,0.08871178,0.14840035,-0.011527433,-0.2424871,0.103,-0.003886971,0.0013690775,0.05514276
1088,1,13060,1.2,0.08576218,0.028805021,1.135,-0.020241475,0.103,-0.308,-0.308,0.0,0.85900587,0.08720461,0.14840035,-0.012369742,-0.2424871,0.103,-0.0042634867,0.0016368136,0.0689563
1088,2,13064,1.2,0.08576218,0.028805021,1.135,-0.020241475,0.103,-0.286,-0.33,0.0,0.85900587,0.085777216,0.14840035,-0.013365523,-0.2424871,0.103,-0.004676115,0.0018934668,0.082398586
1089,0,13068,1.2,0.08576218,0.028805021,1.135,-0.020241475,0.103,-0.264,-0.352,0.0,0.85900587,0.08433996,0.14840035,-0.014379426,-0.2424871,0.103,0.016380887,-0.0038440677,0.0089196665
1089,1,13072,1.2,0.08576218,0.028805021,1.135,-0.020241475,0.103,-0.242,-0.374,0.0,0.85900587,0.08278029,0.14840035,-0.015414924,-0.2424871,0.103,0.036113594,-0.008852238,0.013391223
1089,2,13076,1.2,0.08576218,0.028805021,1.135,-0.020241475,0.103,-0.22,-0.396,0.0,0.85900587,0.081350595,0.14840035,-0.0160733,-0.2424871,0.103,0.05388235,-0.014712646,0.027231202
1090,0,13080,1.2,0.08576218,0.028805021,1.135,-0.020241475,0.103,-0.198,-0.418,0.0,0.85900587,0.08008662,0.14840035,-0.01629204,-0.2424871,0.103,0.071688324,-0.016757106,0.041116945
1090,1,13084,1.2,0.08576218,0.028805021,1.135,-0.020241475,0.103,-0.176,-0.44,0.0,0.85900587,0.078517236,0.14840035,-0.016824279,-0.2424871,0.103,0.0903595,-0.016757341,0.05496978
1090,2,13088,1.2,0.08576218,0.028805021,1.135,-0.020241475,0.103,-0.154,-0.462,0.0,0.85900587,0.07667865,0.14840035,-0.017469073,-0.2424871,0.103,0.102346934,-0.030900065,0.06865731
1091,0,13092,1.2,0.08576218,0.028805021,1.135,-0.020241475,0.103,-0.132,-0.484,0.0,0.85900587,0.07452473,0.14840035,-0.018396229,-0.2424871,0.103,0.075379804,-0.023942525,0.08159829
1091,1,13096,1.2,0.08576218,0.028805021,1.135,-0.020241475,0.103,-0.11,-0.506,0.0,0.85900587,0.072655134,0.14840035,-0.01893308,-0.2424871,0.103,0.04866689,-0.015680717,0.008149033
1091,2,13100,1.2,0.08576218,0.028805021,1.135,-0.020241475,0.103,-0.088,-0.528,0.0,0.85900587,0.07082299,0.14840035,-0.019490192,-0.2424871,0.103,0.025517587,-0.0052183634,0.011746282
1092,0,13104,1.2,0.08576218,0.028805021,1.135,-0.020241475,0.103,-0.066,-0.55,0.0,0.85900587,0.068868555,0.14840035,-0.020327536,-0.2424871,0.103,0.0032717749,-0.0008639513,0.023465576
1092,1,13108,1.2,0.08576218,0.028805021,1.135,-0.020241475,0.103,-0.044,-0.572,0.0,0.85900587,0.066794075,0.14840035,-0.02144967,-0.2424871,0.103,-0.018728225,-8.279026e-11,0.034955014
1092,2,13112,1.2,0.08576218,0.028805021,1.135,-0.020241475,0.103,-0.022,-0.594,0.0,0.85900587,0.0649599,0.14840035,-0.022233382,-0.2424871,0.103,-0.040728226,2.844269e-11,0.045983132
1093,0,13116,1.2,0.08576218,0.028805021,1.135,-0.020241475,0.103,0.0,-0.616,0.0,0.85900587,0.0630068,0.14840035,-0.02349689,-0.2424871,0.103,-0.062728226,-2.022919e-11,0.056546997
1093,1,13120,1.2,0.08576218,0.028805021,1.135,-0.020241475,0.103,0.0,-0.616,0.0,0.85900587,0.060947843,0.14840035,-0.025184702,-0.2424871,0.103,-0.084728226,4.1544032e-10,0.06674945
1093,2,13124,1.2,0.08576218,0.028805021,1.135,-0.020241475,0.103,0.0,-0.616,0.0,0.85900587,0.059288114,0.14840035,-0.02630234,-0.2424871,0.103,-0.106728226,5.29073e-11,0.07666264
1094,0,13128,1.2,0.08576218,0.028805021,1.135,-0.020241475,0.103,0.0,-0.594,0.0,0.85900587,0.0577731,0.14840035,-0.02775525,-0.2424871,0.103,-0.12872823,3.7909617e-10,0.0032929673
1094,1,13132,1.2,0.08576218,0.028805021,1.135,-0.020241475,0.103,0.0,-0.572,0.0,0.85900587,0.055881247,0.14840035,-0.03064046,-0.2424871,0.103,-0.15072823,2.2885041e-10,0.010425631
1094,2,13136,1.2,0.08576218,0.028805021,1.135,-0.020241475,0.103,0.0,-0.55,0.0,0.85900587,0.05447577,0.14840035,-0.032335315,-0.2424871,0.103,-0.17272823,8.9126184e-10,0.021506384
1095,0,13140,1.1743333,0.08576218,0.028805021,1.135,-0.020241475,0.103,0.0,-0.528,0.0,0.85900587,0.053314306,0.14840035,-0.034290355,-0.2424871,0.103,-0.19472821,-1.6142773e-09,0.032844335
1095,1,13144,1.1486667,0.08576218,0.028805021,1.135,-0.020241475,0.103,0.0,-0.506,0.0,0.85900587,0.052576467,0.14840035,-0.035939015,-0.2424871,0.103,-0.21672821,-2.2696758e-09,0.04427025
1095,2,13148,1.123,0.08576218,0.028805021,1.135,-0.020241475,0.103,0.0,-0.484,0.0,0.85900587,0.052071888,0.14840035,-0.037918232,-0.2424871,0.103,-0.23872821,1.6158958e-09,0.05583921
1096,0,13152,1.123,0.08576218,0.028805021,1.135,-0.020241475,0.103,0.0,-0.462,0.0,0.85900587,0.05161491,0.14840035,-0.040745243,-0.2424871,0.103,-0.21672821,5.060698e-10,0.067339905
1096,1,13156,1.123,0.08576218,0.028805021,1.135,-0.020241475,0.103,0.0,-0.44,0.0,0.85900587,0.051487293,0.14840035,-0.042384665,-0.2424871,0.103,-0.1947282,-1.0501333e-09,0.0044659073
1096,2,13160,1.123,0.08576218,0.028805021,1.135,-0.020241475,0.103,0.0,-0.418,0.0,0.85900587,0.05278375,0.14840035,-0.044780895,-0.2424871,0.103,-0.1727282,2.0844569e-11,0.0040891278
1097,0,13164,1.123,0.08576218,0.028805021,1.135,-0.020241475,0.103,0.0,-0.396,0.0,0.85900587,0.05386056,0.14840035,-0.048004515,-0.2424871,0.103,-0.19505985,0.018488403,0.0019516874
1097,1,13168,1.123,0.08576218,0.028805021,1.135,-0.020241475,0.103,0.0,-0.374,0.0,0.85900587,0.054504707,0.14840035,-0.050492696,-0.2424871,0.103,-0.21888429,0.017897496,0.0011661657
1097,2,13172,1.123,0.08576218,0.028805021,1.135,-0.020241475,0.103,0.0,-0.352,0.0,0.85900587,0.054917015,0.14840035,-0.053037085,-0.2424871,0.103,-0.2423219,0.012919017,3.2035994e-05
1098,0,13176,1.0973334,0.08576218,0.028805021,1.135,-0.020241475,0.103,0.0,-0.33,0.0,0.85900587,0.055089712,0.14840035,-0.05522329,-0.2424871,0.103,-0.26536015,0.0121862665,0.00043118754
1098,1,13180,1.0716667,0.08576218,0.028805021,1.135,-0.020241475,0.103,0.0,-0.308,0.0,0.85900587,0.05525817,0.14840035,-0.05776293,-0.2424871,0.103,-0.28833148,0.0136125535,0.0
1098,2,13184,1.046,0.08576218,0.028805021,1.135,-0.020241475,0.103,0.0,-0.286,0.0,0.85900587,0.055432677,0.14840035,-0.06014494,-0.2424871,0.103,-0.31089127,0.005928541,0.00037464025
1099,0,13188,1.046,0.08576218,0.028805021,1.135,-0.020241475,0.103,0.0,-0.264,0.0,0.8846725,0.055559725,0.14840035,-0.062131766,-0.2424871,0.103,-0.28889126,-1.7108542e-09,0.0027808063
1099,1,13192,1.046,0.08576218,0.028805021,1.135,-0.020241475,0.103,0.0,-0.242,0.0,0.91033924,0.05592029,0.14840035,-0.062214226,-0.2424871,0.103,-0.26689127,-1.3930923e-09,0.19108583
1099,2,13196,1.046,0.08576218,0.028805021,1.135,-0.020241475,0.103,0.0,-0.22,0.0,0.9360059,0.055996723,0.14840035,-0.062214226,-0.2424871,0.103,-0.24489129,-2.259688e-10,0.11739609
1100,0,13200,1.046,0.08576218,0.028805021,1.135,-0.020241475,0.103,0.0,-0.198,0.0,0.96167254,0.055996723,0.14840035,-0.062214226,-0.2424871,0.103,-0.2228913,1.6707303e-09,0.04394447
1100,1,13204,1.046,0.08576218,0.028805021,1.135,-0.020241475,0.103,0.0,-0.176,0.0,0.9873392,0.055996723,0.14840035,-0.062214226,-0.2424871,0.103,-0.19925705,-0.018013753,0.0062060915
1100,2,13208,1.046,0.08576218,0.028805021,1.135,-0.020241475,0.103,0.0,-0.154,0.0,1.0130059,0.055996723,0.14840035,-0.062214226,-0.2424871,0.103,-0.17149931,-0.031423666,0.016271196
1101,0,13212,1.046,0.08576218,0.028805021,1.135,-0.020241475,0.103,0.0,-0.132,0.0,1.0386726,0.055996723,0.14840035,-0.062214226,-0.2424871,0.103,-0.13961658,-0.04159703,0.0010082687
1101,1,13216,1.046,0.08576218,0.028805021,1.135,-0.020241475,0.103,0.0,-0.11,0.0,1.0643392,0.05006274,0.14840035,-0.062214226,-0.2424871,0.103,-0.11761658,-0.019597033,0.0627311
1101,2,13220,1.046,0.08576218,0.028805021,1.135,-0.020241475,0.103,0.0,-0.088,0.0,1.0900059,0.044033617,0.14840035,-0.062214226,-0.2424871,0.103,-0.09561658,-6.4801986e-10,0.13660246
1102,0,13224,1.046,0.08576218,0.028805021,1.135,-0.020241475,0.103,0.0,-0.066,0.0,1.1156726,0.035352133,0.14840035,-0.062214226,-0.2773922,0.103,-0.07361658,-2.5491118e-10,0.063223206
1102,1,13228,1.046,0.08576218,0.028805021,1.135,-0.020241475,0.103,0.0,-0.044,0.0,1.1413392,0.027593361,0.14840035,-0.062214226,-0.28362694,0.103,-0.05161658,-1.7399873e-10,0.1042637
1102,2,13232,1.046,0.08576218,0.028805021,1.135,-0.020241475,0.103,0.0,-0.022,0.0,1.1670059,0.021673767,0.14840035,-0.062214226,-0.28398785,0.103,-0.02961658,-2.5821875e-12,0.030918973
1103,0,13236,1.046,0.08576218,0.028805021,1.135,-0.020241475,0.103,0.0,2.9837244e-16,0.0,1.1926726,0.016500276,0.14840035,-0.062214226,-0.28398785,0.103,-0.007616579,2.1338301e-11,0.051657222
1103,1,13240,1.046,0.08576218,0.028805021,1.135,-0.020241475,0.103,0.0,0.022,0.0,1.2,0.011983284,0.14840035,-0.062214226,-0.28398785,0.103,0.0,0.0,0.07697319
1103,2,13244,1.046,0.08576218,0.028805021,1.135,-0.020241475,0.103,0.0,0.044,0.0,1.0490474,0.008856109,0.14840035,-0.030635275,-0.28398785,0.103,0.0,0.0,0.0036395362
1104,0,13248,1.046,0.08576218,0.028805021,1.135,-0.020241475,0.103,0.0,0.066,0.0,1.021262,0.0065426542,0.14840035,-0.025910968,-0.28398785,0.103,-0.026201596,0.012964582,-0.00012769499
1104,1,13252,1.046,0.08576218,0.028805021,1.135,-0.020241475,0.103,0.0,0.088,0.0,1.0153869,0.0048449254,0.14840035,-0.02503778,-0.28398785,0.103,-0.04984817,0.032410707,-0.00022675865
1104,2,13256,1.046,0.08576218,0.028805021,1.135,-0.020241475,0.103,0.0,0.11,0.0,1.0138618,0.0035664514,0.14840035,-0.024387266,-0.28398785,0.103,-0.07486565,0.049837954,-0.00028603902
1105,0,13260,1.046,0.08576218,0.028805021,1.135,-0.020241475,0.103,0.0,0.132,0.0,1.0133517,0.003151249,0.14840035,-0.023875682,-0.28398785,0.103,-0.09949732,0.06796287,-0.00041516582
1105,1,13264,1.046,0.08576218,0.028805021,1.135,-0.020241475,0.103,0.0,0.154,0.0,1.0131369,0.003151249,0.14840035,-0.023770532,-0.28398785,0.103,-0.12532309,0.08422329,-0.0005924116
1105,2,13268,1.046,0.08576218,0.028805021,1.135,-0.020241475,0.103,0.0,0.176,0.0,1.0130962,0.003151249,0.14840035,-0.023770532,-0.28398785,0.103,-0.15102257,0.10062134,-0.00076446176
1106,0,13272,1.046,0.08576218,0.028805021,1.135,-0.020241475,0.103,0.0,0.198,0.0,1.0130206,0.003151249,0.14840035,-0.023770532,-0.28398785,0.103,-0.1824597,0.10597686,-0.0006152615
1106,1,13276,1.046,0.08576218,0.028805021,1.135,-0.020241475,0.103,0.0,0.22,0.0,1.0128895,0.003151249,0.14840035,-0.023770532,-0.28398785,0.103,-0.21383992,0.10914801,-0.00063802843
1106,2,13280,1.046,0.08576218,0.028805021,1.135,-0.020241475,0.103,0.0,0.242,0.0,1.0127581,0.003151249,0.14840035,-0.023770532,-0.28399464,0.103,-0.24184129,0.118744686,-0.00069746375
1107,0,13284,1.046,0.08576218,0.028805021,1.135,-0.020241475,0.103,0.0,0.264,0.0,1.0126209,0.003151249,0.14840035,-0.023770532,-0.28404605,0.103,-0.27076653,0.1255516,-0.00074293936
1107,1,13288,1.046,0.08576218,0.028805021,1.135,-0.020241475,0.103,0.0,0.286,0.0,1.0124898,0.003151249,0.14840035,-0.023770532,-0.284094,0.103,-0.29867277,0.13422136,-0.0007546754
1107,2,13292,1.046,0.08576218,0.028805021,1.135,-0.020241475,0.103,0.0,0.308,0.0,1.0123297,0.003151249,0.14840035,-0.023733413,-0.2843085,0.103,-0.32860437,0.13680999,-0.0007373477
1108,0,13296,1.046,0.08576218,0.028805021,1.135,-0.020241475,0.103,0.0,0.33,0.0,1.0121176,0.003151249,0.14840035,-0.023231287,-0.2848106,0.103,-0.36005586,0.13257782,-0.0006669051
1108,1,13300,1.046,0.08576218,0.028805021,1.135,-0.020241475,0.103,0.0,0.352,0.0,1.0119283,0.003151249,0.14840035,-0.022805955,-0.28515938,0.103,-0.3887312,0.13508256,-0.0006673856
1108,2,13304,1.046,0.08576218,0.028805021,1.135,-0.020241475,0.103,0.0,0.374,0.0,1.0117815,0.003151249,0.14840035,-0.022617197,-0.2852395,0.103,-0.4202755,0.12375086,-0.00073825836
1109,0,13308,1.046,0.08576218,0.028805021,1.135,-0.020241475,0.103,0.0,0.396,0.0,1.011658,0.003151249,0.14840035,-0.022564905,-0.2852395,0.103,-0.44956183,0.1169909,-0.00084632967
1109,1,13312,1.046,0.08576218,0.028805021,1.135,-0.020241475,0.103,0.0,0.418,0.0,1.0114753,0.003151249,0.14840035,-0.022246657,-0.2852399,0.103,-0.47915196,0.10201029,-0.0008700434
1109,2,13316,1.046,0.08576218,0.028805021,1.135,-0.020241475,0.103,0.0,0.44,0.0,1.0114146,0.003151249,0.14840035,-0.022246657,-0.2852399,0.103,-0.5054957,0.10175173,-0.0013036354
1110,0,13320,1.046,0.08576218,0.028805021,1.135,-0.020241475,0.103,0.0,0.462,0.0,1.0113198,0.003151249,0.14840035,-0.022246657,-0.2852399,0.103,-0.48400825,0.07648884,-0.0014676272
1110,1,13324,1.046,0.08576218,0.028805021,1.135,-0.020241475,0.103,0.0,0.484,0.0,1.0111848,0.003151249,0.14840035,-0.022246657,-0.2852399,0.103,-0.46200824,0.054488838,-0.0015825691
1110,2,13328,1.046,0.08576218,0.028805021,1.135,-0.020241475,0.103,0.0,0.506,0.0,1.0110664,0.003151249,0.14840035,-0.022246657,-0.2852399,0.103,-0.44000825,0.032488838,-0.0017417582
1111,0,13332,1.046,0.08576218,0.028805021,1.135,-0.020241475,0.103,0.0,0.528,0.0,1.0109346,0.003151249,0.14840035,-0.022246657,-0.2852399,0.103,-0.41800827,0.01048884,-0.0017989823
1111,1,13336,1.046,0.08576218,0.028805021,1.135,-0.020241475,0.103,0.0,0.55,0.0,1.0108005,0.003151249,0.14840035,-0.022246657,-0.2852399,0.103,-0.39600828,7.486674e-10,-0.0018653832
1111,2,13340,1.046,0.08576218,0.028805021,1.135,-0.020241475,0.103,0.0,0.572,0.0,1.0106598,0.003151249,0.14840035,-0.022246657,-0.2852399,0.103,-0.3740083,4.9436316e-11,-0.0019044467
1112,0,13344,1.046,0.08576218,0.028805021,1.135,-0.020241475,0.103,0.0,0.55,0.0,1.0105399,0.003151249,0.14840035,-0.022246657,-0.2852399,0.103,-0.35200828,-3.4907355e-10,-0.0020114165
1112,1,13348,1.046,0.08576218,0.028805021,1.135,-0.020241475,0.103,0.0,0.528,0.0,1.0104167,0.003151249,0.14840035,-0.022246657,-0.2852399,0.103,-0.3300083,-6.744625e-10,-0.001955955
1112,2,13352,1.046,0.08576218,0.028805021,1.135,-0.020241475,0.103,0.0,0.506,0.0,1.0103259,0.003151249,0.14840035,-0.022246657,-0.2852399,0.103,-0.3080083,-8.370824e-10,-0.002040511
1113,0,13356,1.046,0.08576218,0.028805021,1.135,-0.020241475,0.103,0.0,0.484,0.0,1.010214,0.003151249,0.14840035,-0.022246657,-0.2852399,0.103,-0.2860083,-3.1825875e-10,-0.0019767836
1113,1,13360,1.046,0.08576218,0.028805021,1.135,-0.020241475,0.103,0.0,0.462,0.0,1.0100737,0.003151249,0.14840035,-0.022246657,-0.2852399,0.103,-0.2640083,-9.609221e-10,-0.001850527
1113,2,13364,1.046,0.08576218,0.028805021,1.135,-0.020241475,0.103,0.0,0.44,0.0,1.009889,0.003151249,0.14840035,-0.022245718,-0.2852399,0.103,-0.2420083,3.5885553e-10,-0.001633062
1114,0,13368,1.046,0.08576218,0.028805021,1.135,-0.020241475,0.103,0.0,0.418,0.0,1.009716,0.003151249,0.14840035,-0.022133445,-0.2852399,0.103,-0.2200083,2.6425587e-11,-0.0015235904
1114,1,13372,1.046,0.08576218,0.028805021,1.135,-0.020241475,0.103,0.0,0.396,0.0,1.0096344,0.003151249,0.14840035,-0.022133445,-0.2852399,0.103,-0.1980083,-6.124656e-10,-0.0016825042
1114,2,13376,1.046,0.08576218,0.028805021,1.135,-0.020241475,0.103,0.0,0.374,0.0,1.0094968,0.0031327908,0.14840035,-0.022133445,-0.2852399,0.103,-0.1760083,4.659904e-10,-0.0015297591
1115,0,13380,1.046,0.08576218,0.028805021,1.135,-0.020241475,0.103,0.0,0.352,0.0,1.0093607,0.0031084805,0.14840035,-0.022133445,-0.2852399,0.103,-0.15400831,2.0442859e-10,-0.0014731633
1115,1,13384,1.046,0.08576218,0.028805021,1.135,-0.020241475,0.103,0.0,0.33,0.0,1.0092263,0.0030968206,0.14840035,-0.022133445,-0.2852399,0.103,-0.13200831,1.8414618e-10,-0.0014221203
1115,2,13388,1.046,0.08576218,0.028805021,1.135,-0.020241475,0.103,0.0,0.308,0.0,1.0091122,0.0030968206,0.14840035,-0.022133445,-0.2852399,0.103,-0.110008314,-1.6181284e-10,-0.0014247377
1116,0,13392,1.046,0.08576218,0.028805021,1.135,-0.020241475,0.103,0.0,0.286,0.0,1.0088745,0.002771908,0.14840035,-0.021684183,-0.2852399,0.103,-0.08823433,0.021046983,-0.0011012473
1116,1,13396,1.046,0.08576218,0.028805021,1.135,-0.020241475,0.103,0.0,0.264,0.0,1.008748,0.002771908,0.14840035,-0.021684183,-0.2852399,0.103,-0.07182964,0.02265897,-0.0011422449
1116,2,13400,1.046,0.08576218,0.028805021,1.135,-0.020241475,0.103,0.0,0.242,0.0,1.0086539,0.002771908,0.14840035,-0.021684183,-0.2852399,0.103,-0.056929514,0.02070782,-0.0011862109
1117,0,13404,1.046,0.08576218,0.028805021,1.135,-0.020241475,0.103,0.0,0.22,0.0,1.0084641,0.002716396,0.14840035,-0.021447556,-0.2852399,0.103,-0.034929514,-9.247079e-11,-0.0009946896
1117,1,13408,1.046,0.08576218,0.028805021,1.135,-0.020241475,0.103,0.0,0.198,0.0,1.0082945,0.0026563974,0.14840035,-0.02123164,-0.2852399,0.103,-0.012929515,-3.356898e-13,-0.0009585568
1117,2,13412,1.046,0.08576218,0.028805021,1.135,-0.020241475,0.103,0.0,0.176,0.0,1.0081196,0.0025559664,0.14840035,-0.020946354,-0.2852399,0.103,0.008310239,-0.002366358,-0.00090082176
1118,0,13416,1.046,0.08576218,0.028805021,1.135,-0.020241475,0.103,0.0,0.154,0.0,1.0080285,0.0025559664,0.14840035,-0.020946354,-0.2852399,0.103,0.02757332,-0.00809848,-0.001004083
1118,1,13420,1.046,0.08576218,0.028805021,1.135,-0.020241475,0.103,0.0,0.132,0.0,1.0079218,0.0025559664,0.14840035,-0.020946354,-0.2852399,0.103,0.044952873,-0.013401801,-0.0010223237
1118,2,13424,1.046,0.08576218,0.028805021,1.135,-0.020241475,0.103,0.0,0.11,0.0,1.007793,0.0025559664,0.14840035,-0.020946354,-0.2852399,0.103,0.06092907,-0.01782783,-0.0010069021
1119,0,13428,1.046,0.08576218,0.028805021,1.135,-0.020241475,0.103,0.0,0.088,0.0,1.0076475,0.0025559664,0.14840035,-0.02091452,-0.2852399,0.103,0.07551297,-0.022060595,-0.0009769097
1119,1,13432,1.046,0.08576218,0.028805021,1.135,-0.020241475,0.103,0.0,0.066,0.0,1.0075191,0.0025559664,0.14840035,-0.020913072,-0.2852399,0.103,0.0879361,-0.027013162,-0.0009957056
1119,2,13436,1.046,0.08576218,0.028805021,1.135,-0.020241475,0.103,0.0,0.044,0.0,1.0073903,0.0025559664,0.14840035,-0.020881288,-0.2852399,0.103,0.10032814,-0.03177058,-0.0009990069
1120,0,13440,1.046,0.08576218,0.028805021,1.135,-0.020241475,0.103,0.0,0.022,0.0,1.0072447,0.0025559664,0.14840035,-0.020744177,-0.2852399,0.103,0.1124967,-0.036769964,-0.00096829893
1120,1,13444,1.046,0.08576218,0.028805021,1.135,-0.020241475,0.103,0.0,2.5673907e-16,0.0,1.0070928,0.0025559664,0.14840035,-0.020570887,-0.2852399,0.103,0.12351121,-0.043252897,-0.0009440552
1120,2,13448,1.046,0.08576218,0.028805021,1.135,-0.020241475,0.103,0.0,0.0,0.0,1.0069693,0.0025559664,0.14840035,-0.020557001,-0.2852399,0.103,0.13448933,-0.048974093,-0.0009781672
1121,0,13452,1.046,0.08576218,0.028805021,1.135,-0.020241475,0.103,0.0,0.0,0.0,1.0068367,0.0025559664,0.14840035,-0.020490509,-0.2852399,0.103,0.14423126,-0.056039155,-0.0009724827
1121,1,13456,1.046,0.08576218,0.028805021,1.135,-0.020241475,0.103,0.0,0.0,0.0,1.0066943,0.0025559664,0.14840035,-0.020367458,-0.2852399,0.103,0.15073557,-0.06648968,-0.0009568967
1121,2,13460,1.046,0.08576218,0.028805021,1.135,-0.020241475,0.103,0.0,0.0,0.0,1.0065714,0.0025559664,0.14840035,-0.020354526,-0.2852399,0.103,0.15901594,-0.072608866,-0.0009881195
1122,0,13464,1.046,0.08576218,0.028805021,1.135,-0.020241475,0.103,0.0,0.0,0.0,1.006446,0.0025559664,0.14840035,-0.020321183,-0.2852399,0.103,0.16563846,-0.080311224,-0.0009990803
1122,1,13468,1.046,0.08576218,0.028805021,1.135,-0.020241475,0.103,0.0,0.0,0.0,1.0063114,0.0025559664,0.14840035,-0.02023434,-0.2852399,0.103,0.17316055,-0.08588204,-0.0009955398
1122,2,13472,1.046,0.08576218,0.028805021,1.135,-0.020241475,0.103,0.0,0.0,0.0,1.0061815,0.0025559664,0.14840035,-0.02017477,-0.2852399,0.103,0.17654425,-0.0960235,-0.0010031199
1123,0,13476,1.046,0.08576218,0.028805021,1.135,-0.020241475,0.103,0.0,0.0,0.0,1.0060453,0.0025559664,0.14840035,-0.020080116,-0.2852399,0.103,0.1782947,-0.10609656,-0.0009967376
1123,1,13480,1.046,0.08576218,0.028805021,1.135,-0.020241475,0.103,0.0,0.0,0.0,1.0058835,0.0025559664,0.14840035,-0.019835845,-0.2852399,0.103,0.17364876,-0.12027746,-0.0009538378
1123,2,13484,1.046,0.08576218,0.028805021,1.135,-0.020241475,0.103,0.0,0.0,0.0,1.0057323,0.0025559664,0.14840035,-0.01965262,-0.2852399,0.103,0.1610288,-0.1364883,-0.0009511452
1124,0,13488,1.046,0.08576218,0.028805021,1.135,-0.020241475,0.103,0.0,0.0,0.0,1.0056057,0.0025559664,0.14840035,-0.019612487,-0.2852399,0.103,0.14609061,-0.1484559,-0.0009953335
1124,1,13492,1.046,0.08576218,0.028805021,1.135,-0.020241475,0.103,0.0,0.0,0.0,1.0054765,0.0025559664,0.14840035,-0.019559564,-0.2852399,0.103,0.12614006,-0.15758386,-0.0010371265
1124,2,13496,1.046,0.08576218,0.028805021,1.135,-0.020241475,0.103,0.0,0.0,0.0,1.0053432,0.0025559664,0.14840035,-0.019485507,-0.2852399,0.103,0.104321726,-0.16159528,-0.001078335
1125,0,13500,1.046,0.08576218,0.028805021,1.135,-0.020241475,0.103,0.0,0.0,0.0,1.0052128,0.0025559664,0.14840035,-0.019441811,-0.2852399,0.103,0.08932663,-0.15883471,-0.0011279011
1125,1,13504,1.046,0.08576218,0.028805021,1.135,-0.020241475,0.103,0.0,0.0,0.0,1.0050857,0.0025559664,0.14840035,-0.01941751,-0.2852399,0.103,0.080799654,-0.15195984,-0.0011786325
1125,2,13508,1.046,0.08576218,0.028805021,1.135,-0.020241475,0.103,0.0,0.0,0.0,1.0049571,0.0025559664,0.14840035,-0.01938213,-0.2852399,0.103,0.06656878,-0.14504167,-0.0012050385
1126,0,13512,1.046,0.08576218,0.028805021,1.135,-0.020241475,0.103,0.0,0.0,0.0,1.0048296,0.0025559664,0.14840035,-0.019353665,-0.2852399,0.103,0.044568777,-0.123041674,-0.0012311288
1126,1,13516,1.046,0.08576218,0.028805021,1.135,-0.020241475,0.103,0.0,0.0,0.0,1.0046933,0.0025559664,0.14840035,-0.01927912,-0.2852399,0.103,0.022568775,-0.101041675,-0.0012266833
1126,2,13520,1.046,0.08576218,0.028805021,1.135,-0.020241475,0.103,0.0,0.0,0.0,1.0045415,0.0025559664,0.14840035,-0.019113015,-0.2852399,0.103,0.0005687754,-0.079041675,-0.0011922579
1127,0,13524,1.046,0.08576218,0.028805021,1.135,-0.020241475,0.103,0.0,0.0,0.0,1.0044221,0.0025559664,0.14840035,-0.019113015,-0.2852399,0.103,-0.021431224,-0.05704168,-0.0012499399
1127,1,13528,1.046,0.08576218,0.028805021,1.135,-0.020241475,0.103,0.0,0.0,0.0,1.0042797,0.0025559664,0.14840035,-0.019007673,-0.2852399,0.103,-0.043431226,-0.03504168,-0.00122198
1127,2,13532,1.046,0.08576218,0.028805021,1.135,-0.020241475,0.103,0.0,0.0,0.0,1.0041184,0.0025559664,0.14840035,-0.018794572,-0.2852399,0.103,-0.06543122,-0.013041679,-0.0011738471
1128,0,13536,1.046,0.08576218,0.028805021,1.135,-0.020241475,0.103,0.0,0.0,0.0,1.0039885,0.0025559664,0.14840035,-0.018760916,-0.2852399,0.103,-0.043431222,0.008958321,-0.001220141
1128,1,13540,1.046,0.08576218,0.028805021,1.135,-0.020241475,0.103,0.0,0.0,0.0,1.0038782,0.0025559664,0.14840035,-0.018760916,-0.2852399,0.103,-0.021431224,0.030958321,-0.001271494
1128,2,13544,1.046,0.08576218,0.028805021,1.135,-0.020241475,0.103,0.0,0.0,0.0,1.0037624,0.0025559664,0.14840035,-0.018760916,-0.2852399,0.103,-0.021656668,0.037797567,-0.0012608606
1129,0,13548,1.046,0.08576218,0.028805021,1.135,-0.020241475,0.103,0.0,0.0,0.0,1.0036378,0.0025559664,0.14840035,-0.018760916,-0.2852399,0.103,-0.04365667,0.015797565,-0.0012395668
1129,1,13552,1.046,0.08576218,0.028805021,1.135,-0.020241475,0.103,0.0,0.0,0.0,1.0035175,0.0025559664,0.14840035,-0.018760916,-0.2852399,0.103,-0.06565666,-0.0062024347,-0.001256404
1129,2,13556,1.046,0.08576218,0.028805021,1.135,-0.020241475,0.103,0.0,0.0,0.0,1.0033882,0.0025559664,0.14840035,-0.018760916,-0.2852399,0.103,-0.08765666,-0.028202435,-0.0012762902
1130,0,13560,1.046,0.08576218,0.028805021,1.135,-0.020241475,0.103,0.0,0.0,0.0,1.0032903,0.0025559664,0.14840035,-0.018760916,-0.2852399,0.103,-0.10965666,-0.050202433,-0.0014057073
1130,1,13564,1.046,0.08576218,0.028805021,1.135,-0.020241475,0.103,0.0,0.0,0.0,1.0031697,0.0025559664,0.14840035,-0.018760916,-0.2852399,0.103,-0.13165666,-0.07220244,-0.0014429133
1130,2,13568,1.046,0.08576218,0.028805021,1.135,-0.020241475,0.103,0.0,0.0,0.0,1.003072,0.0025559664,0.14840035,-0.018760916,-0.2852399,0.103,-0.15365668,-0.09420244,-0.0016031681
1131,0,13572,1.046,0.08576218,0.028805021,1.135,-0.020241475,0.103,0.0,0.0,0.0,1.0029434,0.0025559664,0.14840035,-0.018760916,-0.2852399,0.103,-0.17565668,-0.072202444,-0.0016492748
1131,1,13576,1.046,0.08576218,0.028805021,1.135,-0.020241475,0.103,0.0,0.0,0.0,1.0028356,0.0025559664,0.14840035,-0.018760916,-0.2852399,0.103,-0.19765668,-0.050202444,-0.0017572553
1131,2,13580,1.046,0.08576218,0.028805021,1.135,-0.020241475,0.103,0.0,0.0,0.0,1.0027018,0.0025559664,0.14840035,-0.018760916,-0.2852399,0.103,-0.21965668,-0.028202444,-0.0017473691
1132,0,13584,1.046,0.08576218,0.028805021,1.135,-0.020241475,0.103,0.0,0.0,0.0,1.0025907,0.0025559664,0.14840035,-0.018760916,-0.2852399,0.103,-0.24165668,-0.006202444,-0.0018232045
1132,1,13588,1.046,0.08576218,0.028805021,1.135,-0.020241475,0.103,0.0,0.0,0.0,1.002472,0.0025559664,0.14840035,-0.018760916,-0.2852399,0.103,-0.26365668,-1.133215e-09,-0.0018344434
1132,2,13592,1.046,0.08576218,0.028805021,1.135,-0.020241475,0.103,0.0,0.0,0.0,1.0023557,0.0025559664,0.14840035,-0.018760916,-0.2852399,0.103,-0.28565666,-2.134125e-10,-0.0018679167
1133,0,13596,1.046,0.08576218,0.028805021,1.135,-0.020241475,0.103,0.0,0.0,0.0,1.0022473,0.0025559664,0.14840035,-0.018760916,-0.2852399,0.103,-0.30765668,-1.0491745e-09,-0.0019287041
1133,1,13600,1.046,0.08576218,0.028805021,1.135,-0.020241475,0.103,0.0,0.0,0.0,1.0021715,0.0025559664,0.14840035,-0.018760916,-0.2852399,0.103,-0.32965666,1.7313834e-10,-0.002120152
1133,2,13604,1.046,0.08576218,0.028805021,1.135,-0.020241475,0.103,0.0,0.0,0.0,1.0020692,0.0025559664,0.14840035,-0.018760916,-0.2852399,0.103,-0.35165665,-5.9499783e-10,-0.002151962
1134,0,13608,1.046,0.08576218,0.028805021,1.135,-0.020241475,0.103,0.0,0.0,0.0,1.0019376,0.0025559664,0.14840035,-0.018760916,-0.2852399,0.103,-0.32965666,-2.5889496e-10,-0.0021218474
1134,1,13612,1.046,0.08576218,0.028805021,1.135,-0.020241475,0.103,0.0,0.0,0.0,1.0015329,0.0025559664,0.14840035,-0.017694449,-0.28531423,0.103,-0.30765665,-2.1194801e-10,-0.001308748
1134,2,13616,1.046,0.08576218,0.028805021,1.135,-0.020241475,0.103,0.0,0.0,0.0,1.0012983,0.0025559664,0.14840035,-0.01718098,-0.28541407,0.103,-0.28565663,-8.6692514e-10,-0.0012760658
1135,0,13620,1.046,0.08576218,0.028805021,1.135,-0.020241475,0.103,0.0,0.0,0.0,1.0012983,0.0025559664,0.14840035,-0.01718098,-0.28541407,0.103,-0.26365662,5.167441e-10,-0.0021113257
1135,1,13624,1.046,0.08576218,0.028805021,1.135,-0.020241475,0.103,0.0,0.0,0.0,1.0012488,0.0025559664,0.14840035,-0.01718098,-0.28541407,0.103,-0.24165663,2.2928902e-10,-0.0019264534
1135,2,13628,1.046,0.08576218,0.028805021,1.135,-0.020241475,0.103,0.0,0.0,0.0,1.0011623,0.0025559664,0.14840035,-0.01718098,-0.28541407,0.103,-0.21965663,2.289209e-10,-0.0018968467
1136,0,13632,1.046,0.08576218,0.028805021,1.135,-0.020241475,0.103,0.0,0.0,0.0,1.0010328,0.0025559664,0.14840035,-0.01718098,-0.28541407,0.103,-0.19765663,1.7540976e-10,-0.0017730885
1136,1,13636,1.046,0.08576218,0.028805021,1.135,-0.020241475,0.103,0.0,0.0,0.0,1.0006828,0.0025559664,0.14840035,-0.016517837,-0.28557807,0.103,-0.17565663,-4.513182e-11,-0.0011427717
1136,2,13640,1.046,0.08576218,0.028805021,1.135,-0.020241475,0.103,0.0,0.0,0.0,1.0004854,0.0025559664,0.14840035,-0.016278505,-0.285598,0.103,-0.15365663,-5.440436e-10,-0.0011346316
1137,0,13644,1.046,0.08576218,0.028805021,1.135,-0.020241475,0.103,0.0,0.0,0.0,1.0003518,0.0025559664,0.14840035,-0.016278505,-0.285598,0.103,-0.13165663,-6.1209043e-10,-0.001174991
1137,1,13648,1.046,0.08576218,0.028805021,1.135,-0.020241475,0.103,0.0,0.0,0.0,1.0002209,0.0025559664,0.14840035,-0.016269332,-0.285598,0.103,-0.10965663,1.7403687e-10,-0.0011630823
1137,2,13652,1.046,0.08576218,0.028805021,1.135,-0.020241475,0.103,0.0,0.0,0.0,1.0000824,0.0025559664,0.14840035,-0.01620897,-0.285598,0.103,-0.08765663,-4.206803e-10,-0.0011276933
1138,0,13656,1.046,0.08576218,0.028805021,1.135,-0.020241475,0.103,0.0,0.0,0.0,0.99998057,0.0025559664,0.14840035,-0.01620897,-0.285598,0.103,-0.06565663,-1.913903e-10,-0.0011863034
1138,1,13660,1.046,0.08576218,0.028805021,1.135,-0.020241475,0.103,0.0,0.0,0.0,0.9998642,0.0025559664,0.14840035,-0.01620897,-0.285598,0.103,-0.043656632,-1.2042452e-10,-0.0011288949
1138,2,13664,1.046,0.08576218,0.028805021,1.135,-0.020241475,0.103,0.0,0.0,0.0,0.99972486,0.0025559664,0.14840035,-0.01620897,-0.285598,0.103,-0.021656632,-3.6079223e-11,-0.0010340004
1139,0,13668,1.046,0.08576218,0.028805021,1.135,-0.020241475,0.103,0.0,0.0,0.0,0.9996032,0.0025559664,0.14840035,-0.01620897,-0.285598,0.103,0.0,0.0,-0.0010090686
1139,1,13672,1.046,0.08576218,0.028805021,1.135,-0.020241475,0.103,0.0,0.0,0.0,0.999547,0.0025559664,0.14840035,-0.01620897,-0.285598,0.103,0.0,0.0,-0.0011164572
1139,2,13676,1.046,0.08576218,0.028805021,1.135,-0.020241475,0.103,0.0,0.0,0.0,0.9994856,0.0025559664,0.14840035,-0.01620897,-0.285598,0.103,0.0,0.0,-0.0011433638
1140,0,13680,1.046,0.08576218,0.028805021,1.135,-0.020241475,0.103,0.0,0.0,0.0,0.99941385,0.0025559664,0.14840035,-0.01620897,-0.285598,0.103,0.0,0.0,-0.0011529741
1140,1,13684,1.046,0.08576218,0.028805021,1.135,-0.020241475,0.103,0.0,0.0,0.0,0.9993182,0.0025559664,0.14840035,-0.01620897,-0.285598,0.103,0.0,0.0,-0.0011244107
1140,2,13688,1.046,0.08576218,0.028805021,1.135,-0.020241475,0.103,0.0,0.0,0.0,0.9992073,0.0025559664,0.14840035,-0.01620897,-0.285598,0.103,0.0,0.0,-0.0011006271
1141,0,13692,1.046,0.08576218,0.028805021,1.135,-0.020241475,0.103,0.0,0.0,0.0,0.9990907,0.0025559664,0.14840035,-0.01620897,-0.285598,0.103,0.0,0.0,-0.0010846291
1141,1,13696,1.046,0.08576218,0.028805021,1.135,-0.020241475,0.103,0.0,0.0,0.0,0.998969,0.0025559664,0.14840035,-0.01620897,-0.285598,0.103,0.0,0.0,-0.0010654641
1141,2,13700,1.046,0.08576218,0.028805021,1.135,-0.020241475,0.103,0.0,0.0,0.0,0.99884546,0.0025559664,0.14840035,-0.01620897,-0.285598,0.103,0.0,0.0,-0.0010452468
